{
    "game_id": "20250906_105427",
    "winner_id": 1,
    "winner_name": "Negamax AI",
    "player_setup": {
        "p1_name": "Negamax AI",
        "p2_name": "Gomocup AI"
    },
    "final_colors": {
        "1": 1,
        "2": 2
    },
    "rules": {
        "banned_moves_enabled": false,
        "swap2_enabled": false
    },
    "move_history": [
        {
            "turn": 1,
            "player_id": 1,
            "move": [
                7,
                7
            ],
            "color": 1,
            "thinking_time": 0.0166,
            "search_depth": 0
        },
        {
            "turn": 2,
            "player_id": 2,
            "move": [
                11,
                6
            ],
            "color": 2,
            "thinking_time": 0.0155
        },
        {
            "turn": 3,
            "player_id": 1,
            "move": [
                8,
                6
            ],
            "color": 1,
            "thinking_time": 29.3163,
            "search_depth": 4
        },
        {
            "turn": 4,
            "player_id": 2,
            "move": [
                12,
                7
            ],
            "color": 2,
            "thinking_time": 0.0157
        },
        {
            "turn": 5,
            "player_id": 1,
            "move": [
                13,
                8
            ],
            "color": 1,
            "thinking_time": 29.3201,
            "search_depth": 3
        },
        {
            "turn": 6,
            "player_id": 2,
            "move": [
                12,
                6
            ],
            "color": 2,
            "thinking_time": 0.0157
        },
        {
            "turn": 7,
            "player_id": 1,
            "move": [
                13,
                6
            ],
            "color": 1,
            "thinking_time": 29.3219,
            "search_depth": 4
        },
        {
            "turn": 8,
            "player_id": 2,
            "move": [
                12,
                10
            ],
            "color": 2,
            "thinking_time": 0.0157
        },
        {
            "turn": 9,
            "player_id": 1,
            "move": [
                12,
                8
            ],
            "color": 1,
            "thinking_time": 0.024,
            "search_depth": 0
        },
        {
            "turn": 10,
            "player_id": 2,
            "move": [
                12,
                5
            ],
            "color": 2,
            "thinking_time": 0.0158
        },
        {
            "turn": 11,
            "player_id": 1,
            "move": [
                13,
                4
            ],
            "color": 1,
            "thinking_time": 29.3227,
            "search_depth": 3
        },
        {
            "turn": 12,
            "player_id": 2,
            "move": [
                12,
                11
            ],
            "color": 2,
            "thinking_time": 0.0157
        },
        {
            "turn": 13,
            "player_id": 1,
            "move": [
                13,
                5
            ],
            "color": 1,
            "thinking_time": 0.0393,
            "search_depth": 0
        },
        {
            "turn": 14,
            "player_id": 2,
            "move": [
                13,
                3
            ],
            "color": 2,
            "thinking_time": 0.0154
        },
        {
            "turn": 15,
            "player_id": 1,
            "move": [
                13,
                7
            ],
            "color": 1,
            "thinking_time": 0.0155,
            "search_depth": 0
        }
    ]
}