{
    "game_id": "20250906_112015",
    "winner_id": 1,
    "winner_name": "Negamax AI",
    "player_setup": {
        "p1_name": "Negamax AI",
        "p2_name": "Gomocup AI"
    },
    "final_colors": {
        "1": 1,
        "2": 2
    },
    "rules": {
        "banned_moves_enabled": false,
        "swap2_enabled": false
    },
    "move_history": [
        {
            "turn": 1,
            "player_id": 1,
            "move": [
                7,
                7
            ],
            "color": 1,
            "thinking_time": 0.0172,
            "search_depth": 0
        },
        {
            "turn": 2,
            "player_id": 2,
            "move": [
                13,
                12
            ],
            "color": 2,
            "thinking_time": 0.0144
        },
        {
            "turn": 3,
            "player_id": 1,
            "move": [
                13,
                11
            ],
            "color": 1,
            "thinking_time": 29.3223,
            "search_depth": 4
        },
        {
            "turn": 4,
            "player_id": 2,
            "move": [
                11,
                10
            ],
            "color": 2,
            "thinking_time": 0.0154
        },
        {
            "turn": 5,
            "player_id": 1,
            "move": [
                12,
                11
            ],
            "color": 1,
            "thinking_time": 29.3154,
            "search_depth": 3
        },
        {
            "turn": 6,
            "player_id": 2,
            "move": [
                1,
                7
            ],
            "color": 2,
            "thinking_time": 0.0154
        },
        {
            "turn": 7,
            "player_id": 1,
            "move": [
                11,
                12
            ],
            "color": 1,
            "thinking_time": 29.3236,
            "search_depth": 4
        },
        {
            "turn": 8,
            "player_id": 2,
            "move": [
                1,
                8
            ],
            "color": 2,
            "thinking_time": 0.0163
        },
        {
            "turn": 9,
            "player_id": 1,
            "move": [
                1,
                9
            ],
            "color": 1,
            "thinking_time": 29.3144,
            "search_depth": 3
        },
        {
            "turn": 10,
            "player_id": 2,
            "move": [
                0,
                7
            ],
            "color": 2,
            "thinking_time": 0.0144
        },
        {
            "turn": 11,
            "player_id": 1,
            "move": [
                12,
                9
            ],
            "color": 1,
            "thinking_time": 29.3163,
            "search_depth": 3
        },
        {
            "turn": 12,
            "player_id": 2,
            "move": [
                0,
                8
            ],
            "color": 2,
            "thinking_time": 0.0157
        },
        {
            "turn": 13,
            "player_id": 1,
            "move": [
                0,
                9
            ],
            "color": 1,
            "thinking_time": 29.3195,
            "search_depth": 4
        },
        {
            "turn": 14,
            "player_id": 2,
            "move": [
                0,
                4
            ],
            "color": 2,
            "thinking_time": 0.015
        },
        {
            "turn": 15,
            "player_id": 1,
            "move": [
                0,
                6
            ],
            "color": 1,
            "thinking_time": 29.3148,
            "search_depth": 4
        },
        {
            "turn": 16,
            "player_id": 2,
            "move": [
                1,
                1
            ],
            "color": 2,
            "thinking_time": 0.0158
        },
        {
            "turn": 17,
            "player_id": 1,
            "move": [
                11,
                9
            ],
            "color": 1,
            "thinking_time": 29.316,
            "search_depth": 4
        },
        {
            "turn": 18,
            "player_id": 2,
            "move": [
                0,
                0
            ],
            "color": 2,
            "thinking_time": 0.015
        },
        {
            "turn": 19,
            "player_id": 1,
            "move": [
                12,
                10
            ],
            "color": 1,
            "thinking_time": 0.038,
            "search_depth": 0
        },
        {
            "turn": 20,
            "player_id": 2,
            "move": [
                1,
                0
            ],
            "color": 2,
            "thinking_time": 0.0157
        },
        {
            "turn": 21,
            "player_id": 1,
            "move": [
                12,
                8
            ],
            "color": 1,
            "thinking_time": 0.0436,
            "search_depth": 0
        },
        {
            "turn": 22,
            "player_id": 2,
            "move": [
                12,
                2
            ],
            "color": 2,
            "thinking_time": 0.0151
        },
        {
            "turn": 23,
            "player_id": 1,
            "move": [
                12,
                12
            ],
            "color": 1,
            "thinking_time": 0.0165,
            "search_depth": 0
        }
    ]
}