{
    "game_id": "20250906_091733",
    "winner_id": 1,
    "winner_name": "Negamax AI",
    "player_setup": {
        "p1_name": "Negamax AI",
        "p2_name": "Gomocup AI"
    },
    "final_colors": {
        "1": 1,
        "2": 2
    },
    "rules": {
        "banned_moves_enabled": false,
        "swap2_enabled": false
    },
    "move_history": [
        {
            "turn": 1,
            "player_id": 1,
            "move": [
                7,
                7
            ],
            "color": 1,
            "thinking_time": 0.017,
            "search_depth": 0
        },
        {
            "turn": 2,
            "player_id": 2,
            "move": [
                11,
                1
            ],
            "color": 2,
            "thinking_time": 0.014
        },
        {
            "turn": 3,
            "player_id": 1,
            "move": [
                12,
                1
            ],
            "color": 1,
            "thinking_time": 29.3156,
            "search_depth": 4
        },
        {
            "turn": 4,
            "player_id": 2,
            "move": [
                11,
                0
            ],
            "color": 2,
            "thinking_time": 0.0155
        },
        {
            "turn": 5,
            "player_id": 1,
            "move": [
                5,
                7
            ],
            "color": 1,
            "thinking_time": 29.3177,
            "search_depth": 4
        },
        {
            "turn": 6,
            "player_id": 2,
            "move": [
                12,
                0
            ],
            "color": 2,
            "thinking_time": 0.0151
        },
        {
            "turn": 7,
            "player_id": 1,
            "move": [
                10,
                0
            ],
            "color": 1,
            "thinking_time": 29.3168,
            "search_depth": 5
        },
        {
            "turn": 8,
            "player_id": 2,
            "move": [
                10,
                2
            ],
            "color": 2,
            "thinking_time": 0.0154
        },
        {
            "turn": 9,
            "player_id": 1,
            "move": [
                14,
                0
            ],
            "color": 1,
            "thinking_time": 29.3198,
            "search_depth": 4
        },
        {
            "turn": 10,
            "player_id": 2,
            "move": [
                9,
                3
            ],
            "color": 2,
            "thinking_time": 0.015
        },
        {
            "turn": 11,
            "player_id": 1,
            "move": [
                8,
                4
            ],
            "color": 1,
            "thinking_time": 0.0156,
            "search_depth": 0
        },
        {
            "turn": 12,
            "player_id": 2,
            "move": [
                8,
                2
            ],
            "color": 2,
            "thinking_time": 0.0154
        },
        {
            "turn": 13,
            "player_id": 1,
            "move": [
                8,
                6
            ],
            "color": 1,
            "thinking_time": 29.3216,
            "search_depth": 3
        },
        {
            "turn": 14,
            "player_id": 2,
            "move": [
                12,
                6
            ],
            "color": 2,
            "thinking_time": 0.0162
        },
        {
            "turn": 15,
            "player_id": 1,
            "move": [
                10,
                4
            ],
            "color": 1,
            "thinking_time": 0.0274,
            "search_depth": 0
        },
        {
            "turn": 16,
            "player_id": 2,
            "move": [
                7,
                1
            ],
            "color": 2,
            "thinking_time": 0.0158
        },
        {
            "turn": 17,
            "player_id": 1,
            "move": [
                9,
                5
            ],
            "color": 1,
            "thinking_time": 0.0421,
            "search_depth": 0
        },
        {
            "turn": 18,
            "player_id": 2,
            "move": [
                6,
                0
            ],
            "color": 2,
            "thinking_time": 0.0153
        },
        {
            "turn": 19,
            "player_id": 1,
            "move": [
                6,
                8
            ],
            "color": 1,
            "thinking_time": 0.0153,
            "search_depth": 0
        }
    ]
}