{
    "game_id": "20250906_095048",
    "winner_id": 1,
    "winner_name": "Negamax AI",
    "player_setup": {
        "p1_name": "Negamax AI",
        "p2_name": "Gomocup AI"
    },
    "final_colors": {
        "1": 1,
        "2": 2
    },
    "rules": {
        "banned_moves_enabled": false,
        "swap2_enabled": false
    },
    "move_history": [
        {
            "turn": 1,
            "player_id": 1,
            "move": [
                7,
                7
            ],
            "color": 1,
            "thinking_time": 0.0196,
            "search_depth": 0
        },
        {
            "turn": 2,
            "player_id": 2,
            "move": [
                11,
                13
            ],
            "color": 2,
            "thinking_time": 0.0151
        },
        {
            "turn": 3,
            "player_id": 1,
            "move": [
                8,
                9
            ],
            "color": 1,
            "thinking_time": 29.3226,
            "search_depth": 4
        },
        {
            "turn": 4,
            "player_id": 2,
            "move": [
                10,
                13
            ],
            "color": 2,
            "thinking_time": 0.0148
        },
        {
            "turn": 5,
            "player_id": 1,
            "move": [
                6,
                7
            ],
            "color": 1,
            "thinking_time": 29.322,
            "search_depth": 4
        },
        {
            "turn": 6,
            "player_id": 2,
            "move": [
                10,
                14
            ],
            "color": 2,
            "thinking_time": 0.0148
        },
        {
            "turn": 7,
            "player_id": 1,
            "move": [
                8,
                7
            ],
            "color": 1,
            "thinking_time": 29.3139,
            "search_depth": 4
        },
        {
            "turn": 8,
            "player_id": 2,
            "move": [
                11,
                14
            ],
            "color": 2,
            "thinking_time": 0.0157
        },
        {
            "turn": 9,
            "player_id": 1,
            "move": [
                9,
                7
            ],
            "color": 1,
            "thinking_time": 0.0685,
            "search_depth": 0
        },
        {
            "turn": 10,
            "player_id": 2,
            "move": [
                8,
                14
            ],
            "color": 2,
            "thinking_time": 0.0155
        },
        {
            "turn": 11,
            "player_id": 1,
            "move": [
                5,
                7
            ],
            "color": 1,
            "thinking_time": 0.0141,
            "search_depth": 0
        }
    ]
}