{
    "game_id": "20250906_113603",
    "winner_id": 1,
    "winner_name": "Negamax AI",
    "player_setup": {
        "p1_name": "Negamax AI",
        "p2_name": "Gomocup AI"
    },
    "final_colors": {
        "1": 1,
        "2": 2
    },
    "rules": {
        "banned_moves_enabled": false,
        "swap2_enabled": false
    },
    "move_history": [
        {
            "turn": 1,
            "player_id": 1,
            "move": [
                7,
                7
            ],
            "color": 1,
            "thinking_time": 0.017,
            "search_depth": 0
        },
        {
            "turn": 2,
            "player_id": 2,
            "move": [
                2,
                8
            ],
            "color": 2,
            "thinking_time": 0.0141
        },
        {
            "turn": 3,
            "player_id": 1,
            "move": [
                6,
                8
            ],
            "color": 1,
            "thinking_time": 29.3197,
            "search_depth": 4
        },
        {
            "turn": 4,
            "player_id": 2,
            "move": [
                2,
                7
            ],
            "color": 2,
            "thinking_time": 0.015
        },
        {
            "turn": 5,
            "player_id": 1,
            "move": [
                2,
                9
            ],
            "color": 1,
            "thinking_time": 29.3159,
            "search_depth": 3
        },
        {
            "turn": 6,
            "player_id": 2,
            "move": [
                2,
                13
            ],
            "color": 2,
            "thinking_time": 0.0156
        },
        {
            "turn": 7,
            "player_id": 1,
            "move": [
                3,
                9
            ],
            "color": 1,
            "thinking_time": 29.3188,
            "search_depth": 3
        },
        {
            "turn": 8,
            "player_id": 2,
            "move": [
                1,
                13
            ],
            "color": 2,
            "thinking_time": 0.0155
        },
        {
            "turn": 9,
            "player_id": 1,
            "move": [
                5,
                9
            ],
            "color": 1,
            "thinking_time": 0.0386,
            "search_depth": 0
        },
        {
            "turn": 10,
            "player_id": 2,
            "move": [
                0,
                13
            ],
            "color": 2,
            "thinking_time": 0.0154
        },
        {
            "turn": 11,
            "player_id": 1,
            "move": [
                4,
                9
            ],
            "color": 1,
            "thinking_time": 0.0417,
            "search_depth": 0
        },
        {
            "turn": 12,
            "player_id": 2,
            "move": [
                12,
                3
            ],
            "color": 2,
            "thinking_time": 0.0145
        },
        {
            "turn": 13,
            "player_id": 1,
            "move": [
                1,
                9
            ],
            "color": 1,
            "thinking_time": 0.015,
            "search_depth": 0
        }
    ]
}