{
    "game_id": "20250906_105725",
    "winner_id": 1,
    "winner_name": "Negamax AI",
    "player_setup": {
        "p1_name": "Negamax AI",
        "p2_name": "Gomocup AI"
    },
    "final_colors": {
        "1": 1,
        "2": 2
    },
    "rules": {
        "banned_moves_enabled": false,
        "swap2_enabled": false
    },
    "move_history": [
        {
            "turn": 1,
            "player_id": 1,
            "move": [
                7,
                7
            ],
            "color": 1,
            "thinking_time": 0.017,
            "search_depth": 0
        },
        {
            "turn": 2,
            "player_id": 2,
            "move": [
                12,
                12
            ],
            "color": 2,
            "thinking_time": 0.0143
        },
        {
            "turn": 3,
            "player_id": 1,
            "move": [
                12,
                10
            ],
            "color": 1,
            "thinking_time": 29.3225,
            "search_depth": 4
        },
        {
            "turn": 4,
            "player_id": 2,
            "move": [
                12,
                13
            ],
            "color": 2,
            "thinking_time": 0.0155
        },
        {
            "turn": 5,
            "player_id": 1,
            "move": [
                10,
                10
            ],
            "color": 1,
            "thinking_time": 29.3189,
            "search_depth": 3
        },
        {
            "turn": 6,
            "player_id": 2,
            "move": [
                12,
                14
            ],
            "color": 2,
            "thinking_time": 0.015
        },
        {
            "turn": 7,
            "player_id": 1,
            "move": [
                11,
                11
            ],
            "color": 1,
            "thinking_time": 29.3211,
            "search_depth": 4
        },
        {
            "turn": 8,
            "player_id": 2,
            "move": [
                11,
                14
            ],
            "color": 2,
            "thinking_time": 0.015
        },
        {
            "turn": 9,
            "player_id": 1,
            "move": [
                9,
                14
            ],
            "color": 1,
            "thinking_time": 29.3156,
            "search_depth": 4
        },
        {
            "turn": 10,
            "player_id": 2,
            "move": [
                10,
                14
            ],
            "color": 2,
            "thinking_time": 0.0157
        },
        {
            "turn": 11,
            "player_id": 1,
            "move": [
                11,
                12
            ],
            "color": 1,
            "thinking_time": 29.3143,
            "search_depth": 5
        },
        {
            "turn": 12,
            "player_id": 2,
            "move": [
                9,
                10
            ],
            "color": 2,
            "thinking_time": 0.0156
        },
        {
            "turn": 13,
            "player_id": 1,
            "move": [
                8,
                14
            ],
            "color": 1,
            "thinking_time": 29.3161,
            "search_depth": 5
        },
        {
            "turn": 14,
            "player_id": 2,
            "move": [
                7,
                13
            ],
            "color": 2,
            "thinking_time": 0.014
        },
        {
            "turn": 15,
            "player_id": 1,
            "move": [
                10,
                12
            ],
            "color": 1,
            "thinking_time": 0.0312,
            "search_depth": 0
        },
        {
            "turn": 16,
            "player_id": 2,
            "move": [
                4,
                4
            ],
            "color": 2,
            "thinking_time": 0.0151
        },
        {
            "turn": 17,
            "player_id": 1,
            "move": [
                9,
                13
            ],
            "color": 1,
            "thinking_time": 0.0161,
            "search_depth": 0
        }
    ]
}