{
    "game_id": "20250906_095317",
    "winner_id": 1,
    "winner_name": "Negamax AI",
    "player_setup": {
        "p1_name": "Negamax AI",
        "p2_name": "Gomocup AI"
    },
    "final_colors": {
        "1": 1,
        "2": 2
    },
    "rules": {
        "banned_moves_enabled": false,
        "swap2_enabled": false
    },
    "move_history": [
        {
            "turn": 1,
            "player_id": 1,
            "move": [
                7,
                7
            ],
            "color": 1,
            "thinking_time": 0.018,
            "search_depth": 0
        },
        {
            "turn": 2,
            "player_id": 2,
            "move": [
                7,
                14
            ],
            "color": 2,
            "thinking_time": 0.005
        },
        {
            "turn": 3,
            "player_id": 1,
            "move": [
                9,
                14
            ],
            "color": 1,
            "thinking_time": 29.3055,
            "search_depth": 4
        },
        {
            "turn": 4,
            "player_id": 2,
            "move": [
                6,
                14
            ],
            "color": 2,
            "thinking_time": 0.0156
        },
        {
            "turn": 5,
            "player_id": 1,
            "move": [
                5,
                14
            ],
            "color": 1,
            "thinking_time": 29.3172,
            "search_depth": 4
        },
        {
            "turn": 6,
            "player_id": 2,
            "move": [
                7,
                13
            ],
            "color": 2,
            "thinking_time": 0.0151
        },
        {
            "turn": 7,
            "player_id": 1,
            "move": [
                6,
                12
            ],
            "color": 1,
            "thinking_time": 29.3165,
            "search_depth": 4
        },
        {
            "turn": 8,
            "player_id": 2,
            "move": [
                7,
                11
            ],
            "color": 2,
            "thinking_time": 0.0158
        },
        {
            "turn": 9,
            "player_id": 1,
            "move": [
                6,
                11
            ],
            "color": 1,
            "thinking_time": 29.3148,
            "search_depth": 4
        },
        {
            "turn": 10,
            "player_id": 2,
            "move": [
                8,
                11
            ],
            "color": 2,
            "thinking_time": 0.0157
        },
        {
            "turn": 11,
            "player_id": 1,
            "move": [
                6,
                9
            ],
            "color": 1,
            "thinking_time": 29.3161,
            "search_depth": 4
        },
        {
            "turn": 12,
            "player_id": 2,
            "move": [
                11,
                12
            ],
            "color": 2,
            "thinking_time": 0.0157
        },
        {
            "turn": 13,
            "player_id": 1,
            "move": [
                6,
                10
            ],
            "color": 1,
            "thinking_time": 0.0333,
            "search_depth": 0
        },
        {
            "turn": 14,
            "player_id": 2,
            "move": [
                8,
                12
            ],
            "color": 2,
            "thinking_time": 0.0148
        },
        {
            "turn": 15,
            "player_id": 1,
            "move": [
                6,
                8
            ],
            "color": 1,
            "thinking_time": 0.0153,
            "search_depth": 0
        }
    ]
}