{
    "game_id": "20250906_115746",
    "winner_id": 1,
    "winner_name": "Negamax AI",
    "player_setup": {
        "p1_name": "Negamax AI",
        "p2_name": "Gomocup AI"
    },
    "final_colors": {
        "1": 1,
        "2": 2
    },
    "rules": {
        "banned_moves_enabled": false,
        "swap2_enabled": false
    },
    "move_history": [
        {
            "turn": 1,
            "player_id": 1,
            "move": [
                7,
                7
            ],
            "color": 1,
            "thinking_time": 0.018,
            "search_depth": 0
        },
        {
            "turn": 2,
            "player_id": 2,
            "move": [
                5,
                13
            ],
            "color": 2,
            "thinking_time": 0.015
        },
        {
            "turn": 3,
            "player_id": 1,
            "move": [
                3,
                13
            ],
            "color": 1,
            "thinking_time": 29.318,
            "search_depth": 4
        },
        {
            "turn": 4,
            "player_id": 2,
            "move": [
                5,
                12
            ],
            "color": 2,
            "thinking_time": 0.0167
        },
        {
            "turn": 5,
            "player_id": 1,
            "move": [
                4,
                13
            ],
            "color": 1,
            "thinking_time": 29.3172,
            "search_depth": 4
        },
        {
            "turn": 6,
            "player_id": 2,
            "move": [
                3,
                2
            ],
            "color": 2,
            "thinking_time": 0.0156
        },
        {
            "turn": 7,
            "player_id": 1,
            "move": [
                2,
                13
            ],
            "color": 1,
            "thinking_time": 29.3234,
            "search_depth": 4
        },
        {
            "turn": 8,
            "player_id": 2,
            "move": [
                2,
                2
            ],
            "color": 2,
            "thinking_time": 0.0155
        },
        {
            "turn": 9,
            "player_id": 1,
            "move": [
                0,
                13
            ],
            "color": 1,
            "thinking_time": 29.3185,
            "search_depth": 3
        },
        {
            "turn": 10,
            "player_id": 2,
            "move": [
                6,
                2
            ],
            "color": 2,
            "thinking_time": 0.0151
        },
        {
            "turn": 11,
            "player_id": 1,
            "move": [
                1,
                13
            ],
            "color": 1,
            "thinking_time": 0.0159,
            "search_depth": 0
        }
    ]
}