{
    "game_id": "20250906_111418",
    "winner_id": 1,
    "winner_name": "Negamax AI",
    "player_setup": {
        "p1_name": "Negamax AI",
        "p2_name": "Gomocup AI"
    },
    "final_colors": {
        "1": 1,
        "2": 2
    },
    "rules": {
        "banned_moves_enabled": false,
        "swap2_enabled": false
    },
    "move_history": [
        {
            "turn": 1,
            "player_id": 1,
            "move": [
                7,
                7
            ],
            "color": 1,
            "thinking_time": 0.017,
            "search_depth": 0
        },
        {
            "turn": 2,
            "player_id": 2,
            "move": [
                0,
                5
            ],
            "color": 2,
            "thinking_time": 0.0145
        },
        {
            "turn": 3,
            "player_id": 1,
            "move": [
                5,
                7
            ],
            "color": 1,
            "thinking_time": 29.318,
            "search_depth": 5
        },
        {
            "turn": 4,
            "player_id": 2,
            "move": [
                13,
                13
            ],
            "color": 2,
            "thinking_time": 0.0165
        },
        {
            "turn": 5,
            "player_id": 1,
            "move": [
                3,
                7
            ],
            "color": 1,
            "thinking_time": 29.3203,
            "search_depth": 4
        },
        {
            "turn": 6,
            "player_id": 2,
            "move": [
                11,
                13
            ],
            "color": 2,
            "thinking_time": 0.0153
        },
        {
            "turn": 7,
            "player_id": 1,
            "move": [
                4,
                7
            ],
            "color": 1,
            "thinking_time": 0.0293,
            "search_depth": 0
        },
        {
            "turn": 8,
            "player_id": 2,
            "move": [
                8,
                13
            ],
            "color": 2,
            "thinking_time": 0.0153
        },
        {
            "turn": 9,
            "player_id": 1,
            "move": [
                6,
                7
            ],
            "color": 1,
            "thinking_time": 0.0156,
            "search_depth": 0
        }
    ]
}