{
    "game_id": "20250906_115946",
    "winner_id": 1,
    "winner_name": "Negamax AI",
    "player_setup": {
        "p1_name": "Negamax AI",
        "p2_name": "Gomocup AI"
    },
    "final_colors": {
        "1": 1,
        "2": 2
    },
    "rules": {
        "banned_moves_enabled": false,
        "swap2_enabled": false
    },
    "move_history": [
        {
            "turn": 1,
            "player_id": 1,
            "move": [
                7,
                7
            ],
            "color": 1,
            "thinking_time": 0.0166,
            "search_depth": 0
        },
        {
            "turn": 2,
            "player_id": 2,
            "move": [
                7,
                2
            ],
            "color": 2,
            "thinking_time": 0.0143
        },
        {
            "turn": 3,
            "player_id": 1,
            "move": [
                5,
                4
            ],
            "color": 1,
            "thinking_time": 29.3225,
            "search_depth": 4
        },
        {
            "turn": 4,
            "player_id": 2,
            "move": [
                8,
                2
            ],
            "color": 2,
            "thinking_time": 0.0166
        },
        {
            "turn": 5,
            "player_id": 1,
            "move": [
                6,
                4
            ],
            "color": 1,
            "thinking_time": 29.3212,
            "search_depth": 4
        },
        {
            "turn": 6,
            "player_id": 2,
            "move": [
                9,
                2
            ],
            "color": 2,
            "thinking_time": 0.015
        },
        {
            "turn": 7,
            "player_id": 1,
            "move": [
                6,
                2
            ],
            "color": 1,
            "thinking_time": 0.0304,
            "search_depth": 0
        },
        {
            "turn": 8,
            "player_id": 2,
            "move": [
                10,
                2
            ],
            "color": 2,
            "thinking_time": 0.015
        },
        {
            "turn": 9,
            "player_id": 1,
            "move": [
                11,
                2
            ],
            "color": 1,
            "thinking_time": 0.0151,
            "search_depth": 0
        },
        {
            "turn": 10,
            "player_id": 2,
            "move": [
                9,
                1
            ],
            "color": 2,
            "thinking_time": 0.015
        },
        {
            "turn": 11,
            "player_id": 1,
            "move": [
                5,
                5
            ],
            "color": 1,
            "thinking_time": 29.3153,
            "search_depth": 3
        },
        {
            "turn": 12,
            "player_id": 2,
            "move": [
                11,
                3
            ],
            "color": 2,
            "thinking_time": 0.0155
        },
        {
            "turn": 13,
            "player_id": 1,
            "move": [
                12,
                4
            ],
            "color": 1,
            "thinking_time": 0.0269,
            "search_depth": 0
        },
        {
            "turn": 14,
            "player_id": 2,
            "move": [
                8,
                0
            ],
            "color": 2,
            "thinking_time": 0.0153
        },
        {
            "turn": 15,
            "player_id": 1,
            "move": [
                6,
                6
            ],
            "color": 1,
            "thinking_time": 29.3186,
            "search_depth": 4
        },
        {
            "turn": 16,
            "player_id": 2,
            "move": [
                6,
                5
            ],
            "color": 2,
            "thinking_time": 0.015
        },
        {
            "turn": 17,
            "player_id": 1,
            "move": [
                8,
                8
            ],
            "color": 1,
            "thinking_time": 0.0784,
            "search_depth": 0
        },
        {
            "turn": 18,
            "player_id": 2,
            "move": [
                4,
                3
            ],
            "color": 2,
            "thinking_time": 0.0152
        },
        {
            "turn": 19,
            "player_id": 1,
            "move": [
                4,
                4
            ],
            "color": 1,
            "thinking_time": 0.0155,
            "search_depth": 0
        }
    ]
}