{
    "game_id": "20250906_094351",
    "winner_id": 1,
    "winner_name": "Negamax AI",
    "player_setup": {
        "p1_name": "Negamax AI",
        "p2_name": "Gomocup AI"
    },
    "final_colors": {
        "1": 1,
        "2": 2
    },
    "rules": {
        "banned_moves_enabled": false,
        "swap2_enabled": false
    },
    "move_history": [
        {
            "turn": 1,
            "player_id": 1,
            "move": [
                7,
                7
            ],
            "color": 1,
            "thinking_time": 0.017,
            "search_depth": 0
        },
        {
            "turn": 2,
            "player_id": 2,
            "move": [
                4,
                0
            ],
            "color": 2,
            "thinking_time": 0.015
        },
        {
            "turn": 3,
            "player_id": 1,
            "move": [
                5,
                1
            ],
            "color": 1,
            "thinking_time": 29.3229,
            "search_depth": 4
        },
        {
            "turn": 4,
            "player_id": 2,
            "move": [
                3,
                0
            ],
            "color": 2,
            "thinking_time": 0.0153
        },
        {
            "turn": 5,
            "player_id": 1,
            "move": [
                6,
                0
            ],
            "color": 1,
            "thinking_time": 29.317,
            "search_depth": 4
        },
        {
            "turn": 6,
            "player_id": 2,
            "move": [
                2,
                0
            ],
            "color": 2,
            "thinking_time": 0.0149
        },
        {
            "turn": 7,
            "player_id": 1,
            "move": [
                1,
                0
            ],
            "color": 1,
            "thinking_time": 0.0341,
            "search_depth": 0
        },
        {
            "turn": 8,
            "player_id": 2,
            "move": [
                5,
                0
            ],
            "color": 2,
            "thinking_time": 0.0144
        },
        {
            "turn": 9,
            "player_id": 1,
            "move": [
                3,
                1
            ],
            "color": 1,
            "thinking_time": 29.3184,
            "search_depth": 4
        },
        {
            "turn": 10,
            "player_id": 2,
            "move": [
                10,
                12
            ],
            "color": 2,
            "thinking_time": 0.0159
        },
        {
            "turn": 11,
            "player_id": 1,
            "move": [
                9,
                7
            ],
            "color": 1,
            "thinking_time": 29.3187,
            "search_depth": 4
        },
        {
            "turn": 12,
            "player_id": 2,
            "move": [
                9,
                13
            ],
            "color": 2,
            "thinking_time": 0.0153
        },
        {
            "turn": 13,
            "player_id": 1,
            "move": [
                11,
                11
            ],
            "color": 1,
            "thinking_time": 29.3138,
            "search_depth": 3
        },
        {
            "turn": 14,
            "player_id": 2,
            "move": [
                9,
                14
            ],
            "color": 2,
            "thinking_time": 0.0156
        },
        {
            "turn": 15,
            "player_id": 1,
            "move": [
                9,
                9
            ],
            "color": 1,
            "thinking_time": 29.3205,
            "search_depth": 3
        },
        {
            "turn": 16,
            "player_id": 2,
            "move": [
                9,
                12
            ],
            "color": 2,
            "thinking_time": 0.0156
        },
        {
            "turn": 17,
            "player_id": 1,
            "move": [
                8,
                8
            ],
            "color": 1,
            "thinking_time": 0.0363,
            "search_depth": 0
        },
        {
            "turn": 18,
            "player_id": 2,
            "move": [
                10,
                11
            ],
            "color": 2,
            "thinking_time": 0.015
        },
        {
            "turn": 19,
            "player_id": 1,
            "move": [
                10,
                10
            ],
            "color": 1,
            "thinking_time": 0.0156,
            "search_depth": 0
        }
    ]
}