{
    "game_id": "20250906_112214",
    "winner_id": 1,
    "winner_name": "Negamax AI",
    "player_setup": {
        "p1_name": "Negamax AI",
        "p2_name": "Gomocup AI"
    },
    "final_colors": {
        "1": 1,
        "2": 2
    },
    "rules": {
        "banned_moves_enabled": false,
        "swap2_enabled": false
    },
    "move_history": [
        {
            "turn": 1,
            "player_id": 1,
            "move": [
                7,
                7
            ],
            "color": 1,
            "thinking_time": 0.018,
            "search_depth": 0
        },
        {
            "turn": 2,
            "player_id": 2,
            "move": [
                14,
                0
            ],
            "color": 2,
            "thinking_time": 0.015
        },
        {
            "turn": 3,
            "player_id": 1,
            "move": [
                14,
                1
            ],
            "color": 1,
            "thinking_time": 29.3167,
            "search_depth": 4
        },
        {
            "turn": 4,
            "player_id": 2,
            "move": [
                2,
                9
            ],
            "color": 2,
            "thinking_time": 0.0155
        },
        {
            "turn": 5,
            "player_id": 1,
            "move": [
                4,
                9
            ],
            "color": 1,
            "thinking_time": 29.3231,
            "search_depth": 4
        },
        {
            "turn": 6,
            "player_id": 2,
            "move": [
                4,
                11
            ],
            "color": 2,
            "thinking_time": 0.015
        },
        {
            "turn": 7,
            "player_id": 1,
            "move": [
                3,
                10
            ],
            "color": 1,
            "thinking_time": 29.3197,
            "search_depth": 3
        },
        {
            "turn": 8,
            "player_id": 2,
            "move": [
                2,
                10
            ],
            "color": 2,
            "thinking_time": 0.0156
        },
        {
            "turn": 9,
            "player_id": 1,
            "move": [
                2,
                11
            ],
            "color": 1,
            "thinking_time": 29.3232,
            "search_depth": 4
        },
        {
            "turn": 10,
            "player_id": 2,
            "move": [
                1,
                11
            ],
            "color": 2,
            "thinking_time": 0.0151
        },
        {
            "turn": 11,
            "player_id": 1,
            "move": [
                1,
                12
            ],
            "color": 1,
            "thinking_time": 0.0416,
            "search_depth": 0
        },
        {
            "turn": 12,
            "player_id": 2,
            "move": [
                3,
                9
            ],
            "color": 2,
            "thinking_time": 0.0153
        },
        {
            "turn": 13,
            "player_id": 1,
            "move": [
                0,
                13
            ],
            "color": 1,
            "thinking_time": 0.015,
            "search_depth": 0
        }
    ]
}