{
    "game_id": "20250906_112612",
    "winner_id": 1,
    "winner_name": "Negamax AI",
    "player_setup": {
        "p1_name": "Negamax AI",
        "p2_name": "Gomocup AI"
    },
    "final_colors": {
        "1": 1,
        "2": 2
    },
    "rules": {
        "banned_moves_enabled": false,
        "swap2_enabled": false
    },
    "move_history": [
        {
            "turn": 1,
            "player_id": 1,
            "move": [
                7,
                7
            ],
            "color": 1,
            "thinking_time": 0.018,
            "search_depth": 0
        },
        {
            "turn": 2,
            "player_id": 2,
            "move": [
                0,
                12
            ],
            "color": 2,
            "thinking_time": 0.0145
        },
        {
            "turn": 3,
            "player_id": 1,
            "move": [
                0,
                14
            ],
            "color": 1,
            "thinking_time": 29.3134,
            "search_depth": 4
        },
        {
            "turn": 4,
            "player_id": 2,
            "move": [
                0,
                11
            ],
            "color": 2,
            "thinking_time": 0.0146
        },
        {
            "turn": 5,
            "player_id": 1,
            "move": [
                0,
                10
            ],
            "color": 1,
            "thinking_time": 29.319,
            "search_depth": 4
        },
        {
            "turn": 6,
            "player_id": 2,
            "move": [
                0,
                2
            ],
            "color": 2,
            "thinking_time": 0.0155
        },
        {
            "turn": 7,
            "player_id": 1,
            "move": [
                0,
                1
            ],
            "color": 1,
            "thinking_time": 29.3184,
            "search_depth": 4
        },
        {
            "turn": 8,
            "player_id": 2,
            "move": [
                0,
                3
            ],
            "color": 2,
            "thinking_time": 0.0153
        },
        {
            "turn": 9,
            "player_id": 1,
            "move": [
                8,
                6
            ],
            "color": 1,
            "thinking_time": 29.3176,
            "search_depth": 4
        },
        {
            "turn": 10,
            "player_id": 2,
            "move": [
                5,
                2
            ],
            "color": 2,
            "thinking_time": 0.0162
        },
        {
            "turn": 11,
            "player_id": 1,
            "move": [
                0,
                5
            ],
            "color": 1,
            "thinking_time": 29.3156,
            "search_depth": 4
        },
        {
            "turn": 12,
            "player_id": 2,
            "move": [
                3,
                2
            ],
            "color": 2,
            "thinking_time": 0.015
        },
        {
            "turn": 13,
            "player_id": 1,
            "move": [
                2,
                2
            ],
            "color": 1,
            "thinking_time": 29.3225,
            "search_depth": 3
        },
        {
            "turn": 14,
            "player_id": 2,
            "move": [
                1,
                2
            ],
            "color": 2,
            "thinking_time": 0.0157
        },
        {
            "turn": 15,
            "player_id": 1,
            "move": [
                0,
                7
            ],
            "color": 1,
            "thinking_time": 29.3144,
            "search_depth": 3
        },
        {
            "turn": 16,
            "player_id": 2,
            "move": [
                10,
                11
            ],
            "color": 2,
            "thinking_time": 0.0162
        },
        {
            "turn": 17,
            "player_id": 1,
            "move": [
                0,
                9
            ],
            "color": 1,
            "thinking_time": 29.3251,
            "search_depth": 4
        },
        {
            "turn": 18,
            "player_id": 2,
            "move": [
                13,
                2
            ],
            "color": 2,
            "thinking_time": 0.015
        },
        {
            "turn": 19,
            "player_id": 1,
            "move": [
                0,
                6
            ],
            "color": 1,
            "thinking_time": 0.0418,
            "search_depth": 0
        },
        {
            "turn": 20,
            "player_id": 2,
            "move": [
                10,
                2
            ],
            "color": 2,
            "thinking_time": 0.0156
        },
        {
            "turn": 21,
            "player_id": 1,
            "move": [
                0,
                8
            ],
            "color": 1,
            "thinking_time": 0.0137,
            "search_depth": 0
        }
    ]
}