{
    "game_id": "20250906_110949",
    "winner_id": 1,
    "winner_name": "Negamax AI",
    "player_setup": {
        "p1_name": "Negamax AI",
        "p2_name": "Gomocup AI"
    },
    "final_colors": {
        "1": 1,
        "2": 2
    },
    "rules": {
        "banned_moves_enabled": false,
        "swap2_enabled": false
    },
    "move_history": [
        {
            "turn": 1,
            "player_id": 1,
            "move": [
                7,
                7
            ],
            "color": 1,
            "thinking_time": 0.019,
            "search_depth": 0
        },
        {
            "turn": 2,
            "player_id": 2,
            "move": [
                8,
                1
            ],
            "color": 2,
            "thinking_time": 0.015
        },
        {
            "turn": 3,
            "player_id": 1,
            "move": [
                9,
                5
            ],
            "color": 1,
            "thinking_time": 29.323,
            "search_depth": 4
        },
        {
            "turn": 4,
            "player_id": 2,
            "move": [
                11,
                4
            ],
            "color": 2,
            "thinking_time": 0.0163
        },
        {
            "turn": 5,
            "player_id": 1,
            "move": [
                11,
                3
            ],
            "color": 1,
            "thinking_time": 29.3161,
            "search_depth": 4
        },
        {
            "turn": 6,
            "player_id": 2,
            "move": [
                11,
                1
            ],
            "color": 2,
            "thinking_time": 0.0162
        },
        {
            "turn": 7,
            "player_id": 1,
            "move": [
                8,
                6
            ],
            "color": 1,
            "thinking_time": 0.0577,
            "search_depth": 0
        },
        {
            "turn": 8,
            "player_id": 2,
            "move": [
                14,
                2
            ],
            "color": 2,
            "thinking_time": 0.0149
        },
        {
            "turn": 9,
            "player_id": 1,
            "move": [
                10,
                4
            ],
            "color": 1,
            "thinking_time": 0.0147,
            "search_depth": 0
        }
    ]
}