{
    "game_id": "20250906_093156",
    "winner_id": 1,
    "winner_name": "Negamax AI",
    "player_setup": {
        "p1_name": "Negamax AI",
        "p2_name": "Gomocup AI"
    },
    "final_colors": {
        "1": 1,
        "2": 2
    },
    "rules": {
        "banned_moves_enabled": false,
        "swap2_enabled": false
    },
    "move_history": [
        {
            "turn": 1,
            "player_id": 1,
            "move": [
                7,
                7
            ],
            "color": 1,
            "thinking_time": 0.02,
            "search_depth": 0
        },
        {
            "turn": 2,
            "player_id": 2,
            "move": [
                14,
                3
            ],
            "color": 2,
            "thinking_time": 0.014
        },
        {
            "turn": 3,
            "player_id": 1,
            "move": [
                14,
                4
            ],
            "color": 1,
            "thinking_time": 29.3197,
            "search_depth": 4
        },
        {
            "turn": 4,
            "player_id": 2,
            "move": [
                14,
                1
            ],
            "color": 2,
            "thinking_time": 0.0153
        },
        {
            "turn": 5,
            "player_id": 1,
            "move": [
                14,
                0
            ],
            "color": 1,
            "thinking_time": 29.3142,
            "search_depth": 4
        },
        {
            "turn": 6,
            "player_id": 2,
            "move": [
                12,
                3
            ],
            "color": 2,
            "thinking_time": 0.0156
        },
        {
            "turn": 7,
            "player_id": 1,
            "move": [
                9,
                5
            ],
            "color": 1,
            "thinking_time": 29.32,
            "search_depth": 4
        },
        {
            "turn": 8,
            "player_id": 2,
            "move": [
                10,
                1
            ],
            "color": 2,
            "thinking_time": 0.015
        },
        {
            "turn": 9,
            "player_id": 1,
            "move": [
                13,
                4
            ],
            "color": 1,
            "thinking_time": 29.3174,
            "search_depth": 3
        },
        {
            "turn": 10,
            "player_id": 2,
            "move": [
                9,
                0
            ],
            "color": 2,
            "thinking_time": 0.0163
        },
        {
            "turn": 11,
            "player_id": 1,
            "move": [
                11,
                3
            ],
            "color": 1,
            "thinking_time": 29.3237,
            "search_depth": 4
        },
        {
            "turn": 12,
            "player_id": 2,
            "move": [
                4,
                7
            ],
            "color": 2,
            "thinking_time": 0.0157
        },
        {
            "turn": 13,
            "player_id": 1,
            "move": [
                8,
                6
            ],
            "color": 1,
            "thinking_time": 0.0269,
            "search_depth": 0
        },
        {
            "turn": 14,
            "player_id": 2,
            "move": [
                2,
                5
            ],
            "color": 2,
            "thinking_time": 0.0151
        },
        {
            "turn": 15,
            "player_id": 1,
            "move": [
                10,
                4
            ],
            "color": 1,
            "thinking_time": 0.0155,
            "search_depth": 0
        }
    ]
}