{
    "game_id": "20250906_115146",
    "winner_id": 1,
    "winner_name": "Negamax AI",
    "player_setup": {
        "p1_name": "Negamax AI",
        "p2_name": "Gomocup AI"
    },
    "final_colors": {
        "1": 1,
        "2": 2
    },
    "rules": {
        "banned_moves_enabled": false,
        "swap2_enabled": false
    },
    "move_history": [
        {
            "turn": 1,
            "player_id": 1,
            "move": [
                7,
                7
            ],
            "color": 1,
            "thinking_time": 0.0173,
            "search_depth": 0
        },
        {
            "turn": 2,
            "player_id": 2,
            "move": [
                9,
                14
            ],
            "color": 2,
            "thinking_time": 0.006
        },
        {
            "turn": 3,
            "player_id": 1,
            "move": [
                11,
                14
            ],
            "color": 1,
            "thinking_time": 29.3165,
            "search_depth": 4
        },
        {
            "turn": 4,
            "player_id": 2,
            "move": [
                7,
                14
            ],
            "color": 2,
            "thinking_time": 0.015
        },
        {
            "turn": 5,
            "player_id": 1,
            "move": [
                8,
                14
            ],
            "color": 1,
            "thinking_time": 29.3138,
            "search_depth": 4
        },
        {
            "turn": 6,
            "player_id": 2,
            "move": [
                6,
                14
            ],
            "color": 2,
            "thinking_time": 0.0154
        },
        {
            "turn": 7,
            "player_id": 1,
            "move": [
                6,
                12
            ],
            "color": 1,
            "thinking_time": 29.3176,
            "search_depth": 4
        },
        {
            "turn": 8,
            "player_id": 2,
            "move": [
                10,
                14
            ],
            "color": 2,
            "thinking_time": 0.015
        },
        {
            "turn": 9,
            "player_id": 1,
            "move": [
                4,
                14
            ],
            "color": 1,
            "thinking_time": 29.3208,
            "search_depth": 4
        },
        {
            "turn": 10,
            "player_id": 2,
            "move": [
                9,
                13
            ],
            "color": 2,
            "thinking_time": 0.0162
        },
        {
            "turn": 11,
            "player_id": 1,
            "move": [
                5,
                11
            ],
            "color": 1,
            "thinking_time": 29.3225,
            "search_depth": 4
        },
        {
            "turn": 12,
            "player_id": 2,
            "move": [
                7,
                8
            ],
            "color": 2,
            "thinking_time": 0.0158
        },
        {
            "turn": 13,
            "player_id": 1,
            "move": [
                7,
                11
            ],
            "color": 1,
            "thinking_time": 29.3241,
            "search_depth": 5
        },
        {
            "turn": 14,
            "player_id": 2,
            "move": [
                6,
                9
            ],
            "color": 2,
            "thinking_time": 0.0164
        },
        {
            "turn": 15,
            "player_id": 1,
            "move": [
                8,
                10
            ],
            "color": 1,
            "thinking_time": 0.0307,
            "search_depth": 0
        },
        {
            "turn": 16,
            "player_id": 2,
            "move": [
                5,
                10
            ],
            "color": 2,
            "thinking_time": 0.0156
        },
        {
            "turn": 17,
            "player_id": 1,
            "move": [
                5,
                13
            ],
            "color": 1,
            "thinking_time": 0.015,
            "search_depth": 0
        }
    ]
}