{
    "game_id": "20250906_100014",
    "winner_id": 1,
    "winner_name": "Negamax AI",
    "player_setup": {
        "p1_name": "Negamax AI",
        "p2_name": "Gomocup AI"
    },
    "final_colors": {
        "1": 1,
        "2": 2
    },
    "rules": {
        "banned_moves_enabled": false,
        "swap2_enabled": false
    },
    "move_history": [
        {
            "turn": 1,
            "player_id": 1,
            "move": [
                7,
                7
            ],
            "color": 1,
            "thinking_time": 0.0166,
            "search_depth": 0
        },
        {
            "turn": 2,
            "player_id": 2,
            "move": [
                12,
                12
            ],
            "color": 2,
            "thinking_time": 0.016
        },
        {
            "turn": 3,
            "player_id": 1,
            "move": [
                8,
                9
            ],
            "color": 1,
            "thinking_time": 29.319,
            "search_depth": 4
        },
        {
            "turn": 4,
            "player_id": 2,
            "move": [
                2,
                1
            ],
            "color": 2,
            "thinking_time": 0.0151
        },
        {
            "turn": 5,
            "player_id": 1,
            "move": [
                6,
                7
            ],
            "color": 1,
            "thinking_time": 29.3179,
            "search_depth": 4
        },
        {
            "turn": 6,
            "player_id": 2,
            "move": [
                4,
                13
            ],
            "color": 2,
            "thinking_time": 0.014
        },
        {
            "turn": 7,
            "player_id": 1,
            "move": [
                8,
                8
            ],
            "color": 1,
            "thinking_time": 29.3249,
            "search_depth": 3
        },
        {
            "turn": 8,
            "player_id": 2,
            "move": [
                0,
                4
            ],
            "color": 2,
            "thinking_time": 0.0162
        },
        {
            "turn": 9,
            "player_id": 1,
            "move": [
                8,
                7
            ],
            "color": 1,
            "thinking_time": 0.0352,
            "search_depth": 0
        },
        {
            "turn": 10,
            "player_id": 2,
            "move": [
                0,
                12
            ],
            "color": 2,
            "thinking_time": 0.0155
        },
        {
            "turn": 11,
            "player_id": 1,
            "move": [
                8,
                6
            ],
            "color": 1,
            "thinking_time": 0.0399,
            "search_depth": 0
        },
        {
            "turn": 12,
            "player_id": 2,
            "move": [
                6,
                3
            ],
            "color": 2,
            "thinking_time": 0.0152
        },
        {
            "turn": 13,
            "player_id": 1,
            "move": [
                8,
                10
            ],
            "color": 1,
            "thinking_time": 0.015,
            "search_depth": 0
        }
    ]
}