{
    "game_id": "20250906_094919",
    "winner_id": 1,
    "winner_name": "Negamax AI",
    "player_setup": {
        "p1_name": "Negamax AI",
        "p2_name": "Gomocup AI"
    },
    "final_colors": {
        "1": 1,
        "2": 2
    },
    "rules": {
        "banned_moves_enabled": false,
        "swap2_enabled": false
    },
    "move_history": [
        {
            "turn": 1,
            "player_id": 1,
            "move": [
                7,
                7
            ],
            "color": 1,
            "thinking_time": 0.018,
            "search_depth": 0
        },
        {
            "turn": 2,
            "player_id": 2,
            "move": [
                4,
                12
            ],
            "color": 2,
            "thinking_time": 0.0147
        },
        {
            "turn": 3,
            "player_id": 1,
            "move": [
                6,
                12
            ],
            "color": 1,
            "thinking_time": 29.3168,
            "search_depth": 4
        },
        {
            "turn": 4,
            "player_id": 2,
            "move": [
                3,
                11
            ],
            "color": 2,
            "thinking_time": 0.0159
        },
        {
            "turn": 5,
            "player_id": 1,
            "move": [
                5,
                13
            ],
            "color": 1,
            "thinking_time": 29.3173,
            "search_depth": 3
        },
        {
            "turn": 6,
            "player_id": 2,
            "move": [
                3,
                12
            ],
            "color": 2,
            "thinking_time": 0.0158
        },
        {
            "turn": 7,
            "player_id": 1,
            "move": [
                1,
                12
            ],
            "color": 1,
            "thinking_time": 29.3173,
            "search_depth": 4
        },
        {
            "turn": 8,
            "player_id": 2,
            "move": [
                3,
                13
            ],
            "color": 2,
            "thinking_time": 0.0152
        },
        {
            "turn": 9,
            "player_id": 1,
            "move": [
                3,
                10
            ],
            "color": 1,
            "thinking_time": 0.0304,
            "search_depth": 0
        },
        {
            "turn": 10,
            "player_id": 2,
            "move": [
                3,
                14
            ],
            "color": 2,
            "thinking_time": 0.0157
        },
        {
            "turn": 11,
            "player_id": 1,
            "move": [
                4,
                11
            ],
            "color": 1,
            "thinking_time": 29.3192,
            "search_depth": 4
        },
        {
            "turn": 12,
            "player_id": 2,
            "move": [
                4,
                14
            ],
            "color": 2,
            "thinking_time": 0.0151
        },
        {
            "turn": 13,
            "player_id": 1,
            "move": [
                2,
                14
            ],
            "color": 1,
            "thinking_time": 29.3141,
            "search_depth": 4
        },
        {
            "turn": 14,
            "player_id": 2,
            "move": [
                2,
                12
            ],
            "color": 2,
            "thinking_time": 0.015
        },
        {
            "turn": 15,
            "player_id": 1,
            "move": [
                4,
                10
            ],
            "color": 1,
            "thinking_time": 29.319,
            "search_depth": 4
        },
        {
            "turn": 16,
            "player_id": 2,
            "move": [
                2,
                11
            ],
            "color": 2,
            "thinking_time": 0.0154
        },
        {
            "turn": 17,
            "player_id": 1,
            "move": [
                5,
                12
            ],
            "color": 1,
            "thinking_time": 29.3166,
            "search_depth": 3
        },
        {
            "turn": 18,
            "player_id": 2,
            "move": [
                2,
                13
            ],
            "color": 2,
            "thinking_time": 0.0152
        },
        {
            "turn": 19,
            "player_id": 1,
            "move": [
                6,
                13
            ],
            "color": 1,
            "thinking_time": 0.0365,
            "search_depth": 0
        },
        {
            "turn": 20,
            "player_id": 2,
            "move": [
                12,
                14
            ],
            "color": 2,
            "thinking_time": 0.015
        },
        {
            "turn": 21,
            "player_id": 1,
            "move": [
                2,
                9
            ],
            "color": 1,
            "thinking_time": 0.0155,
            "search_depth": 0
        }
    ]
}