{
    "game_id": "20250906_094550",
    "winner_id": 1,
    "winner_name": "Negamax AI",
    "player_setup": {
        "p1_name": "Negamax AI",
        "p2_name": "Gomocup AI"
    },
    "final_colors": {
        "1": 1,
        "2": 2
    },
    "rules": {
        "banned_moves_enabled": false,
        "swap2_enabled": false
    },
    "move_history": [
        {
            "turn": 1,
            "player_id": 1,
            "move": [
                7,
                7
            ],
            "color": 1,
            "thinking_time": 0.0166,
            "search_depth": 0
        },
        {
            "turn": 2,
            "player_id": 2,
            "move": [
                14,
                7
            ],
            "color": 2,
            "thinking_time": 0.014
        },
        {
            "turn": 3,
            "player_id": 1,
            "move": [
                14,
                6
            ],
            "color": 1,
            "thinking_time": 29.3125,
            "search_depth": 4
        },
        {
            "turn": 4,
            "player_id": 2,
            "move": [
                14,
                8
            ],
            "color": 2,
            "thinking_time": 0.0161
        },
        {
            "turn": 5,
            "player_id": 1,
            "move": [
                14,
                4
            ],
            "color": 1,
            "thinking_time": 29.314,
            "search_depth": 4
        },
        {
            "turn": 6,
            "player_id": 2,
            "move": [
                14,
                9
            ],
            "color": 2,
            "thinking_time": 0.0142
        },
        {
            "turn": 7,
            "player_id": 1,
            "move": [
                14,
                10
            ],
            "color": 1,
            "thinking_time": 29.317,
            "search_depth": 4
        },
        {
            "turn": 8,
            "player_id": 2,
            "move": [
                12,
                7
            ],
            "color": 2,
            "thinking_time": 0.015
        },
        {
            "turn": 9,
            "player_id": 1,
            "move": [
                14,
                2
            ],
            "color": 1,
            "thinking_time": 29.324,
            "search_depth": 4
        },
        {
            "turn": 10,
            "player_id": 2,
            "move": [
                1,
                5
            ],
            "color": 2,
            "thinking_time": 0.0154
        },
        {
            "turn": 11,
            "player_id": 1,
            "move": [
                14,
                3
            ],
            "color": 1,
            "thinking_time": 0.0277,
            "search_depth": 0
        },
        {
            "turn": 12,
            "player_id": 2,
            "move": [
                1,
                7
            ],
            "color": 2,
            "thinking_time": 0.0145
        },
        {
            "turn": 13,
            "player_id": 1,
            "move": [
                14,
                5
            ],
            "color": 1,
            "thinking_time": 0.0161,
            "search_depth": 0
        }
    ]
}