{
    "game_id": "20250906_091304",
    "winner_id": 1,
    "winner_name": "Negamax AI",
    "player_setup": {
        "p1_name": "Negamax AI",
        "p2_name": "Gomocup AI"
    },
    "final_colors": {
        "1": 1,
        "2": 2
    },
    "rules": {
        "banned_moves_enabled": false,
        "swap2_enabled": false
    },
    "move_history": [
        {
            "turn": 1,
            "player_id": 1,
            "move": [
                7,
                7
            ],
            "color": 1,
            "thinking_time": 0.0186,
            "search_depth": 0
        },
        {
            "turn": 2,
            "player_id": 2,
            "move": [
                9,
                7
            ],
            "color": 2,
            "thinking_time": 0.0153
        },
        {
            "turn": 3,
            "player_id": 1,
            "move": [
                7,
                5
            ],
            "color": 1,
            "thinking_time": 29.3148,
            "search_depth": 4
        },
        {
            "turn": 4,
            "player_id": 2,
            "move": [
                7,
                6
            ],
            "color": 2,
            "thinking_time": 0.0156
        },
        {
            "turn": 5,
            "player_id": 1,
            "move": [
                9,
                6
            ],
            "color": 1,
            "thinking_time": 29.3174,
            "search_depth": 4
        },
        {
            "turn": 6,
            "player_id": 2,
            "move": [
                6,
                7
            ],
            "color": 2,
            "thinking_time": 0.0151
        },
        {
            "turn": 7,
            "player_id": 1,
            "move": [
                5,
                8
            ],
            "color": 1,
            "thinking_time": 29.3162,
            "search_depth": 4
        },
        {
            "turn": 8,
            "player_id": 2,
            "move": [
                3,
                10
            ],
            "color": 2,
            "thinking_time": 0.0154
        },
        {
            "turn": 9,
            "player_id": 1,
            "move": [
                5,
                7
            ],
            "color": 1,
            "thinking_time": 29.3212,
            "search_depth": 3
        },
        {
            "turn": 10,
            "player_id": 2,
            "move": [
                8,
                5
            ],
            "color": 2,
            "thinking_time": 0.0158
        },
        {
            "turn": 11,
            "player_id": 1,
            "move": [
                10,
                3
            ],
            "color": 1,
            "thinking_time": 29.3198,
            "search_depth": 3
        },
        {
            "turn": 12,
            "player_id": 2,
            "move": [
                9,
                4
            ],
            "color": 2,
            "thinking_time": 0.015
        },
        {
            "turn": 13,
            "player_id": 1,
            "move": [
                8,
                8
            ],
            "color": 1,
            "thinking_time": 29.3209,
            "search_depth": 3
        },
        {
            "turn": 14,
            "player_id": 2,
            "move": [
                8,
                4
            ],
            "color": 2,
            "thinking_time": 0.0155
        },
        {
            "turn": 15,
            "player_id": 1,
            "move": [
                6,
                6
            ],
            "color": 1,
            "thinking_time": 29.3146,
            "search_depth": 4
        },
        {
            "turn": 16,
            "player_id": 2,
            "move": [
                7,
                4
            ],
            "color": 2,
            "thinking_time": 0.015
        },
        {
            "turn": 17,
            "player_id": 1,
            "move": [
                6,
                4
            ],
            "color": 1,
            "thinking_time": 0.0293,
            "search_depth": 0
        },
        {
            "turn": 18,
            "player_id": 2,
            "move": [
                11,
                4
            ],
            "color": 2,
            "thinking_time": 0.0154
        },
        {
            "turn": 19,
            "player_id": 1,
            "move": [
                10,
                4
            ],
            "color": 1,
            "thinking_time": 0.0167,
            "search_depth": 0
        },
        {
            "turn": 20,
            "player_id": 2,
            "move": [
                7,
                10
            ],
            "color": 2,
            "thinking_time": 0.0162
        },
        {
            "turn": 21,
            "player_id": 1,
            "move": [
                9,
                9
            ],
            "color": 1,
            "thinking_time": 0.058,
            "search_depth": 0
        },
        {
            "turn": 22,
            "player_id": 2,
            "move": [
                10,
                10
            ],
            "color": 2,
            "thinking_time": 0.0157
        },
        {
            "turn": 23,
            "player_id": 1,
            "move": [
                5,
                5
            ],
            "color": 1,
            "thinking_time": 0.0157,
            "search_depth": 0
        }
    ]
}