{
    "game_id": "20250906_095645",
    "winner_id": 1,
    "winner_name": "Negamax AI",
    "player_setup": {
        "p1_name": "Negamax AI",
        "p2_name": "Gomocup AI"
    },
    "final_colors": {
        "1": 1,
        "2": 2
    },
    "rules": {
        "banned_moves_enabled": false,
        "swap2_enabled": false
    },
    "move_history": [
        {
            "turn": 1,
            "player_id": 1,
            "move": [
                7,
                7
            ],
            "color": 1,
            "thinking_time": 0.0176,
            "search_depth": 0
        },
        {
            "turn": 2,
            "player_id": 2,
            "move": [
                12,
                11
            ],
            "color": 2,
            "thinking_time": 0.0149
        },
        {
            "turn": 3,
            "player_id": 1,
            "move": [
                12,
                13
            ],
            "color": 1,
            "thinking_time": 29.3122,
            "search_depth": 4
        },
        {
            "turn": 4,
            "player_id": 2,
            "move": [
                8,
                0
            ],
            "color": 2,
            "thinking_time": 0.0151
        },
        {
            "turn": 5,
            "player_id": 1,
            "move": [
                5,
                7
            ],
            "color": 1,
            "thinking_time": 29.3183,
            "search_depth": 4
        },
        {
            "turn": 6,
            "player_id": 2,
            "move": [
                7,
                3
            ],
            "color": 2,
            "thinking_time": 0.0158
        },
        {
            "turn": 7,
            "player_id": 1,
            "move": [
                4,
                6
            ],
            "color": 1,
            "thinking_time": 29.3253,
            "search_depth": 4
        },
        {
            "turn": 8,
            "player_id": 2,
            "move": [
                7,
                2
            ],
            "color": 2,
            "thinking_time": 0.0157
        },
        {
            "turn": 9,
            "player_id": 1,
            "move": [
                7,
                1
            ],
            "color": 1,
            "thinking_time": 29.3269,
            "search_depth": 3
        },
        {
            "turn": 10,
            "player_id": 2,
            "move": [
                8,
                1
            ],
            "color": 2,
            "thinking_time": 0.0161
        },
        {
            "turn": 11,
            "player_id": 1,
            "move": [
                5,
                4
            ],
            "color": 1,
            "thinking_time": 29.3232,
            "search_depth": 3
        },
        {
            "turn": 12,
            "player_id": 2,
            "move": [
                9,
                1
            ],
            "color": 2,
            "thinking_time": 0.0162
        },
        {
            "turn": 13,
            "player_id": 1,
            "move": [
                6,
                4
            ],
            "color": 1,
            "thinking_time": 29.3176,
            "search_depth": 3
        },
        {
            "turn": 14,
            "player_id": 2,
            "move": [
                0,
                14
            ],
            "color": 2,
            "thinking_time": 0.0143
        },
        {
            "turn": 15,
            "player_id": 1,
            "move": [
                7,
                6
            ],
            "color": 1,
            "thinking_time": 29.3141,
            "search_depth": 3
        },
        {
            "turn": 16,
            "player_id": 2,
            "move": [
                1,
                13
            ],
            "color": 2,
            "thinking_time": 0.0151
        },
        {
            "turn": 17,
            "player_id": 1,
            "move": [
                5,
                6
            ],
            "color": 1,
            "thinking_time": 0.0284,
            "search_depth": 0
        },
        {
            "turn": 18,
            "player_id": 2,
            "move": [
                1,
                1
            ],
            "color": 2,
            "thinking_time": 0.0157
        },
        {
            "turn": 19,
            "player_id": 1,
            "move": [
                5,
                5
            ],
            "color": 1,
            "thinking_time": 0.0385,
            "search_depth": 0
        },
        {
            "turn": 20,
            "player_id": 2,
            "move": [
                9,
                2
            ],
            "color": 2,
            "thinking_time": 0.0155
        },
        {
            "turn": 21,
            "player_id": 1,
            "move": [
                5,
                3
            ],
            "color": 1,
            "thinking_time": 0.016,
            "search_depth": 0
        }
    ]
}