{
    "game_id": "20250906_111119",
    "winner_id": 1,
    "winner_name": "Negamax AI",
    "player_setup": {
        "p1_name": "Negamax AI",
        "p2_name": "Gomocup AI"
    },
    "final_colors": {
        "1": 1,
        "2": 2
    },
    "rules": {
        "banned_moves_enabled": false,
        "swap2_enabled": false
    },
    "move_history": [
        {
            "turn": 1,
            "player_id": 1,
            "move": [
                7,
                7
            ],
            "color": 1,
            "thinking_time": 0.0175,
            "search_depth": 0
        },
        {
            "turn": 2,
            "player_id": 2,
            "move": [
                12,
                4
            ],
            "color": 2,
            "thinking_time": 0.0139
        },
        {
            "turn": 3,
            "player_id": 1,
            "move": [
                10,
                6
            ],
            "color": 1,
            "thinking_time": 29.3151,
            "search_depth": 4
        },
        {
            "turn": 4,
            "player_id": 2,
            "move": [
                11,
                5
            ],
            "color": 2,
            "thinking_time": 0.0145
        },
        {
            "turn": 5,
            "player_id": 1,
            "move": [
                10,
                4
            ],
            "color": 1,
            "thinking_time": 29.321,
            "search_depth": 3
        },
        {
            "turn": 6,
            "player_id": 2,
            "move": [
                11,
                0
            ],
            "color": 2,
            "thinking_time": 0.0157
        },
        {
            "turn": 7,
            "player_id": 1,
            "move": [
                10,
                5
            ],
            "color": 1,
            "thinking_time": 29.3266,
            "search_depth": 4
        },
        {
            "turn": 8,
            "player_id": 2,
            "move": [
                10,
                0
            ],
            "color": 2,
            "thinking_time": 0.0162
        },
        {
            "turn": 9,
            "player_id": 1,
            "move": [
                10,
                7
            ],
            "color": 1,
            "thinking_time": 0.0325,
            "search_depth": 0
        },
        {
            "turn": 10,
            "player_id": 2,
            "move": [
                12,
                0
            ],
            "color": 2,
            "thinking_time": 0.0146
        },
        {
            "turn": 11,
            "player_id": 1,
            "move": [
                10,
                3
            ],
            "color": 1,
            "thinking_time": 0.0154,
            "search_depth": 0
        }
    ]
}