{
    "game_id": "20250905_113657",
    "winner_id": 2,
    "winner_name": "Negamax AI",
    "player_setup": {
        "p1_name": "Gomocup AI",
        "p2_name": "Negamax AI"
    },
    "final_colors": {
        "1": 1,
        "2": 2
    },
    "rules": {
        "banned_moves_enabled": false,
        "swap2_enabled": false
    },
    "move_history": [
        {
            "turn": 1,
            "player_id": 1,
            "move": [
                7,
                1
            ],
            "color": 1,
            "thinking_time": 0.0171
        },
        {
            "turn": 2,
            "player_id": 2,
            "move": [
                5,
                1
            ],
            "color": 2,
            "thinking_time": 29.317,
            "search_depth": 5
        },
        {
            "turn": 3,
            "player_id": 1,
            "move": [
                3,
                6
            ],
            "color": 1,
            "thinking_time": 0.0172
        },
        {
            "turn": 4,
            "player_id": 2,
            "move": [
                4,
                2
            ],
            "color": 2,
            "thinking_time": 29.3189,
            "search_depth": 4
        },
        {
            "turn": 5,
            "player_id": 1,
            "move": [
                11,
                1
            ],
            "color": 1,
            "thinking_time": 0.0172
        },
        {
            "turn": 6,
            "player_id": 2,
            "move": [
                5,
                3
            ],
            "color": 2,
            "thinking_time": 29.3209,
            "search_depth": 4
        },
        {
            "turn": 7,
            "player_id": 1,
            "move": [
                12,
                1
            ],
            "color": 1,
            "thinking_time": 0.017
        },
        {
            "turn": 8,
            "player_id": 2,
            "move": [
                3,
                2
            ],
            "color": 2,
            "thinking_time": 29.3225,
            "search_depth": 5
        },
        {
            "turn": 9,
            "player_id": 1,
            "move": [
                11,
                2
            ],
            "color": 1,
            "thinking_time": 0.016
        },
        {
            "turn": 10,
            "player_id": 2,
            "move": [
                5,
                2
            ],
            "color": 2,
            "thinking_time": 0.1461,
            "search_depth": 0
        },
        {
            "turn": 11,
            "player_id": 1,
            "move": [
                2,
                7
            ],
            "color": 1,
            "thinking_time": 0.0171
        },
        {
            "turn": 12,
            "player_id": 2,
            "move": [
                5,
                4
            ],
            "color": 2,
            "thinking_time": 1.1654,
            "search_depth": 0
        },
        {
            "turn": 13,
            "player_id": 1,
            "move": [
                1,
                8
            ],
            "color": 1,
            "thinking_time": 0.0173
        },
        {
            "turn": 14,
            "player_id": 2,
            "move": [
                5,
                5
            ],
            "color": 2,
            "thinking_time": 0.0158,
            "search_depth": 0
        }
    ]
}