{
    "game_id": "20250905_122322",
    "winner_id": 2,
    "winner_name": "Negamax AI",
    "player_setup": {
        "p1_name": "Gomocup AI",
        "p2_name": "Negamax AI"
    },
    "final_colors": {
        "1": 1,
        "2": 2
    },
    "rules": {
        "banned_moves_enabled": false,
        "swap2_enabled": false
    },
    "move_history": [
        {
            "turn": 1,
            "player_id": 1,
            "move": [
                8,
                0
            ],
            "color": 1,
            "thinking_time": 0.017
        },
        {
            "turn": 2,
            "player_id": 2,
            "move": [
                9,
                2
            ],
            "color": 2,
            "thinking_time": 29.3192,
            "search_depth": 5
        },
        {
            "turn": 3,
            "player_id": 1,
            "move": [
                4,
                0
            ],
            "color": 1,
            "thinking_time": 0.0169
        },
        {
            "turn": 4,
            "player_id": 2,
            "move": [
                7,
                4
            ],
            "color": 2,
            "thinking_time": 29.319,
            "search_depth": 4
        },
        {
            "turn": 5,
            "player_id": 1,
            "move": [
                10,
                0
            ],
            "color": 1,
            "thinking_time": 0.0167
        },
        {
            "turn": 6,
            "player_id": 2,
            "move": [
                9,
                1
            ],
            "color": 2,
            "thinking_time": 29.3151,
            "search_depth": 4
        },
        {
            "turn": 7,
            "player_id": 1,
            "move": [
                11,
                0
            ],
            "color": 1,
            "thinking_time": 0.016
        },
        {
            "turn": 8,
            "player_id": 2,
            "move": [
                9,
                0
            ],
            "color": 2,
            "thinking_time": 0.0296,
            "search_depth": 0
        },
        {
            "turn": 9,
            "player_id": 1,
            "move": [
                3,
                0
            ],
            "color": 1,
            "thinking_time": 0.0164
        },
        {
            "turn": 10,
            "player_id": 2,
            "move": [
                7,
                2
            ],
            "color": 2,
            "thinking_time": 29.3182,
            "search_depth": 4
        },
        {
            "turn": 11,
            "player_id": 1,
            "move": [
                2,
                0
            ],
            "color": 1,
            "thinking_time": 0.018
        },
        {
            "turn": 12,
            "player_id": 2,
            "move": [
                1,
                0
            ],
            "color": 2,
            "thinking_time": 0.0251,
            "search_depth": 0
        },
        {
            "turn": 13,
            "player_id": 1,
            "move": [
                12,
                0
            ],
            "color": 1,
            "thinking_time": 0.0163
        },
        {
            "turn": 14,
            "player_id": 2,
            "move": [
                10,
                1
            ],
            "color": 2,
            "thinking_time": 29.3163,
            "search_depth": 5
        },
        {
            "turn": 15,
            "player_id": 1,
            "move": [
                13,
                0
            ],
            "color": 1,
            "thinking_time": 0.0164
        },
        {
            "turn": 16,
            "player_id": 2,
            "move": [
                14,
                0
            ],
            "color": 2,
            "thinking_time": 0.0164,
            "search_depth": 0
        },
        {
            "turn": 17,
            "player_id": 1,
            "move": [
                3,
                6
            ],
            "color": 1,
            "thinking_time": 0.016
        },
        {
            "turn": 18,
            "player_id": 2,
            "move": [
                5,
                2
            ],
            "color": 2,
            "thinking_time": 29.3163,
            "search_depth": 4
        },
        {
            "turn": 19,
            "player_id": 1,
            "move": [
                1,
                4
            ],
            "color": 1,
            "thinking_time": 0.0177
        },
        {
            "turn": 20,
            "player_id": 2,
            "move": [
                6,
                2
            ],
            "color": 2,
            "thinking_time": 0.0486,
            "search_depth": 0
        },
        {
            "turn": 21,
            "player_id": 1,
            "move": [
                1,
                7
            ],
            "color": 1,
            "thinking_time": 0.0162
        },
        {
            "turn": 22,
            "player_id": 2,
            "move": [
                8,
                2
            ],
            "color": 2,
            "thinking_time": 0.0154,
            "search_depth": 0
        }
    ]
}