{
    "game_id": "20250905_114824",
    "winner_id": 2,
    "winner_name": "Negamax AI",
    "player_setup": {
        "p1_name": "Gomocup AI",
        "p2_name": "Negamax AI"
    },
    "final_colors": {
        "1": 1,
        "2": 2
    },
    "rules": {
        "banned_moves_enabled": false,
        "swap2_enabled": false
    },
    "move_history": [
        {
            "turn": 1,
            "player_id": 1,
            "move": [
                4,
                4
            ],
            "color": 1,
            "thinking_time": 0.016
        },
        {
            "turn": 2,
            "player_id": 2,
            "move": [
                2,
                2
            ],
            "color": 2,
            "thinking_time": 29.3213,
            "search_depth": 4
        },
        {
            "turn": 3,
            "player_id": 1,
            "move": [
                4,
                10
            ],
            "color": 1,
            "thinking_time": 0.0171
        },
        {
            "turn": 4,
            "player_id": 2,
            "move": [
                3,
                1
            ],
            "color": 2,
            "thinking_time": 29.3174,
            "search_depth": 4
        },
        {
            "turn": 5,
            "player_id": 1,
            "move": [
                4,
                11
            ],
            "color": 1,
            "thinking_time": 0.0164
        },
        {
            "turn": 6,
            "player_id": 2,
            "move": [
                3,
                3
            ],
            "color": 2,
            "thinking_time": 29.316,
            "search_depth": 4
        },
        {
            "turn": 7,
            "player_id": 1,
            "move": [
                4,
                12
            ],
            "color": 1,
            "thinking_time": 0.015
        },
        {
            "turn": 8,
            "player_id": 2,
            "move": [
                4,
                9
            ],
            "color": 2,
            "thinking_time": 0.0254,
            "search_depth": 0
        },
        {
            "turn": 9,
            "player_id": 1,
            "move": [
                4,
                3
            ],
            "color": 1,
            "thinking_time": 0.0156
        },
        {
            "turn": 10,
            "player_id": 2,
            "move": [
                4,
                2
            ],
            "color": 2,
            "thinking_time": 29.3163,
            "search_depth": 4
        },
        {
            "turn": 11,
            "player_id": 1,
            "move": [
                4,
                13
            ],
            "color": 1,
            "thinking_time": 0.0174
        },
        {
            "turn": 12,
            "player_id": 2,
            "move": [
                4,
                14
            ],
            "color": 2,
            "thinking_time": 0.0167,
            "search_depth": 0
        },
        {
            "turn": 13,
            "player_id": 1,
            "move": [
                3,
                7
            ],
            "color": 1,
            "thinking_time": 0.0174
        },
        {
            "turn": 14,
            "player_id": 2,
            "move": [
                3,
                2
            ],
            "color": 2,
            "thinking_time": 0.0338,
            "search_depth": 0
        },
        {
            "turn": 15,
            "player_id": 1,
            "move": [
                6,
                10
            ],
            "color": 1,
            "thinking_time": 0.0167
        },
        {
            "turn": 16,
            "player_id": 2,
            "move": [
                3,
                4
            ],
            "color": 2,
            "thinking_time": 0.3484,
            "search_depth": 0
        },
        {
            "turn": 17,
            "player_id": 1,
            "move": [
                2,
                6
            ],
            "color": 1,
            "thinking_time": 0.0164
        },
        {
            "turn": 18,
            "player_id": 2,
            "move": [
                3,
                5
            ],
            "color": 2,
            "thinking_time": 0.0155,
            "search_depth": 0
        }
    ]
}