{
    "game_id": "20250905_122023",
    "winner_id": 2,
    "winner_name": "Negamax AI",
    "player_setup": {
        "p1_name": "Gomocup AI",
        "p2_name": "Negamax AI"
    },
    "final_colors": {
        "1": 1,
        "2": 2
    },
    "rules": {
        "banned_moves_enabled": false,
        "swap2_enabled": false
    },
    "move_history": [
        {
            "turn": 1,
            "player_id": 1,
            "move": [
                2,
                6
            ],
            "color": 1,
            "thinking_time": 0.0167
        },
        {
            "turn": 2,
            "player_id": 2,
            "move": [
                2,
                8
            ],
            "color": 2,
            "thinking_time": 29.3213,
            "search_depth": 5
        },
        {
            "turn": 3,
            "player_id": 1,
            "move": [
                2,
                7
            ],
            "color": 1,
            "thinking_time": 0.0186
        },
        {
            "turn": 4,
            "player_id": 2,
            "move": [
                3,
                8
            ],
            "color": 2,
            "thinking_time": 29.314,
            "search_depth": 5
        },
        {
            "turn": 5,
            "player_id": 1,
            "move": [
                3,
                4
            ],
            "color": 1,
            "thinking_time": 0.0167
        },
        {
            "turn": 6,
            "player_id": 2,
            "move": [
                3,
                9
            ],
            "color": 2,
            "thinking_time": 29.3192,
            "search_depth": 4
        },
        {
            "turn": 7,
            "player_id": 1,
            "move": [
                1,
                6
            ],
            "color": 1,
            "thinking_time": 0.0176
        },
        {
            "turn": 8,
            "player_id": 2,
            "move": [
                1,
                9
            ],
            "color": 2,
            "thinking_time": 29.3212,
            "search_depth": 4
        },
        {
            "turn": 9,
            "player_id": 1,
            "move": [
                6,
                1
            ],
            "color": 1,
            "thinking_time": 0.0173
        },
        {
            "turn": 10,
            "player_id": 2,
            "move": [
                3,
                7
            ],
            "color": 2,
            "thinking_time": 0.1286,
            "search_depth": 0
        },
        {
            "turn": 11,
            "player_id": 1,
            "move": [
                7,
                0
            ],
            "color": 1,
            "thinking_time": 0.0167
        },
        {
            "turn": 12,
            "player_id": 2,
            "move": [
                4,
                6
            ],
            "color": 2,
            "thinking_time": 0.0395,
            "search_depth": 0
        },
        {
            "turn": 13,
            "player_id": 1,
            "move": [
                0,
                7
            ],
            "color": 1,
            "thinking_time": 0.0167
        },
        {
            "turn": 14,
            "player_id": 2,
            "move": [
                0,
                10
            ],
            "color": 2,
            "thinking_time": 0.0165,
            "search_depth": 0
        }
    ]
}