{
    "game_id": "20250905_114624",
    "winner_id": 2,
    "winner_name": "Negamax AI",
    "player_setup": {
        "p1_name": "Gomocup AI",
        "p2_name": "Negamax AI"
    },
    "final_colors": {
        "1": 1,
        "2": 2
    },
    "rules": {
        "banned_moves_enabled": false,
        "swap2_enabled": false
    },
    "move_history": [
        {
            "turn": 1,
            "player_id": 1,
            "move": [
                0,
                1
            ],
            "color": 1,
            "thinking_time": 0.018
        },
        {
            "turn": 2,
            "player_id": 2,
            "move": [
                2,
                2
            ],
            "color": 2,
            "thinking_time": 29.3199,
            "search_depth": 5
        },
        {
            "turn": 3,
            "player_id": 1,
            "move": [
                0,
                4
            ],
            "color": 1,
            "thinking_time": 0.0171
        },
        {
            "turn": 4,
            "player_id": 2,
            "move": [
                2,
                1
            ],
            "color": 2,
            "thinking_time": 29.3154,
            "search_depth": 5
        },
        {
            "turn": 5,
            "player_id": 1,
            "move": [
                0,
                5
            ],
            "color": 1,
            "thinking_time": 0.0159
        },
        {
            "turn": 6,
            "player_id": 2,
            "move": [
                0,
                3
            ],
            "color": 2,
            "thinking_time": 0.0207,
            "search_depth": 0
        },
        {
            "turn": 7,
            "player_id": 1,
            "move": [
                0,
                6
            ],
            "color": 1,
            "thinking_time": 0.0174
        },
        {
            "turn": 8,
            "player_id": 2,
            "move": [
                4,
                2
            ],
            "color": 2,
            "thinking_time": 29.3144,
            "search_depth": 5
        },
        {
            "turn": 9,
            "player_id": 1,
            "move": [
                0,
                7
            ],
            "color": 1,
            "thinking_time": 0.0161
        },
        {
            "turn": 10,
            "player_id": 2,
            "move": [
                0,
                8
            ],
            "color": 2,
            "thinking_time": 0.0153,
            "search_depth": 0
        },
        {
            "turn": 11,
            "player_id": 1,
            "move": [
                4,
                9
            ],
            "color": 1,
            "thinking_time": 0.0165
        },
        {
            "turn": 12,
            "player_id": 2,
            "move": [
                1,
                2
            ],
            "color": 2,
            "thinking_time": 29.3168,
            "search_depth": 5
        },
        {
            "turn": 13,
            "player_id": 1,
            "move": [
                4,
                8
            ],
            "color": 1,
            "thinking_time": 0.0171
        },
        {
            "turn": 14,
            "player_id": 2,
            "move": [
                3,
                2
            ],
            "color": 2,
            "thinking_time": 0.036,
            "search_depth": 0
        },
        {
            "turn": 15,
            "player_id": 1,
            "move": [
                4,
                6
            ],
            "color": 1,
            "thinking_time": 0.016
        },
        {
            "turn": 16,
            "player_id": 2,
            "move": [
                0,
                2
            ],
            "color": 2,
            "thinking_time": 0.015,
            "search_depth": 0
        }
    ]
}