{
    "game_id": "20250905_115652",
    "winner_id": 2,
    "winner_name": "Negamax AI",
    "player_setup": {
        "p1_name": "Gomocup AI",
        "p2_name": "Negamax AI"
    },
    "final_colors": {
        "1": 1,
        "2": 2
    },
    "rules": {
        "banned_moves_enabled": false,
        "swap2_enabled": false
    },
    "move_history": [
        {
            "turn": 1,
            "player_id": 1,
            "move": [
                7,
                10
            ],
            "color": 1,
            "thinking_time": 0.0156
        },
        {
            "turn": 2,
            "player_id": 2,
            "move": [
                8,
                9
            ],
            "color": 2,
            "thinking_time": 29.3213,
            "search_depth": 5
        },
        {
            "turn": 3,
            "player_id": 1,
            "move": [
                3,
                14
            ],
            "color": 1,
            "thinking_time": 0.0166
        },
        {
            "turn": 4,
            "player_id": 2,
            "move": [
                8,
                7
            ],
            "color": 2,
            "thinking_time": 29.3175,
            "search_depth": 4
        },
        {
            "turn": 5,
            "player_id": 1,
            "move": [
                0,
                11
            ],
            "color": 1,
            "thinking_time": 0.0167
        },
        {
            "turn": 6,
            "player_id": 2,
            "move": [
                6,
                9
            ],
            "color": 2,
            "thinking_time": 29.3181,
            "search_depth": 4
        },
        {
            "turn": 7,
            "player_id": 1,
            "move": [
                0,
                10
            ],
            "color": 1,
            "thinking_time": 0.0167
        },
        {
            "turn": 8,
            "player_id": 2,
            "move": [
                10,
                11
            ],
            "color": 2,
            "thinking_time": 29.3175,
            "search_depth": 4
        },
        {
            "turn": 9,
            "player_id": 1,
            "move": [
                0,
                14
            ],
            "color": 1,
            "thinking_time": 0.0168
        },
        {
            "turn": 10,
            "player_id": 2,
            "move": [
                0,
                9
            ],
            "color": 2,
            "thinking_time": 0.0263,
            "search_depth": 0
        },
        {
            "turn": 11,
            "player_id": 1,
            "move": [
                1,
                14
            ],
            "color": 1,
            "thinking_time": 0.0164
        },
        {
            "turn": 12,
            "player_id": 2,
            "move": [
                7,
                8
            ],
            "color": 2,
            "thinking_time": 0.0277,
            "search_depth": 0
        },
        {
            "turn": 13,
            "player_id": 1,
            "move": [
                6,
                13
            ],
            "color": 1,
            "thinking_time": 0.0159
        },
        {
            "turn": 14,
            "player_id": 2,
            "move": [
                9,
                6
            ],
            "color": 2,
            "thinking_time": 0.0436,
            "search_depth": 0
        },
        {
            "turn": 15,
            "player_id": 1,
            "move": [
                7,
                14
            ],
            "color": 1,
            "thinking_time": 0.0157
        },
        {
            "turn": 16,
            "player_id": 2,
            "move": [
                5,
                10
            ],
            "color": 2,
            "thinking_time": 0.015,
            "search_depth": 0
        }
    ]
}