{
    "game_id": "20250905_113926",
    "winner_id": 2,
    "winner_name": "Negamax AI",
    "player_setup": {
        "p1_name": "Gomocup AI",
        "p2_name": "Negamax AI"
    },
    "final_colors": {
        "1": 1,
        "2": 2
    },
    "rules": {
        "banned_moves_enabled": false,
        "swap2_enabled": false
    },
    "move_history": [
        {
            "turn": 1,
            "player_id": 1,
            "move": [
                0,
                9
            ],
            "color": 1,
            "thinking_time": 0.0177
        },
        {
            "turn": 2,
            "player_id": 2,
            "move": [
                1,
                8
            ],
            "color": 2,
            "thinking_time": 29.3172,
            "search_depth": 5
        },
        {
            "turn": 3,
            "player_id": 1,
            "move": [
                6,
                2
            ],
            "color": 1,
            "thinking_time": 0.0171
        },
        {
            "turn": 4,
            "player_id": 2,
            "move": [
                2,
                8
            ],
            "color": 2,
            "thinking_time": 29.3186,
            "search_depth": 4
        },
        {
            "turn": 5,
            "player_id": 1,
            "move": [
                6,
                4
            ],
            "color": 1,
            "thinking_time": 0.0172
        },
        {
            "turn": 6,
            "player_id": 2,
            "move": [
                1,
                6
            ],
            "color": 2,
            "thinking_time": 29.3178,
            "search_depth": 4
        },
        {
            "turn": 7,
            "player_id": 1,
            "move": [
                6,
                0
            ],
            "color": 1,
            "thinking_time": 0.016
        },
        {
            "turn": 8,
            "player_id": 2,
            "move": [
                6,
                3
            ],
            "color": 2,
            "thinking_time": 0.0236,
            "search_depth": 0
        },
        {
            "turn": 9,
            "player_id": 1,
            "move": [
                4,
                0
            ],
            "color": 1,
            "thinking_time": 0.016
        },
        {
            "turn": 10,
            "player_id": 2,
            "move": [
                3,
                6
            ],
            "color": 2,
            "thinking_time": 29.3143,
            "search_depth": 4
        },
        {
            "turn": 11,
            "player_id": 1,
            "move": [
                7,
                0
            ],
            "color": 1,
            "thinking_time": 0.0173
        },
        {
            "turn": 12,
            "player_id": 2,
            "move": [
                5,
                0
            ],
            "color": 2,
            "thinking_time": 0.0263,
            "search_depth": 0
        },
        {
            "turn": 13,
            "player_id": 1,
            "move": [
                8,
                0
            ],
            "color": 1,
            "thinking_time": 0.0161
        },
        {
            "turn": 14,
            "player_id": 2,
            "move": [
                1,
                5
            ],
            "color": 2,
            "thinking_time": 29.3172,
            "search_depth": 4
        },
        {
            "turn": 15,
            "player_id": 1,
            "move": [
                10,
                0
            ],
            "color": 1,
            "thinking_time": 0.017
        },
        {
            "turn": 16,
            "player_id": 2,
            "move": [
                9,
                0
            ],
            "color": 2,
            "thinking_time": 0.0169,
            "search_depth": 0
        },
        {
            "turn": 17,
            "player_id": 1,
            "move": [
                12,
                0
            ],
            "color": 1,
            "thinking_time": 0.0171
        },
        {
            "turn": 18,
            "player_id": 2,
            "move": [
                1,
                7
            ],
            "color": 2,
            "thinking_time": 0.0309,
            "search_depth": 0
        },
        {
            "turn": 19,
            "player_id": 1,
            "move": [
                2,
                0
            ],
            "color": 1,
            "thinking_time": 0.0166
        },
        {
            "turn": 20,
            "player_id": 2,
            "move": [
                1,
                9
            ],
            "color": 2,
            "thinking_time": 0.0155,
            "search_depth": 0
        }
    ]
}