{
    "game_id": "20250905_125802",
    "winner_id": 2,
    "winner_name": "Negamax AI",
    "player_setup": {
        "p1_name": "Gomocup AI",
        "p2_name": "Negamax AI"
    },
    "final_colors": {
        "1": 1,
        "2": 2
    },
    "rules": {
        "banned_moves_enabled": false,
        "swap2_enabled": false
    },
    "move_history": [
        {
            "turn": 1,
            "player_id": 1,
            "move": [
                11,
                0
            ],
            "color": 1,
            "thinking_time": 0.016
        },
        {
            "turn": 2,
            "player_id": 2,
            "move": [
                11,
                2
            ],
            "color": 2,
            "thinking_time": 29.3233,
            "search_depth": 5
        },
        {
            "turn": 3,
            "player_id": 1,
            "move": [
                12,
                12
            ],
            "color": 1,
            "thinking_time": 0.0162
        },
        {
            "turn": 4,
            "player_id": 2,
            "move": [
                13,
                4
            ],
            "color": 2,
            "thinking_time": 29.316,
            "search_depth": 4
        },
        {
            "turn": 5,
            "player_id": 1,
            "move": [
                9,
                12
            ],
            "color": 1,
            "thinking_time": 0.0167
        },
        {
            "turn": 6,
            "player_id": 2,
            "move": [
                13,
                2
            ],
            "color": 2,
            "thinking_time": 29.3177,
            "search_depth": 4
        },
        {
            "turn": 7,
            "player_id": 1,
            "move": [
                8,
                12
            ],
            "color": 1,
            "thinking_time": 0.016
        },
        {
            "turn": 8,
            "player_id": 2,
            "move": [
                10,
                12
            ],
            "color": 2,
            "thinking_time": 0.0241,
            "search_depth": 0
        },
        {
            "turn": 9,
            "player_id": 1,
            "move": [
                7,
                12
            ],
            "color": 1,
            "thinking_time": 0.0166
        },
        {
            "turn": 10,
            "player_id": 2,
            "move": [
                12,
                3
            ],
            "color": 2,
            "thinking_time": 29.3186,
            "search_depth": 4
        },
        {
            "turn": 11,
            "player_id": 1,
            "move": [
                13,
                12
            ],
            "color": 1,
            "thinking_time": 0.016
        },
        {
            "turn": 12,
            "player_id": 2,
            "move": [
                10,
                1
            ],
            "color": 2,
            "thinking_time": 1.4801,
            "search_depth": 3
        },
        {
            "turn": 13,
            "player_id": 1,
            "move": [
                6,
                12
            ],
            "color": 1,
            "thinking_time": 0.017
        },
        {
            "turn": 14,
            "player_id": 2,
            "move": [
                14,
                5
            ],
            "color": 2,
            "thinking_time": 0.0152,
            "search_depth": 0
        }
    ]
}