{
    "game_id": "20250905_122750",
    "winner_id": 2,
    "winner_name": "Negamax AI",
    "player_setup": {
        "p1_name": "Gomocup AI",
        "p2_name": "Negamax AI"
    },
    "final_colors": {
        "1": 1,
        "2": 2
    },
    "rules": {
        "banned_moves_enabled": false,
        "swap2_enabled": false
    },
    "move_history": [
        {
            "turn": 1,
            "player_id": 1,
            "move": [
                0,
                8
            ],
            "color": 1,
            "thinking_time": 0.0182
        },
        {
            "turn": 2,
            "player_id": 2,
            "move": [
                2,
                10
            ],
            "color": 2,
            "thinking_time": 29.322,
            "search_depth": 5
        },
        {
            "turn": 3,
            "player_id": 1,
            "move": [
                0,
                9
            ],
            "color": 1,
            "thinking_time": 0.0165
        },
        {
            "turn": 4,
            "player_id": 2,
            "move": [
                0,
                10
            ],
            "color": 2,
            "thinking_time": 29.3167,
            "search_depth": 4
        },
        {
            "turn": 5,
            "player_id": 1,
            "move": [
                0,
                11
            ],
            "color": 1,
            "thinking_time": 0.0165
        },
        {
            "turn": 6,
            "player_id": 2,
            "move": [
                3,
                10
            ],
            "color": 2,
            "thinking_time": 29.319,
            "search_depth": 5
        },
        {
            "turn": 7,
            "player_id": 1,
            "move": [
                0,
                12
            ],
            "color": 1,
            "thinking_time": 0.0173
        },
        {
            "turn": 8,
            "player_id": 2,
            "move": [
                4,
                10
            ],
            "color": 2,
            "thinking_time": 0.0227,
            "search_depth": 0
        },
        {
            "turn": 9,
            "player_id": 1,
            "move": [
                0,
                13
            ],
            "color": 1,
            "thinking_time": 0.0167
        },
        {
            "turn": 10,
            "player_id": 2,
            "move": [
                1,
                10
            ],
            "color": 2,
            "thinking_time": 0.0149,
            "search_depth": 0
        }
    ]
}