{
    "game_id": "20250905_122621",
    "winner_id": 2,
    "winner_name": "Negamax AI",
    "player_setup": {
        "p1_name": "Gomocup AI",
        "p2_name": "Negamax AI"
    },
    "final_colors": {
        "1": 1,
        "2": 2
    },
    "rules": {
        "banned_moves_enabled": false,
        "swap2_enabled": false
    },
    "move_history": [
        {
            "turn": 1,
            "player_id": 1,
            "move": [
                1,
                8
            ],
            "color": 1,
            "thinking_time": 0.0155
        },
        {
            "turn": 2,
            "player_id": 2,
            "move": [
                1,
                6
            ],
            "color": 2,
            "thinking_time": 29.318,
            "search_depth": 5
        },
        {
            "turn": 3,
            "player_id": 1,
            "move": [
                1,
                2
            ],
            "color": 1,
            "thinking_time": 0.0171
        },
        {
            "turn": 4,
            "player_id": 2,
            "move": [
                3,
                3
            ],
            "color": 2,
            "thinking_time": 29.3208,
            "search_depth": 5
        },
        {
            "turn": 5,
            "player_id": 1,
            "move": [
                1,
                1
            ],
            "color": 1,
            "thinking_time": 0.0167
        },
        {
            "turn": 6,
            "player_id": 2,
            "move": [
                1,
                5
            ],
            "color": 2,
            "thinking_time": 29.3224,
            "search_depth": 4
        },
        {
            "turn": 7,
            "player_id": 1,
            "move": [
                0,
                10
            ],
            "color": 1,
            "thinking_time": 0.0172
        },
        {
            "turn": 8,
            "player_id": 2,
            "move": [
                4,
                4
            ],
            "color": 2,
            "thinking_time": 29.3169,
            "search_depth": 4
        },
        {
            "turn": 9,
            "player_id": 1,
            "move": [
                3,
                1
            ],
            "color": 1,
            "thinking_time": 0.016
        },
        {
            "turn": 10,
            "player_id": 2,
            "move": [
                1,
                4
            ],
            "color": 2,
            "thinking_time": 29.3152,
            "search_depth": 4
        },
        {
            "turn": 11,
            "player_id": 1,
            "move": [
                0,
                4
            ],
            "color": 1,
            "thinking_time": 0.0164
        },
        {
            "turn": 12,
            "player_id": 2,
            "move": [
                3,
                4
            ],
            "color": 2,
            "thinking_time": 29.3153,
            "search_depth": 4
        },
        {
            "turn": 13,
            "player_id": 1,
            "move": [
                4,
                1
            ],
            "color": 1,
            "thinking_time": 0.0172
        },
        {
            "turn": 14,
            "player_id": 2,
            "move": [
                2,
                1
            ],
            "color": 2,
            "thinking_time": 0.0251,
            "search_depth": 0
        },
        {
            "turn": 15,
            "player_id": 1,
            "move": [
                7,
                1
            ],
            "color": 1,
            "thinking_time": 0.0172
        },
        {
            "turn": 16,
            "player_id": 2,
            "move": [
                2,
                4
            ],
            "color": 2,
            "thinking_time": 0.0292,
            "search_depth": 0
        },
        {
            "turn": 17,
            "player_id": 1,
            "move": [
                0,
                5
            ],
            "color": 1,
            "thinking_time": 0.0167
        },
        {
            "turn": 18,
            "player_id": 2,
            "move": [
                5,
                4
            ],
            "color": 2,
            "thinking_time": 0.0157,
            "search_depth": 0
        }
    ]
}