{
    "game_id": "20250905_132735",
    "winner_id": 2,
    "winner_name": "Negamax AI",
    "player_setup": {
        "p1_name": "Gomocup AI",
        "p2_name": "Negamax AI"
    },
    "final_colors": {
        "1": 1,
        "2": 2
    },
    "rules": {
        "banned_moves_enabled": false,
        "swap2_enabled": false
    },
    "move_history": [
        {
            "turn": 1,
            "player_id": 1,
            "move": [
                10,
                0
            ],
            "color": 1,
            "thinking_time": 0.0182
        },
        {
            "turn": 2,
            "player_id": 2,
            "move": [
                8,
                1
            ],
            "color": 2,
            "thinking_time": 29.321,
            "search_depth": 5
        },
        {
            "turn": 3,
            "player_id": 1,
            "move": [
                12,
                4
            ],
            "color": 1,
            "thinking_time": 0.0172
        },
        {
            "turn": 4,
            "player_id": 2,
            "move": [
                9,
                1
            ],
            "color": 2,
            "thinking_time": 29.3166,
            "search_depth": 4
        },
        {
            "turn": 5,
            "player_id": 1,
            "move": [
                14,
                2
            ],
            "color": 1,
            "thinking_time": 0.0181
        },
        {
            "turn": 6,
            "player_id": 2,
            "move": [
                9,
                3
            ],
            "color": 2,
            "thinking_time": 29.3162,
            "search_depth": 4
        },
        {
            "turn": 7,
            "player_id": 1,
            "move": [
                6,
                3
            ],
            "color": 1,
            "thinking_time": 0.016
        },
        {
            "turn": 8,
            "player_id": 2,
            "move": [
                10,
                2
            ],
            "color": 2,
            "thinking_time": 29.3197,
            "search_depth": 4
        },
        {
            "turn": 9,
            "player_id": 1,
            "move": [
                6,
                2
            ],
            "color": 1,
            "thinking_time": 0.0166
        },
        {
            "turn": 10,
            "player_id": 2,
            "move": [
                11,
                1
            ],
            "color": 2,
            "thinking_time": 0.0294,
            "search_depth": 0
        },
        {
            "turn": 11,
            "player_id": 1,
            "move": [
                6,
                7
            ],
            "color": 1,
            "thinking_time": 0.0177
        },
        {
            "turn": 12,
            "player_id": 2,
            "move": [
                8,
                4
            ],
            "color": 2,
            "thinking_time": 0.0468,
            "search_depth": 0
        },
        {
            "turn": 13,
            "player_id": 1,
            "move": [
                5,
                7
            ],
            "color": 1,
            "thinking_time": 0.0161
        },
        {
            "turn": 14,
            "player_id": 2,
            "move": [
                7,
                5
            ],
            "color": 2,
            "thinking_time": 0.0163,
            "search_depth": 0
        }
    ]
}