{
    "game_id": "20250905_121425",
    "winner_id": 2,
    "winner_name": "Negamax AI",
    "player_setup": {
        "p1_name": "Gomocup AI",
        "p2_name": "Negamax AI"
    },
    "final_colors": {
        "1": 1,
        "2": 2
    },
    "rules": {
        "banned_moves_enabled": false,
        "swap2_enabled": false
    },
    "move_history": [
        {
            "turn": 1,
            "player_id": 1,
            "move": [
                9,
                7
            ],
            "color": 1,
            "thinking_time": 0.017
        },
        {
            "turn": 2,
            "player_id": 2,
            "move": [
                9,
                5
            ],
            "color": 2,
            "thinking_time": 29.3284,
            "search_depth": 4
        },
        {
            "turn": 3,
            "player_id": 1,
            "move": [
                5,
                4
            ],
            "color": 1,
            "thinking_time": 0.016
        },
        {
            "turn": 4,
            "player_id": 2,
            "move": [
                11,
                5
            ],
            "color": 2,
            "thinking_time": 29.3196,
            "search_depth": 4
        },
        {
            "turn": 5,
            "player_id": 1,
            "move": [
                7,
                2
            ],
            "color": 1,
            "thinking_time": 0.0167
        },
        {
            "turn": 6,
            "player_id": 2,
            "move": [
                11,
                3
            ],
            "color": 2,
            "thinking_time": 29.3243,
            "search_depth": 4
        },
        {
            "turn": 7,
            "player_id": 1,
            "move": [
                9,
                0
            ],
            "color": 1,
            "thinking_time": 0.0164
        },
        {
            "turn": 8,
            "player_id": 2,
            "move": [
                4,
                5
            ],
            "color": 2,
            "thinking_time": 0.0255,
            "search_depth": 0
        },
        {
            "turn": 9,
            "player_id": 1,
            "move": [
                10,
                2
            ],
            "color": 1,
            "thinking_time": 0.016
        },
        {
            "turn": 10,
            "player_id": 2,
            "move": [
                8,
                2
            ],
            "color": 2,
            "thinking_time": 29.3216,
            "search_depth": 4
        },
        {
            "turn": 11,
            "player_id": 1,
            "move": [
                5,
                5
            ],
            "color": 1,
            "thinking_time": 0.0165
        },
        {
            "turn": 12,
            "player_id": 2,
            "move": [
                10,
                4
            ],
            "color": 2,
            "thinking_time": 0.0463,
            "search_depth": 0
        },
        {
            "turn": 13,
            "player_id": 1,
            "move": [
                5,
                3
            ],
            "color": 1,
            "thinking_time": 0.0161
        },
        {
            "turn": 14,
            "player_id": 2,
            "move": [
                5,
                6
            ],
            "color": 2,
            "thinking_time": 0.034,
            "search_depth": 0
        },
        {
            "turn": 15,
            "player_id": 1,
            "move": [
                5,
                9
            ],
            "color": 1,
            "thinking_time": 0.0169
        },
        {
            "turn": 16,
            "player_id": 2,
            "move": [
                9,
                3
            ],
            "color": 2,
            "thinking_time": 0.0365,
            "search_depth": 0
        },
        {
            "turn": 17,
            "player_id": 1,
            "move": [
                4,
                3
            ],
            "color": 1,
            "thinking_time": 0.0165
        },
        {
            "turn": 18,
            "player_id": 2,
            "move": [
                7,
                1
            ],
            "color": 2,
            "thinking_time": 0.0162,
            "search_depth": 0
        }
    ]
}