{
    "game_id": "20250905_125402",
    "winner_id": 2,
    "winner_name": "Negamax AI",
    "player_setup": {
        "p1_name": "Gomocup AI",
        "p2_name": "Negamax AI"
    },
    "final_colors": {
        "1": 1,
        "2": 2
    },
    "rules": {
        "banned_moves_enabled": false,
        "swap2_enabled": false
    },
    "move_history": [
        {
            "turn": 1,
            "player_id": 1,
            "move": [
                10,
                12
            ],
            "color": 1,
            "thinking_time": 0.017
        },
        {
            "turn": 2,
            "player_id": 2,
            "move": [
                9,
                10
            ],
            "color": 2,
            "thinking_time": 29.3252,
            "search_depth": 4
        },
        {
            "turn": 3,
            "player_id": 1,
            "move": [
                11,
                13
            ],
            "color": 1,
            "thinking_time": 0.0166
        },
        {
            "turn": 4,
            "player_id": 2,
            "move": [
                10,
                9
            ],
            "color": 2,
            "thinking_time": 29.318,
            "search_depth": 4
        },
        {
            "turn": 5,
            "player_id": 1,
            "move": [
                12,
                14
            ],
            "color": 1,
            "thinking_time": 0.0181
        },
        {
            "turn": 6,
            "player_id": 2,
            "move": [
                10,
                8
            ],
            "color": 2,
            "thinking_time": 29.3173,
            "search_depth": 4
        },
        {
            "turn": 7,
            "player_id": 1,
            "move": [
                10,
                7
            ],
            "color": 1,
            "thinking_time": 0.0171
        },
        {
            "turn": 8,
            "player_id": 2,
            "move": [
                8,
                10
            ],
            "color": 2,
            "thinking_time": 29.3221,
            "search_depth": 5
        },
        {
            "turn": 9,
            "player_id": 1,
            "move": [
                11,
                8
            ],
            "color": 1,
            "thinking_time": 0.0158
        },
        {
            "turn": 10,
            "player_id": 2,
            "move": [
                9,
                8
            ],
            "color": 2,
            "thinking_time": 29.3191,
            "search_depth": 4
        },
        {
            "turn": 11,
            "player_id": 1,
            "move": [
                11,
                5
            ],
            "color": 1,
            "thinking_time": 0.0172
        },
        {
            "turn": 12,
            "player_id": 2,
            "move": [
                9,
                9
            ],
            "color": 2,
            "thinking_time": 0.0614,
            "search_depth": 0
        },
        {
            "turn": 13,
            "player_id": 1,
            "move": [
                11,
                6
            ],
            "color": 1,
            "thinking_time": 0.016
        },
        {
            "turn": 14,
            "player_id": 2,
            "move": [
                11,
                7
            ],
            "color": 2,
            "thinking_time": 0.0395,
            "search_depth": 0
        },
        {
            "turn": 15,
            "player_id": 1,
            "move": [
                11,
                4
            ],
            "color": 1,
            "thinking_time": 0.0165
        },
        {
            "turn": 16,
            "player_id": 2,
            "move": [
                12,
                6
            ],
            "color": 2,
            "thinking_time": 0.015,
            "search_depth": 0
        }
    ]
}