{
    "game_id": "20250905_115752",
    "winner_id": 2,
    "winner_name": "Negamax AI",
    "player_setup": {
        "p1_name": "Gomocup AI",
        "p2_name": "Negamax AI"
    },
    "final_colors": {
        "1": 1,
        "2": 2
    },
    "rules": {
        "banned_moves_enabled": false,
        "swap2_enabled": false
    },
    "move_history": [
        {
            "turn": 1,
            "player_id": 1,
            "move": [
                8,
                14
            ],
            "color": 1,
            "thinking_time": 0.017
        },
        {
            "turn": 2,
            "player_id": 2,
            "move": [
                9,
                12
            ],
            "color": 2,
            "thinking_time": 29.3157,
            "search_depth": 5
        },
        {
            "turn": 3,
            "player_id": 1,
            "move": [
                10,
                14
            ],
            "color": 1,
            "thinking_time": 0.0169
        },
        {
            "turn": 4,
            "player_id": 2,
            "move": [
                11,
                10
            ],
            "color": 2,
            "thinking_time": 29.3133,
            "search_depth": 5
        },
        {
            "turn": 5,
            "player_id": 1,
            "move": [
                12,
                14
            ],
            "color": 1,
            "thinking_time": 0.016
        },
        {
            "turn": 6,
            "player_id": 2,
            "move": [
                7,
                14
            ],
            "color": 2,
            "thinking_time": 0.0228,
            "search_depth": 0
        },
        {
            "turn": 7,
            "player_id": 1,
            "move": [
                13,
                14
            ],
            "color": 1,
            "thinking_time": 0.0171
        },
        {
            "turn": 8,
            "player_id": 2,
            "move": [
                11,
                14
            ],
            "color": 2,
            "thinking_time": 0.024,
            "search_depth": 0
        },
        {
            "turn": 9,
            "player_id": 1,
            "move": [
                14,
                14
            ],
            "color": 1,
            "thinking_time": 0.0172
        },
        {
            "turn": 10,
            "player_id": 2,
            "move": [
                10,
                11
            ],
            "color": 2,
            "thinking_time": 0.0201,
            "search_depth": 0
        },
        {
            "turn": 11,
            "player_id": 1,
            "move": [
                13,
                12
            ],
            "color": 1,
            "thinking_time": 0.0165
        },
        {
            "turn": 12,
            "player_id": 2,
            "move": [
                8,
                13
            ],
            "color": 2,
            "thinking_time": 0.0145,
            "search_depth": 0
        }
    ]
}