{
    "game_id": "20250905_121225",
    "winner_id": 2,
    "winner_name": "Negamax AI",
    "player_setup": {
        "p1_name": "Gomocup AI",
        "p2_name": "Negamax AI"
    },
    "final_colors": {
        "1": 1,
        "2": 2
    },
    "rules": {
        "banned_moves_enabled": false,
        "swap2_enabled": false
    },
    "move_history": [
        {
            "turn": 1,
            "player_id": 1,
            "move": [
                14,
                8
            ],
            "color": 1,
            "thinking_time": 0.017
        },
        {
            "turn": 2,
            "player_id": 2,
            "move": [
                12,
                7
            ],
            "color": 2,
            "thinking_time": 29.3229,
            "search_depth": 5
        },
        {
            "turn": 3,
            "player_id": 1,
            "move": [
                13,
                8
            ],
            "color": 1,
            "thinking_time": 0.0191
        },
        {
            "turn": 4,
            "player_id": 2,
            "move": [
                12,
                9
            ],
            "color": 2,
            "thinking_time": 29.3171,
            "search_depth": 4
        },
        {
            "turn": 5,
            "player_id": 1,
            "move": [
                12,
                8
            ],
            "color": 1,
            "thinking_time": 0.0167
        },
        {
            "turn": 6,
            "player_id": 2,
            "move": [
                10,
                9
            ],
            "color": 2,
            "thinking_time": 29.3169,
            "search_depth": 5
        },
        {
            "turn": 7,
            "player_id": 1,
            "move": [
                11,
                8
            ],
            "color": 1,
            "thinking_time": 0.0171
        },
        {
            "turn": 8,
            "player_id": 2,
            "move": [
                10,
                8
            ],
            "color": 2,
            "thinking_time": 0.0157,
            "search_depth": 0
        },
        {
            "turn": 9,
            "player_id": 1,
            "move": [
                11,
                9
            ],
            "color": 1,
            "thinking_time": 0.0166
        },
        {
            "turn": 10,
            "player_id": 2,
            "move": [
                8,
                6
            ],
            "color": 2,
            "thinking_time": 29.3215,
            "search_depth": 5
        },
        {
            "turn": 11,
            "player_id": 1,
            "move": [
                11,
                7
            ],
            "color": 1,
            "thinking_time": 0.016
        },
        {
            "turn": 12,
            "player_id": 2,
            "move": [
                11,
                10
            ],
            "color": 2,
            "thinking_time": 0.0231,
            "search_depth": 0
        },
        {
            "turn": 13,
            "player_id": 1,
            "move": [
                11,
                6
            ],
            "color": 1,
            "thinking_time": 0.0174
        },
        {
            "turn": 14,
            "player_id": 2,
            "move": [
                11,
                5
            ],
            "color": 2,
            "thinking_time": 0.016,
            "search_depth": 0
        },
        {
            "turn": 15,
            "player_id": 1,
            "move": [
                10,
                6
            ],
            "color": 1,
            "thinking_time": 0.0175
        },
        {
            "turn": 16,
            "player_id": 2,
            "move": [
                13,
                9
            ],
            "color": 2,
            "thinking_time": 0.0317,
            "search_depth": 0
        },
        {
            "turn": 17,
            "player_id": 1,
            "move": [
                9,
                5
            ],
            "color": 1,
            "thinking_time": 0.0158
        },
        {
            "turn": 18,
            "player_id": 2,
            "move": [
                8,
                4
            ],
            "color": 2,
            "thinking_time": 0.0174,
            "search_depth": 0
        },
        {
            "turn": 19,
            "player_id": 1,
            "move": [
                10,
                7
            ],
            "color": 1,
            "thinking_time": 0.0171
        },
        {
            "turn": 20,
            "player_id": 2,
            "move": [
                8,
                7
            ],
            "color": 2,
            "thinking_time": 0.8235,
            "search_depth": 0
        },
        {
            "turn": 21,
            "player_id": 1,
            "move": [
                9,
                8
            ],
            "color": 1,
            "thinking_time": 0.0173
        },
        {
            "turn": 22,
            "player_id": 2,
            "move": [
                12,
                5
            ],
            "color": 2,
            "thinking_time": 0.0292,
            "search_depth": 0
        },
        {
            "turn": 23,
            "player_id": 1,
            "move": [
                8,
                5
            ],
            "color": 1,
            "thinking_time": 0.0175
        },
        {
            "turn": 24,
            "player_id": 2,
            "move": [
                9,
                6
            ],
            "color": 2,
            "thinking_time": 0.0275,
            "search_depth": 0
        },
        {
            "turn": 25,
            "player_id": 1,
            "move": [
                10,
                5
            ],
            "color": 1,
            "thinking_time": 0.0165
        },
        {
            "turn": 26,
            "player_id": 2,
            "move": [
                10,
                10
            ],
            "color": 2,
            "thinking_time": 29.3237,
            "search_depth": 6
        },
        {
            "turn": 27,
            "player_id": 1,
            "move": [
                10,
                11
            ],
            "color": 1,
            "thinking_time": 0.0178
        },
        {
            "turn": 28,
            "player_id": 2,
            "move": [
                12,
                10
            ],
            "color": 2,
            "thinking_time": 29.3251,
            "search_depth": 5
        },
        {
            "turn": 29,
            "player_id": 1,
            "move": [
                13,
                10
            ],
            "color": 1,
            "thinking_time": 0.0168
        },
        {
            "turn": 30,
            "player_id": 2,
            "move": [
                8,
                10
            ],
            "color": 2,
            "thinking_time": 29.3208,
            "search_depth": 6
        },
        {
            "turn": 31,
            "player_id": 1,
            "move": [
                9,
                10
            ],
            "color": 1,
            "thinking_time": 0.0169
        },
        {
            "turn": 32,
            "player_id": 2,
            "move": [
                8,
                9
            ],
            "color": 2,
            "thinking_time": 0.0265,
            "search_depth": 0
        },
        {
            "turn": 33,
            "player_id": 1,
            "move": [
                8,
                8
            ],
            "color": 1,
            "thinking_time": 0.016
        },
        {
            "turn": 34,
            "player_id": 2,
            "move": [
                7,
                9
            ],
            "color": 2,
            "thinking_time": 29.3194,
            "search_depth": 4
        },
        {
            "turn": 35,
            "player_id": 1,
            "move": [
                9,
                9
            ],
            "color": 1,
            "thinking_time": 0.0178
        },
        {
            "turn": 36,
            "player_id": 2,
            "move": [
                9,
                11
            ],
            "color": 2,
            "thinking_time": 0.0263,
            "search_depth": 0
        },
        {
            "turn": 37,
            "player_id": 1,
            "move": [
                6,
                8
            ],
            "color": 1,
            "thinking_time": 0.0175
        },
        {
            "turn": 38,
            "player_id": 2,
            "move": [
                10,
                12
            ],
            "color": 2,
            "thinking_time": 29.3245,
            "search_depth": 6
        },
        {
            "turn": 39,
            "player_id": 1,
            "move": [
                11,
                13
            ],
            "color": 1,
            "thinking_time": 0.0173
        },
        {
            "turn": 40,
            "player_id": 2,
            "move": [
                9,
                13
            ],
            "color": 2,
            "thinking_time": 29.3158,
            "search_depth": 5
        },
        {
            "turn": 41,
            "player_id": 1,
            "move": [
                11,
                11
            ],
            "color": 1,
            "thinking_time": 0.0171
        },
        {
            "turn": 42,
            "player_id": 2,
            "move": [
                12,
                4
            ],
            "color": 2,
            "thinking_time": 29.3231,
            "search_depth": 4
        },
        {
            "turn": 43,
            "player_id": 1,
            "move": [
                12,
                6
            ],
            "color": 1,
            "thinking_time": 0.0172
        },
        {
            "turn": 44,
            "player_id": 2,
            "move": [
                8,
                12
            ],
            "color": 2,
            "thinking_time": 29.3256,
            "search_depth": 4
        },
        {
            "turn": 45,
            "player_id": 1,
            "move": [
                9,
                4
            ],
            "color": 1,
            "thinking_time": 0.0176
        },
        {
            "turn": 46,
            "player_id": 2,
            "move": [
                10,
                3
            ],
            "color": 2,
            "thinking_time": 0.0268,
            "search_depth": 0
        },
        {
            "turn": 47,
            "player_id": 1,
            "move": [
                11,
                4
            ],
            "color": 1,
            "thinking_time": 0.0175
        },
        {
            "turn": 48,
            "player_id": 2,
            "move": [
                6,
                5
            ],
            "color": 2,
            "thinking_time": 29.3255,
            "search_depth": 4
        },
        {
            "turn": 49,
            "player_id": 1,
            "move": [
                8,
                11
            ],
            "color": 1,
            "thinking_time": 0.0173
        },
        {
            "turn": 50,
            "player_id": 2,
            "move": [
                7,
                13
            ],
            "color": 2,
            "thinking_time": 29.32,
            "search_depth": 5
        },
        {
            "turn": 51,
            "player_id": 1,
            "move": [
                6,
                14
            ],
            "color": 1,
            "thinking_time": 0.0174
        },
        {
            "turn": 52,
            "player_id": 2,
            "move": [
                8,
                13
            ],
            "color": 2,
            "thinking_time": 29.317,
            "search_depth": 4
        },
        {
            "turn": 53,
            "player_id": 1,
            "move": [
                6,
                13
            ],
            "color": 1,
            "thinking_time": 0.0167
        },
        {
            "turn": 54,
            "player_id": 2,
            "move": [
                6,
                10
            ],
            "color": 2,
            "thinking_time": 29.3258,
            "search_depth": 5
        },
        {
            "turn": 55,
            "player_id": 1,
            "move": [
                7,
                11
            ],
            "color": 1,
            "thinking_time": 0.0172
        },
        {
            "turn": 56,
            "player_id": 2,
            "move": [
                6,
                6
            ],
            "color": 2,
            "thinking_time": 29.3265,
            "search_depth": 4
        },
        {
            "turn": 57,
            "player_id": 1,
            "move": [
                7,
                6
            ],
            "color": 1,
            "thinking_time": 0.0175
        },
        {
            "turn": 58,
            "player_id": 2,
            "move": [
                8,
                3
            ],
            "color": 2,
            "thinking_time": 29.327,
            "search_depth": 4
        },
        {
            "turn": 59,
            "player_id": 1,
            "move": [
                7,
                8
            ],
            "color": 1,
            "thinking_time": 0.0173
        },
        {
            "turn": 60,
            "player_id": 2,
            "move": [
                5,
                8
            ],
            "color": 2,
            "thinking_time": 0.0182,
            "search_depth": 0
        },
        {
            "turn": 61,
            "player_id": 1,
            "move": [
                7,
                12
            ],
            "color": 1,
            "thinking_time": 0.016
        },
        {
            "turn": 62,
            "player_id": 2,
            "move": [
                5,
                14
            ],
            "color": 2,
            "thinking_time": 0.018,
            "search_depth": 0
        },
        {
            "turn": 63,
            "player_id": 1,
            "move": [
                13,
                6
            ],
            "color": 1,
            "thinking_time": 0.0176
        },
        {
            "turn": 64,
            "player_id": 2,
            "move": [
                14,
                6
            ],
            "color": 2,
            "thinking_time": 0.0182,
            "search_depth": 0
        },
        {
            "turn": 65,
            "player_id": 1,
            "move": [
                9,
                3
            ],
            "color": 1,
            "thinking_time": 0.0166
        },
        {
            "turn": 66,
            "player_id": 2,
            "move": [
                9,
                1
            ],
            "color": 2,
            "thinking_time": 29.3224,
            "search_depth": 5
        },
        {
            "turn": 67,
            "player_id": 1,
            "move": [
                12,
                11
            ],
            "color": 1,
            "thinking_time": 0.0167
        },
        {
            "turn": 68,
            "player_id": 2,
            "move": [
                8,
                2
            ],
            "color": 2,
            "thinking_time": 29.3188,
            "search_depth": 4
        },
        {
            "turn": 69,
            "player_id": 1,
            "move": [
                11,
                12
            ],
            "color": 1,
            "thinking_time": 0.0169
        },
        {
            "turn": 70,
            "player_id": 2,
            "move": [
                10,
                13
            ],
            "color": 2,
            "thinking_time": 0.0406,
            "search_depth": 0
        },
        {
            "turn": 71,
            "player_id": 1,
            "move": [
                13,
                11
            ],
            "color": 1,
            "thinking_time": 0.0174
        },
        {
            "turn": 72,
            "player_id": 2,
            "move": [
                14,
                11
            ],
            "color": 2,
            "thinking_time": 0.0191,
            "search_depth": 0
        },
        {
            "turn": 73,
            "player_id": 1,
            "move": [
                12,
                13
            ],
            "color": 1,
            "thinking_time": 0.0167
        },
        {
            "turn": 74,
            "player_id": 2,
            "move": [
                13,
                14
            ],
            "color": 2,
            "thinking_time": 0.0181,
            "search_depth": 0
        },
        {
            "turn": 75,
            "player_id": 1,
            "move": [
                8,
                1
            ],
            "color": 1,
            "thinking_time": 0.017
        },
        {
            "turn": 76,
            "player_id": 2,
            "move": [
                5,
                7
            ],
            "color": 2,
            "thinking_time": 29.3225,
            "search_depth": 4
        },
        {
            "turn": 77,
            "player_id": 1,
            "move": [
                7,
                5
            ],
            "color": 1,
            "thinking_time": 0.017
        },
        {
            "turn": 78,
            "player_id": 2,
            "move": [
                7,
                4
            ],
            "color": 2,
            "thinking_time": 0.029,
            "search_depth": 0
        },
        {
            "turn": 79,
            "player_id": 1,
            "move": [
                9,
                2
            ],
            "color": 1,
            "thinking_time": 0.0187
        },
        {
            "turn": 80,
            "player_id": 2,
            "move": [
                6,
                4
            ],
            "color": 2,
            "thinking_time": 29.0472,
            "search_depth": 5
        },
        {
            "turn": 81,
            "player_id": 1,
            "move": [
                7,
                3
            ],
            "color": 1,
            "thinking_time": 0.0174
        },
        {
            "turn": 82,
            "player_id": 2,
            "move": [
                6,
                7
            ],
            "color": 2,
            "thinking_time": 0.0447,
            "search_depth": 0
        },
        {
            "turn": 83,
            "player_id": 1,
            "move": [
                6,
                3
            ],
            "color": 1,
            "thinking_time": 0.0169
        },
        {
            "turn": 84,
            "player_id": 2,
            "move": [
                7,
                7
            ],
            "color": 2,
            "thinking_time": 0.0573,
            "search_depth": 0
        },
        {
            "turn": 85,
            "player_id": 1,
            "move": [
                4,
                7
            ],
            "color": 1,
            "thinking_time": 0.0169
        },
        {
            "turn": 86,
            "player_id": 2,
            "move": [
                9,
                7
            ],
            "color": 2,
            "thinking_time": 0.0181,
            "search_depth": 0
        }
    ]
}