{
    "game_id": "20250905_132535",
    "winner_id": 2,
    "winner_name": "Negamax AI",
    "player_setup": {
        "p1_name": "Gomocup AI",
        "p2_name": "Negamax AI"
    },
    "final_colors": {
        "1": 1,
        "2": 2
    },
    "rules": {
        "banned_moves_enabled": false,
        "swap2_enabled": false
    },
    "move_history": [
        {
            "turn": 1,
            "player_id": 1,
            "move": [
                11,
                0
            ],
            "color": 1,
            "thinking_time": 0.016
        },
        {
            "turn": 2,
            "player_id": 2,
            "move": [
                11,
                2
            ],
            "color": 2,
            "thinking_time": 29.3215,
            "search_depth": 5
        },
        {
            "turn": 3,
            "player_id": 1,
            "move": [
                6,
                4
            ],
            "color": 1,
            "thinking_time": 0.0164
        },
        {
            "turn": 4,
            "player_id": 2,
            "move": [
                13,
                2
            ],
            "color": 2,
            "thinking_time": 29.3169,
            "search_depth": 4
        },
        {
            "turn": 5,
            "player_id": 1,
            "move": [
                5,
                5
            ],
            "color": 1,
            "thinking_time": 0.016
        },
        {
            "turn": 6,
            "player_id": 2,
            "move": [
                7,
                3
            ],
            "color": 2,
            "thinking_time": 29.322,
            "search_depth": 4
        },
        {
            "turn": 7,
            "player_id": 1,
            "move": [
                3,
                7
            ],
            "color": 1,
            "thinking_time": 0.0171
        },
        {
            "turn": 8,
            "player_id": 2,
            "move": [
                12,
                3
            ],
            "color": 2,
            "thinking_time": 29.3146,
            "search_depth": 4
        },
        {
            "turn": 9,
            "player_id": 1,
            "move": [
                8,
                2
            ],
            "color": 1,
            "thinking_time": 0.0178
        },
        {
            "turn": 10,
            "player_id": 2,
            "move": [
                12,
                1
            ],
            "color": 2,
            "thinking_time": 29.3183,
            "search_depth": 4
        },
        {
            "turn": 11,
            "player_id": 1,
            "move": [
                9,
                1
            ],
            "color": 1,
            "thinking_time": 0.0172
        },
        {
            "turn": 12,
            "player_id": 2,
            "move": [
                12,
                2
            ],
            "color": 2,
            "thinking_time": 0.0251,
            "search_depth": 0
        },
        {
            "turn": 13,
            "player_id": 1,
            "move": [
                2,
                8
            ],
            "color": 1,
            "thinking_time": 0.017
        },
        {
            "turn": 14,
            "player_id": 2,
            "move": [
                4,
                6
            ],
            "color": 2,
            "thinking_time": 0.016,
            "search_depth": 0
        },
        {
            "turn": 15,
            "player_id": 1,
            "move": [
                1,
                9
            ],
            "color": 1,
            "thinking_time": 0.0159
        },
        {
            "turn": 16,
            "player_id": 2,
            "move": [
                10,
                2
            ],
            "color": 2,
            "thinking_time": 0.0331,
            "search_depth": 0
        },
        {
            "turn": 17,
            "player_id": 1,
            "move": [
                0,
                10
            ],
            "color": 1,
            "thinking_time": 0.0173
        },
        {
            "turn": 18,
            "player_id": 2,
            "move": [
                9,
                2
            ],
            "color": 2,
            "thinking_time": 0.0155,
            "search_depth": 0
        }
    ]
}