{
    "game_id": "20250905_121824",
    "winner_id": 2,
    "winner_name": "Negamax AI",
    "player_setup": {
        "p1_name": "Gomocup AI",
        "p2_name": "Negamax AI"
    },
    "final_colors": {
        "1": 1,
        "2": 2
    },
    "rules": {
        "banned_moves_enabled": false,
        "swap2_enabled": false
    },
    "move_history": [
        {
            "turn": 1,
            "player_id": 1,
            "move": [
                4,
                2
            ],
            "color": 1,
            "thinking_time": 0.0166
        },
        {
            "turn": 2,
            "player_id": 2,
            "move": [
                6,
                3
            ],
            "color": 2,
            "thinking_time": 29.3143,
            "search_depth": 4
        },
        {
            "turn": 3,
            "player_id": 1,
            "move": [
                2,
                4
            ],
            "color": 1,
            "thinking_time": 0.016
        },
        {
            "turn": 4,
            "player_id": 2,
            "move": [
                4,
                4
            ],
            "color": 2,
            "thinking_time": 29.3206,
            "search_depth": 4
        },
        {
            "turn": 5,
            "player_id": 1,
            "move": [
                1,
                5
            ],
            "color": 1,
            "thinking_time": 0.0164
        },
        {
            "turn": 6,
            "player_id": 2,
            "move": [
                3,
                3
            ],
            "color": 2,
            "thinking_time": 0.0228,
            "search_depth": 0
        },
        {
            "turn": 7,
            "player_id": 1,
            "move": [
                0,
                6
            ],
            "color": 1,
            "thinking_time": 0.0174
        },
        {
            "turn": 8,
            "player_id": 2,
            "move": [
                3,
                2
            ],
            "color": 2,
            "thinking_time": 29.3185,
            "search_depth": 4
        },
        {
            "turn": 9,
            "player_id": 1,
            "move": [
                6,
                0
            ],
            "color": 1,
            "thinking_time": 0.0164
        },
        {
            "turn": 10,
            "player_id": 2,
            "move": [
                6,
                5
            ],
            "color": 2,
            "thinking_time": 29.316,
            "search_depth": 5
        },
        {
            "turn": 11,
            "player_id": 1,
            "move": [
                2,
                2
            ],
            "color": 1,
            "thinking_time": 0.0159
        },
        {
            "turn": 12,
            "player_id": 2,
            "move": [
                4,
                3
            ],
            "color": 2,
            "thinking_time": 0.033,
            "search_depth": 0
        },
        {
            "turn": 13,
            "player_id": 1,
            "move": [
                2,
                1
            ],
            "color": 1,
            "thinking_time": 0.0165
        },
        {
            "turn": 14,
            "player_id": 2,
            "move": [
                2,
                3
            ],
            "color": 2,
            "thinking_time": 0.033,
            "search_depth": 0
        },
        {
            "turn": 15,
            "player_id": 1,
            "move": [
                2,
                5
            ],
            "color": 1,
            "thinking_time": 0.0165
        },
        {
            "turn": 16,
            "player_id": 2,
            "move": [
                5,
                3
            ],
            "color": 2,
            "thinking_time": 0.0154,
            "search_depth": 0
        }
    ]
}