{
    "game_id": "20250905_123848",
    "winner_id": 2,
    "winner_name": "Negamax AI",
    "player_setup": {
        "p1_name": "Gomocup AI",
        "p2_name": "Negamax AI"
    },
    "final_colors": {
        "1": 1,
        "2": 2
    },
    "rules": {
        "banned_moves_enabled": false,
        "swap2_enabled": false
    },
    "move_history": [
        {
            "turn": 1,
            "player_id": 1,
            "move": [
                14,
                5
            ],
            "color": 1,
            "thinking_time": 0.0155
        },
        {
            "turn": 2,
            "player_id": 2,
            "move": [
                12,
                4
            ],
            "color": 2,
            "thinking_time": 29.3176,
            "search_depth": 5
        },
        {
            "turn": 3,
            "player_id": 1,
            "move": [
                2,
                14
            ],
            "color": 1,
            "thinking_time": 0.0169
        },
        {
            "turn": 4,
            "player_id": 2,
            "move": [
                11,
                5
            ],
            "color": 2,
            "thinking_time": 29.3195,
            "search_depth": 4
        },
        {
            "turn": 5,
            "player_id": 1,
            "move": [
                3,
                14
            ],
            "color": 1,
            "thinking_time": 0.0168
        },
        {
            "turn": 6,
            "player_id": 2,
            "move": [
                11,
                4
            ],
            "color": 2,
            "thinking_time": 29.3182,
            "search_depth": 4
        },
        {
            "turn": 7,
            "player_id": 1,
            "move": [
                11,
                14
            ],
            "color": 1,
            "thinking_time": 0.0165
        },
        {
            "turn": 8,
            "player_id": 2,
            "move": [
                9,
                7
            ],
            "color": 2,
            "thinking_time": 29.3228,
            "search_depth": 5
        },
        {
            "turn": 9,
            "player_id": 1,
            "move": [
                9,
                14
            ],
            "color": 1,
            "thinking_time": 0.016
        },
        {
            "turn": 10,
            "player_id": 2,
            "move": [
                10,
                6
            ],
            "color": 2,
            "thinking_time": 0.07,
            "search_depth": 0
        },
        {
            "turn": 11,
            "player_id": 1,
            "move": [
                8,
                14
            ],
            "color": 1,
            "thinking_time": 0.0175
        },
        {
            "turn": 12,
            "player_id": 2,
            "move": [
                13,
                3
            ],
            "color": 2,
            "thinking_time": 0.0067,
            "search_depth": 0
        }
    ]
}