{
    "game_id": "20250905_115224",
    "winner_id": 2,
    "winner_name": "Negamax AI",
    "player_setup": {
        "p1_name": "Gomocup AI",
        "p2_name": "Negamax AI"
    },
    "final_colors": {
        "1": 1,
        "2": 2
    },
    "rules": {
        "banned_moves_enabled": false,
        "swap2_enabled": false
    },
    "move_history": [
        {
            "turn": 1,
            "player_id": 1,
            "move": [
                2,
                10
            ],
            "color": 1,
            "thinking_time": 0.017
        },
        {
            "turn": 2,
            "player_id": 2,
            "move": [
                4,
                12
            ],
            "color": 2,
            "thinking_time": 29.3194,
            "search_depth": 5
        },
        {
            "turn": 3,
            "player_id": 1,
            "move": [
                1,
                10
            ],
            "color": 1,
            "thinking_time": 0.0172
        },
        {
            "turn": 4,
            "player_id": 2,
            "move": [
                3,
                12
            ],
            "color": 2,
            "thinking_time": 29.3195,
            "search_depth": 5
        },
        {
            "turn": 5,
            "player_id": 1,
            "move": [
                2,
                11
            ],
            "color": 1,
            "thinking_time": 0.0163
        },
        {
            "turn": 6,
            "player_id": 2,
            "move": [
                4,
                13
            ],
            "color": 2,
            "thinking_time": 29.3195,
            "search_depth": 5
        },
        {
            "turn": 7,
            "player_id": 1,
            "move": [
                1,
                11
            ],
            "color": 1,
            "thinking_time": 0.016
        },
        {
            "turn": 8,
            "player_id": 2,
            "move": [
                2,
                13
            ],
            "color": 2,
            "thinking_time": 29.3151,
            "search_depth": 4
        },
        {
            "turn": 9,
            "player_id": 1,
            "move": [
                5,
                11
            ],
            "color": 1,
            "thinking_time": 0.0167
        },
        {
            "turn": 10,
            "player_id": 2,
            "move": [
                4,
                10
            ],
            "color": 2,
            "thinking_time": 0.0237,
            "search_depth": 0
        },
        {
            "turn": 11,
            "player_id": 1,
            "move": [
                6,
                11
            ],
            "color": 1,
            "thinking_time": 0.0165
        },
        {
            "turn": 12,
            "player_id": 2,
            "move": [
                4,
                11
            ],
            "color": 2,
            "thinking_time": 0.0271,
            "search_depth": 0
        },
        {
            "turn": 13,
            "player_id": 1,
            "move": [
                5,
                14
            ],
            "color": 1,
            "thinking_time": 0.0164
        },
        {
            "turn": 14,
            "player_id": 2,
            "move": [
                4,
                9
            ],
            "color": 2,
            "thinking_time": 0.014,
            "search_depth": 0
        }
    ]
}