{
    "game_id": "20250905_121624",
    "winner_id": 2,
    "winner_name": "Negamax AI",
    "player_setup": {
        "p1_name": "Gomocup AI",
        "p2_name": "Negamax AI"
    },
    "final_colors": {
        "1": 1,
        "2": 2
    },
    "rules": {
        "banned_moves_enabled": false,
        "swap2_enabled": false
    },
    "move_history": [
        {
            "turn": 1,
            "player_id": 1,
            "move": [
                3,
                3
            ],
            "color": 1,
            "thinking_time": 0.0167
        },
        {
            "turn": 2,
            "player_id": 2,
            "move": [
                4,
                3
            ],
            "color": 2,
            "thinking_time": 29.321,
            "search_depth": 5
        },
        {
            "turn": 3,
            "player_id": 1,
            "move": [
                2,
                3
            ],
            "color": 1,
            "thinking_time": 0.0163
        },
        {
            "turn": 4,
            "player_id": 2,
            "move": [
                4,
                5
            ],
            "color": 2,
            "thinking_time": 29.3196,
            "search_depth": 5
        },
        {
            "turn": 5,
            "player_id": 1,
            "move": [
                1,
                3
            ],
            "color": 1,
            "thinking_time": 0.0172
        },
        {
            "turn": 6,
            "player_id": 2,
            "move": [
                3,
                5
            ],
            "color": 2,
            "thinking_time": 29.3175,
            "search_depth": 5
        },
        {
            "turn": 7,
            "player_id": 1,
            "move": [
                0,
                3
            ],
            "color": 1,
            "thinking_time": 0.0171
        },
        {
            "turn": 8,
            "player_id": 2,
            "move": [
                3,
                2
            ],
            "color": 2,
            "thinking_time": 29.3192,
            "search_depth": 4
        },
        {
            "turn": 9,
            "player_id": 1,
            "move": [
                5,
                2
            ],
            "color": 1,
            "thinking_time": 0.0165
        },
        {
            "turn": 10,
            "player_id": 2,
            "move": [
                6,
                5
            ],
            "color": 2,
            "thinking_time": 0.0241,
            "search_depth": 0
        },
        {
            "turn": 11,
            "player_id": 1,
            "move": [
                5,
                1
            ],
            "color": 1,
            "thinking_time": 0.0167
        },
        {
            "turn": 12,
            "player_id": 2,
            "move": [
                5,
                4
            ],
            "color": 2,
            "thinking_time": 0.0666,
            "search_depth": 0
        },
        {
            "turn": 13,
            "player_id": 1,
            "move": [
                5,
                0
            ],
            "color": 1,
            "thinking_time": 0.0167
        },
        {
            "turn": 14,
            "player_id": 2,
            "move": [
                2,
                1
            ],
            "color": 2,
            "thinking_time": 0.0156,
            "search_depth": 0
        }
    ]
}