{
    "game_id": "20250905_132306",
    "winner_id": 2,
    "winner_name": "Negamax AI",
    "player_setup": {
        "p1_name": "Gomocup AI",
        "p2_name": "Negamax AI"
    },
    "final_colors": {
        "1": 1,
        "2": 2
    },
    "rules": {
        "banned_moves_enabled": false,
        "swap2_enabled": false
    },
    "move_history": [
        {
            "turn": 1,
            "player_id": 1,
            "move": [
                7,
                1
            ],
            "color": 1,
            "thinking_time": 0.01
        },
        {
            "turn": 2,
            "player_id": 2,
            "move": [
                7,
                0
            ],
            "color": 2,
            "thinking_time": 29.3227,
            "search_depth": 5
        },
        {
            "turn": 3,
            "player_id": 1,
            "move": [
                6,
                6
            ],
            "color": 1,
            "thinking_time": 0.0166
        },
        {
            "turn": 4,
            "player_id": 2,
            "move": [
                8,
                0
            ],
            "color": 2,
            "thinking_time": 29.3154,
            "search_depth": 4
        },
        {
            "turn": 5,
            "player_id": 1,
            "move": [
                5,
                6
            ],
            "color": 1,
            "thinking_time": 0.0167
        },
        {
            "turn": 6,
            "player_id": 2,
            "move": [
                5,
                1
            ],
            "color": 2,
            "thinking_time": 29.3227,
            "search_depth": 4
        },
        {
            "turn": 7,
            "player_id": 1,
            "move": [
                4,
                6
            ],
            "color": 1,
            "thinking_time": 0.0163
        },
        {
            "turn": 8,
            "player_id": 2,
            "move": [
                7,
                6
            ],
            "color": 2,
            "thinking_time": 0.0298,
            "search_depth": 0
        },
        {
            "turn": 9,
            "player_id": 1,
            "move": [
                3,
                6
            ],
            "color": 1,
            "thinking_time": 0.0173
        },
        {
            "turn": 10,
            "player_id": 2,
            "move": [
                2,
                6
            ],
            "color": 2,
            "thinking_time": 0.0164,
            "search_depth": 0
        },
        {
            "turn": 11,
            "player_id": 1,
            "move": [
                6,
                5
            ],
            "color": 1,
            "thinking_time": 0.0165
        },
        {
            "turn": 12,
            "player_id": 2,
            "move": [
                2,
                4
            ],
            "color": 2,
            "thinking_time": 29.32,
            "search_depth": 4
        },
        {
            "turn": 13,
            "player_id": 1,
            "move": [
                4,
                7
            ],
            "color": 1,
            "thinking_time": 0.016
        },
        {
            "turn": 14,
            "player_id": 2,
            "move": [
                7,
                4
            ],
            "color": 2,
            "thinking_time": 0.0299,
            "search_depth": 0
        },
        {
            "turn": 15,
            "player_id": 1,
            "move": [
                8,
                3
            ],
            "color": 1,
            "thinking_time": 0.0161
        },
        {
            "turn": 16,
            "player_id": 2,
            "move": [
                7,
                7
            ],
            "color": 2,
            "thinking_time": 29.3225,
            "search_depth": 4
        },
        {
            "turn": 17,
            "player_id": 1,
            "move": [
                3,
                8
            ],
            "color": 1,
            "thinking_time": 0.0177
        },
        {
            "turn": 18,
            "player_id": 2,
            "move": [
                2,
                9
            ],
            "color": 2,
            "thinking_time": 0.0172,
            "search_depth": 0
        },
        {
            "turn": 19,
            "player_id": 1,
            "move": [
                9,
                2
            ],
            "color": 1,
            "thinking_time": 0.0172
        },
        {
            "turn": 20,
            "player_id": 2,
            "move": [
                7,
                5
            ],
            "color": 2,
            "thinking_time": 2.0292,
            "search_depth": 0
        },
        {
            "turn": 21,
            "player_id": 1,
            "move": [
                10,
                1
            ],
            "color": 1,
            "thinking_time": 0.0168
        },
        {
            "turn": 22,
            "player_id": 2,
            "move": [
                7,
                3
            ],
            "color": 2,
            "thinking_time": 0.016,
            "search_depth": 0
        }
    ]
}