{
    "game_id": "20250905_124047",
    "winner_id": 2,
    "winner_name": "Negamax AI",
    "player_setup": {
        "p1_name": "Gomocup AI",
        "p2_name": "Negamax AI"
    },
    "final_colors": {
        "1": 1,
        "2": 2
    },
    "rules": {
        "banned_moves_enabled": false,
        "swap2_enabled": false
    },
    "move_history": [
        {
            "turn": 1,
            "player_id": 1,
            "move": [
                12,
                14
            ],
            "color": 1,
            "thinking_time": 0.016
        },
        {
            "turn": 2,
            "player_id": 2,
            "move": [
                13,
                13
            ],
            "color": 2,
            "thinking_time": 29.3229,
            "search_depth": 5
        },
        {
            "turn": 3,
            "player_id": 1,
            "move": [
                7,
                14
            ],
            "color": 1,
            "thinking_time": 0.016
        },
        {
            "turn": 4,
            "player_id": 2,
            "move": [
                13,
                12
            ],
            "color": 2,
            "thinking_time": 29.3174,
            "search_depth": 5
        },
        {
            "turn": 5,
            "player_id": 1,
            "move": [
                11,
                1
            ],
            "color": 1,
            "thinking_time": 0.0171
        },
        {
            "turn": 6,
            "player_id": 2,
            "move": [
                11,
                11
            ],
            "color": 2,
            "thinking_time": 29.3199,
            "search_depth": 4
        },
        {
            "turn": 7,
            "player_id": 1,
            "move": [
                14,
                9
            ],
            "color": 1,
            "thinking_time": 0.0172
        },
        {
            "turn": 8,
            "player_id": 2,
            "move": [
                11,
                12
            ],
            "color": 2,
            "thinking_time": 29.3221,
            "search_depth": 4
        },
        {
            "turn": 9,
            "player_id": 1,
            "move": [
                12,
                1
            ],
            "color": 1,
            "thinking_time": 0.0159
        },
        {
            "turn": 10,
            "player_id": 2,
            "move": [
                12,
                12
            ],
            "color": 2,
            "thinking_time": 0.0314,
            "search_depth": 0
        },
        {
            "turn": 11,
            "player_id": 1,
            "move": [
                14,
                13
            ],
            "color": 1,
            "thinking_time": 0.0169
        },
        {
            "turn": 12,
            "player_id": 2,
            "move": [
                9,
                12
            ],
            "color": 2,
            "thinking_time": 0.0252,
            "search_depth": 0
        },
        {
            "turn": 13,
            "player_id": 1,
            "move": [
                14,
                12
            ],
            "color": 1,
            "thinking_time": 0.0166
        },
        {
            "turn": 14,
            "player_id": 2,
            "move": [
                10,
                12
            ],
            "color": 2,
            "thinking_time": 0.0156,
            "search_depth": 0
        }
    ]
}