{
    "game_id": "20250905_113257",
    "winner_id": 2,
    "winner_name": "Negamax AI",
    "player_setup": {
        "p1_name": "Gomocup AI",
        "p2_name": "Negamax AI"
    },
    "final_colors": {
        "1": 1,
        "2": 2
    },
    "rules": {
        "banned_moves_enabled": false,
        "swap2_enabled": false
    },
    "move_history": [
        {
            "turn": 1,
            "player_id": 1,
            "move": [
                9,
                6
            ],
            "color": 1,
            "thinking_time": 0.0166
        },
        {
            "turn": 2,
            "player_id": 2,
            "move": [
                10,
                6
            ],
            "color": 2,
            "thinking_time": 29.3244,
            "search_depth": 4
        },
        {
            "turn": 3,
            "player_id": 1,
            "move": [
                11,
                8
            ],
            "color": 1,
            "thinking_time": 0.0172
        },
        {
            "turn": 4,
            "player_id": 2,
            "move": [
                10,
                7
            ],
            "color": 2,
            "thinking_time": 29.3164,
            "search_depth": 4
        },
        {
            "turn": 5,
            "player_id": 1,
            "move": [
                6,
                3
            ],
            "color": 1,
            "thinking_time": 0.0176
        },
        {
            "turn": 6,
            "player_id": 2,
            "move": [
                11,
                7
            ],
            "color": 2,
            "thinking_time": 29.3211,
            "search_depth": 4
        },
        {
            "turn": 7,
            "player_id": 1,
            "move": [
                13,
                6
            ],
            "color": 1,
            "thinking_time": 0.0173
        },
        {
            "turn": 8,
            "player_id": 2,
            "move": [
                13,
                5
            ],
            "color": 2,
            "thinking_time": 29.3203,
            "search_depth": 5
        },
        {
            "turn": 9,
            "player_id": 1,
            "move": [
                9,
                10
            ],
            "color": 1,
            "thinking_time": 0.016
        },
        {
            "turn": 10,
            "player_id": 2,
            "move": [
                10,
                9
            ],
            "color": 2,
            "thinking_time": 0.0249,
            "search_depth": 0
        },
        {
            "turn": 11,
            "player_id": 1,
            "move": [
                5,
                2
            ],
            "color": 1,
            "thinking_time": 0.0161
        },
        {
            "turn": 12,
            "player_id": 2,
            "move": [
                7,
                4
            ],
            "color": 2,
            "thinking_time": 0.0368,
            "search_depth": 0
        },
        {
            "turn": 13,
            "player_id": 1,
            "move": [
                4,
                1
            ],
            "color": 1,
            "thinking_time": 0.0174
        },
        {
            "turn": 14,
            "player_id": 2,
            "move": [
                10,
                8
            ],
            "color": 2,
            "thinking_time": 0.0409,
            "search_depth": 0
        },
        {
            "turn": 15,
            "player_id": 1,
            "move": [
                3,
                0
            ],
            "color": 1,
            "thinking_time": 0.0174
        },
        {
            "turn": 16,
            "player_id": 2,
            "move": [
                10,
                10
            ],
            "color": 2,
            "thinking_time": 0.0156,
            "search_depth": 0
        }
    ]
}