{
    "game_id": "20250906_123121",
    "winner_id": 2,
    "winner_name": "Negamax AI",
    "player_setup": {
        "p1_name": "Gomocup AI",
        "p2_name": "Negamax AI"
    },
    "final_colors": {
        "1": 1,
        "2": 2
    },
    "rules": {
        "banned_moves_enabled": false,
        "swap2_enabled": false
    },
    "move_history": [
        {
            "turn": 1,
            "player_id": 1,
            "move": [
                13,
                11
            ],
            "color": 1,
            "thinking_time": 0.016
        },
        {
            "turn": 2,
            "player_id": 2,
            "move": [
                13,
                10
            ],
            "color": 2,
            "thinking_time": 29.3103,
            "search_depth": 4
        },
        {
            "turn": 3,
            "player_id": 1,
            "move": [
                13,
                8
            ],
            "color": 1,
            "thinking_time": 0.0162
        },
        {
            "turn": 4,
            "player_id": 2,
            "move": [
                11,
                12
            ],
            "color": 2,
            "thinking_time": 29.3177,
            "search_depth": 5
        },
        {
            "turn": 5,
            "player_id": 1,
            "move": [
                13,
                12
            ],
            "color": 1,
            "thinking_time": 0.0154
        },
        {
            "turn": 6,
            "player_id": 2,
            "move": [
                12,
                7
            ],
            "color": 2,
            "thinking_time": 29.321,
            "search_depth": 5
        },
        {
            "turn": 7,
            "player_id": 1,
            "move": [
                13,
                13
            ],
            "color": 1,
            "thinking_time": 0.0159
        },
        {
            "turn": 8,
            "player_id": 2,
            "move": [
                10,
                9
            ],
            "color": 2,
            "thinking_time": 29.3205,
            "search_depth": 5
        },
        {
            "turn": 9,
            "player_id": 1,
            "move": [
                14,
                13
            ],
            "color": 1,
            "thinking_time": 0.0146
        },
        {
            "turn": 10,
            "player_id": 2,
            "move": [
                12,
                13
            ],
            "color": 2,
            "thinking_time": 29.3185,
            "search_depth": 4
        },
        {
            "turn": 11,
            "player_id": 1,
            "move": [
                14,
                12
            ],
            "color": 1,
            "thinking_time": 0.0154
        },
        {
            "turn": 12,
            "player_id": 2,
            "move": [
                9,
                10
            ],
            "color": 2,
            "thinking_time": 17.6835,
            "search_depth": 5
        },
        {
            "turn": 13,
            "player_id": 1,
            "move": [
                14,
                11
            ],
            "color": 1,
            "thinking_time": 0.016
        },
        {
            "turn": 14,
            "player_id": 2,
            "move": [
                14,
                10
            ],
            "color": 2,
            "thinking_time": 0.0315,
            "search_depth": 0
        },
        {
            "turn": 15,
            "player_id": 1,
            "move": [
                12,
                11
            ],
            "color": 1,
            "thinking_time": 0.0142
        },
        {
            "turn": 16,
            "player_id": 2,
            "move": [
                10,
                11
            ],
            "color": 2,
            "thinking_time": 0.0308,
            "search_depth": 0
        },
        {
            "turn": 17,
            "player_id": 1,
            "move": [
                11,
                11
            ],
            "color": 1,
            "thinking_time": 0.0162
        },
        {
            "turn": 18,
            "player_id": 2,
            "move": [
                8,
                9
            ],
            "color": 2,
            "thinking_time": 0.0156,
            "search_depth": 0
        }
    ]
}