{
    "game_id": "20250906_143004",
    "winner_id": 2,
    "winner_name": "Negamax AI",
    "player_setup": {
        "p1_name": "Gomocup AI",
        "p2_name": "Negamax AI"
    },
    "final_colors": {
        "1": 1,
        "2": 2
    },
    "rules": {
        "banned_moves_enabled": false,
        "swap2_enabled": false
    },
    "move_history": [
        {
            "turn": 1,
            "player_id": 1,
            "move": [
                0,
                12
            ],
            "color": 1,
            "thinking_time": 0.0167
        },
        {
            "turn": 2,
            "player_id": 2,
            "move": [
                2,
                14
            ],
            "color": 2,
            "thinking_time": 29.3228,
            "search_depth": 5
        },
        {
            "turn": 3,
            "player_id": 1,
            "move": [
                0,
                11
            ],
            "color": 1,
            "thinking_time": 0.015
        },
        {
            "turn": 4,
            "player_id": 2,
            "move": [
                3,
                14
            ],
            "color": 2,
            "thinking_time": 29.3138,
            "search_depth": 5
        },
        {
            "turn": 5,
            "player_id": 1,
            "move": [
                2,
                13
            ],
            "color": 1,
            "thinking_time": 0.0161
        },
        {
            "turn": 6,
            "player_id": 2,
            "move": [
                5,
                13
            ],
            "color": 2,
            "thinking_time": 29.317,
            "search_depth": 5
        },
        {
            "turn": 7,
            "player_id": 1,
            "move": [
                0,
                13
            ],
            "color": 1,
            "thinking_time": 0.0161
        },
        {
            "turn": 8,
            "player_id": 2,
            "move": [
                0,
                10
            ],
            "color": 2,
            "thinking_time": 0.0351,
            "search_depth": 0
        },
        {
            "turn": 9,
            "player_id": 1,
            "move": [
                4,
                13
            ],
            "color": 1,
            "thinking_time": 0.0145
        },
        {
            "turn": 10,
            "player_id": 2,
            "move": [
                3,
                12
            ],
            "color": 2,
            "thinking_time": 29.3149,
            "search_depth": 5
        },
        {
            "turn": 11,
            "player_id": 1,
            "move": [
                2,
                11
            ],
            "color": 1,
            "thinking_time": 0.0162
        },
        {
            "turn": 12,
            "player_id": 2,
            "move": [
                4,
                14
            ],
            "color": 2,
            "thinking_time": 29.3176,
            "search_depth": 5
        },
        {
            "turn": 13,
            "player_id": 1,
            "move": [
                1,
                10
            ],
            "color": 1,
            "thinking_time": 0.0152
        },
        {
            "turn": 14,
            "player_id": 2,
            "move": [
                1,
                14
            ],
            "color": 2,
            "thinking_time": 0.024,
            "search_depth": 0
        },
        {
            "turn": 15,
            "player_id": 1,
            "move": [
                2,
                10
            ],
            "color": 1,
            "thinking_time": 0.0149
        },
        {
            "turn": 16,
            "player_id": 2,
            "move": [
                0,
                14
            ],
            "color": 2,
            "thinking_time": 0.0151,
            "search_depth": 0
        }
    ]
}