{
    "game_id": "20250906_141112",
    "winner_id": 2,
    "winner_name": "Negamax AI",
    "player_setup": {
        "p1_name": "Gomocup AI",
        "p2_name": "Negamax AI"
    },
    "final_colors": {
        "1": 1,
        "2": 2
    },
    "rules": {
        "banned_moves_enabled": false,
        "swap2_enabled": false
    },
    "move_history": [
        {
            "turn": 1,
            "player_id": 1,
            "move": [
                8,
                1
            ],
            "color": 1,
            "thinking_time": 0.0166
        },
        {
            "turn": 2,
            "player_id": 2,
            "move": [
                6,
                2
            ],
            "color": 2,
            "thinking_time": 29.318,
            "search_depth": 5
        },
        {
            "turn": 3,
            "player_id": 1,
            "move": [
                10,
                0
            ],
            "color": 1,
            "thinking_time": 0.0156
        },
        {
            "turn": 4,
            "player_id": 2,
            "move": [
                7,
                1
            ],
            "color": 2,
            "thinking_time": 29.3154,
            "search_depth": 5
        },
        {
            "turn": 5,
            "player_id": 1,
            "move": [
                11,
                0
            ],
            "color": 1,
            "thinking_time": 0.0154
        },
        {
            "turn": 6,
            "player_id": 2,
            "move": [
                5,
                2
            ],
            "color": 2,
            "thinking_time": 29.3168,
            "search_depth": 5
        },
        {
            "turn": 7,
            "player_id": 1,
            "move": [
                7,
                0
            ],
            "color": 1,
            "thinking_time": 0.0151
        },
        {
            "turn": 8,
            "player_id": 2,
            "move": [
                9,
                0
            ],
            "color": 2,
            "thinking_time": 0.0269,
            "search_depth": 0
        },
        {
            "turn": 9,
            "player_id": 1,
            "move": [
                6,
                0
            ],
            "color": 1,
            "thinking_time": 0.0162
        },
        {
            "turn": 10,
            "player_id": 2,
            "move": [
                4,
                1
            ],
            "color": 2,
            "thinking_time": 29.3158,
            "search_depth": 5
        },
        {
            "turn": 11,
            "player_id": 1,
            "move": [
                5,
                0
            ],
            "color": 1,
            "thinking_time": 0.015
        },
        {
            "turn": 12,
            "player_id": 2,
            "move": [
                4,
                0
            ],
            "color": 2,
            "thinking_time": 0.4895,
            "search_depth": 0
        },
        {
            "turn": 13,
            "player_id": 1,
            "move": [
                6,
                1
            ],
            "color": 1,
            "thinking_time": 0.0138
        },
        {
            "turn": 14,
            "player_id": 2,
            "move": [
                5,
                4
            ],
            "color": 2,
            "thinking_time": 29.317,
            "search_depth": 5
        },
        {
            "turn": 15,
            "player_id": 1,
            "move": [
                5,
                1
            ],
            "color": 1,
            "thinking_time": 0.0161
        },
        {
            "turn": 16,
            "player_id": 2,
            "move": [
                6,
                4
            ],
            "color": 2,
            "thinking_time": 29.3202,
            "search_depth": 5
        },
        {
            "turn": 17,
            "player_id": 1,
            "move": [
                4,
                2
            ],
            "color": 1,
            "thinking_time": 0.0142
        },
        {
            "turn": 18,
            "player_id": 2,
            "move": [
                4,
                4
            ],
            "color": 2,
            "thinking_time": 0.0242,
            "search_depth": 0
        },
        {
            "turn": 19,
            "player_id": 1,
            "move": [
                3,
                3
            ],
            "color": 1,
            "thinking_time": 0.0165
        },
        {
            "turn": 20,
            "player_id": 2,
            "move": [
                2,
                4
            ],
            "color": 2,
            "thinking_time": 0.0156,
            "search_depth": 0
        },
        {
            "turn": 21,
            "player_id": 1,
            "move": [
                2,
                3
            ],
            "color": 1,
            "thinking_time": 0.015
        },
        {
            "turn": 22,
            "player_id": 2,
            "move": [
                3,
                4
            ],
            "color": 2,
            "thinking_time": 0.0156,
            "search_depth": 0
        }
    ]
}