{
    "game_id": "20250906_143432",
    "winner_id": 2,
    "winner_name": "Negamax AI",
    "player_setup": {
        "p1_name": "Gomocup AI",
        "p2_name": "Negamax AI"
    },
    "final_colors": {
        "1": 1,
        "2": 2
    },
    "rules": {
        "banned_moves_enabled": false,
        "swap2_enabled": false
    },
    "move_history": [
        {
            "turn": 1,
            "player_id": 1,
            "move": [
                9,
                14
            ],
            "color": 1,
            "thinking_time": 0.0172
        },
        {
            "turn": 2,
            "player_id": 2,
            "move": [
                9,
                13
            ],
            "color": 2,
            "thinking_time": 29.3177,
            "search_depth": 5
        },
        {
            "turn": 3,
            "player_id": 1,
            "move": [
                12,
                13
            ],
            "color": 1,
            "thinking_time": 0.015
        },
        {
            "turn": 4,
            "player_id": 2,
            "move": [
                7,
                12
            ],
            "color": 2,
            "thinking_time": 29.3212,
            "search_depth": 5
        },
        {
            "turn": 5,
            "player_id": 1,
            "move": [
                10,
                3
            ],
            "color": 1,
            "thinking_time": 0.0162
        },
        {
            "turn": 6,
            "player_id": 2,
            "move": [
                9,
                12
            ],
            "color": 2,
            "thinking_time": 29.3213,
            "search_depth": 4
        },
        {
            "turn": 7,
            "player_id": 1,
            "move": [
                11,
                4
            ],
            "color": 1,
            "thinking_time": 0.015
        },
        {
            "turn": 8,
            "player_id": 2,
            "move": [
                11,
                11
            ],
            "color": 2,
            "thinking_time": 29.3247,
            "search_depth": 4
        },
        {
            "turn": 9,
            "player_id": 1,
            "move": [
                14,
                9
            ],
            "color": 1,
            "thinking_time": 0.015
        },
        {
            "turn": 10,
            "player_id": 2,
            "move": [
                10,
                12
            ],
            "color": 2,
            "thinking_time": 0.0402,
            "search_depth": 0
        },
        {
            "turn": 11,
            "player_id": 1,
            "move": [
                1,
                12
            ],
            "color": 1,
            "thinking_time": 0.0149
        },
        {
            "turn": 12,
            "player_id": 2,
            "move": [
                8,
                12
            ],
            "color": 2,
            "thinking_time": 0.049,
            "search_depth": 0
        },
        {
            "turn": 13,
            "player_id": 1,
            "move": [
                1,
                11
            ],
            "color": 1,
            "thinking_time": 0.0151
        },
        {
            "turn": 14,
            "player_id": 2,
            "move": [
                6,
                12
            ],
            "color": 2,
            "thinking_time": 0.0155,
            "search_depth": 0
        }
    ]
}