{
    "game_id": "20250906_140445",
    "winner_id": 2,
    "winner_name": "Negamax AI",
    "player_setup": {
        "p1_name": "Gomocup AI",
        "p2_name": "Negamax AI"
    },
    "final_colors": {
        "1": 1,
        "2": 2
    },
    "rules": {
        "banned_moves_enabled": false,
        "swap2_enabled": false
    },
    "move_history": [
        {
            "turn": 1,
            "player_id": 1,
            "move": [
                9,
                6
            ],
            "color": 1,
            "thinking_time": 0.015
        },
        {
            "turn": 2,
            "player_id": 2,
            "move": [
                11,
                5
            ],
            "color": 2,
            "thinking_time": 29.3204,
            "search_depth": 5
        },
        {
            "turn": 3,
            "player_id": 1,
            "move": [
                9,
                5
            ],
            "color": 1,
            "thinking_time": 0.0156
        },
        {
            "turn": 4,
            "player_id": 2,
            "move": [
                12,
                4
            ],
            "color": 2,
            "thinking_time": 29.314,
            "search_depth": 4
        },
        {
            "turn": 5,
            "player_id": 1,
            "move": [
                10,
                10
            ],
            "color": 1,
            "thinking_time": 0.0149
        },
        {
            "turn": 6,
            "player_id": 2,
            "move": [
                11,
                7
            ],
            "color": 2,
            "thinking_time": 29.3212,
            "search_depth": 4
        },
        {
            "turn": 7,
            "player_id": 1,
            "move": [
                9,
                7
            ],
            "color": 1,
            "thinking_time": 0.015
        },
        {
            "turn": 8,
            "player_id": 2,
            "move": [
                9,
                8
            ],
            "color": 2,
            "thinking_time": 0.0244,
            "search_depth": 0
        },
        {
            "turn": 9,
            "player_id": 1,
            "move": [
                7,
                5
            ],
            "color": 1,
            "thinking_time": 0.0157
        },
        {
            "turn": 10,
            "player_id": 2,
            "move": [
                9,
                3
            ],
            "color": 2,
            "thinking_time": 29.3233,
            "search_depth": 5
        },
        {
            "turn": 11,
            "player_id": 1,
            "move": [
                8,
                4
            ],
            "color": 1,
            "thinking_time": 0.0163
        },
        {
            "turn": 12,
            "player_id": 2,
            "move": [
                9,
                10
            ],
            "color": 2,
            "thinking_time": 29.3236,
            "search_depth": 4
        },
        {
            "turn": 13,
            "player_id": 1,
            "move": [
                10,
                2
            ],
            "color": 1,
            "thinking_time": 0.0152
        },
        {
            "turn": 14,
            "player_id": 2,
            "move": [
                13,
                3
            ],
            "color": 2,
            "thinking_time": 29.3142,
            "search_depth": 4
        },
        {
            "turn": 15,
            "player_id": 1,
            "move": [
                10,
                6
            ],
            "color": 1,
            "thinking_time": 0.0148
        },
        {
            "turn": 16,
            "player_id": 2,
            "move": [
                12,
                6
            ],
            "color": 2,
            "thinking_time": 0.0273,
            "search_depth": 0
        },
        {
            "turn": 17,
            "player_id": 1,
            "move": [
                10,
                8
            ],
            "color": 1,
            "thinking_time": 0.015
        },
        {
            "turn": 18,
            "player_id": 2,
            "move": [
                8,
                6
            ],
            "color": 2,
            "thinking_time": 0.0315,
            "search_depth": 0
        },
        {
            "turn": 19,
            "player_id": 1,
            "move": [
                11,
                9
            ],
            "color": 1,
            "thinking_time": 0.0159
        },
        {
            "turn": 20,
            "player_id": 2,
            "move": [
                13,
                7
            ],
            "color": 2,
            "thinking_time": 0.0375,
            "search_depth": 0
        },
        {
            "turn": 21,
            "player_id": 1,
            "move": [
                10,
                4
            ],
            "color": 1,
            "thinking_time": 0.015
        },
        {
            "turn": 22,
            "player_id": 2,
            "move": [
                10,
                5
            ],
            "color": 2,
            "thinking_time": 0.0283,
            "search_depth": 0
        },
        {
            "turn": 23,
            "player_id": 1,
            "move": [
                4,
                7
            ],
            "color": 1,
            "thinking_time": 0.0154
        },
        {
            "turn": 24,
            "player_id": 2,
            "move": [
                10,
                9
            ],
            "color": 2,
            "thinking_time": 0.0381,
            "search_depth": 0
        },
        {
            "turn": 25,
            "player_id": 1,
            "move": [
                14,
                14
            ],
            "color": 1,
            "thinking_time": 0.0159
        },
        {
            "turn": 26,
            "player_id": 2,
            "move": [
                12,
                7
            ],
            "color": 2,
            "thinking_time": 0.0456,
            "search_depth": 0
        },
        {
            "turn": 27,
            "player_id": 1,
            "move": [
                12,
                5
            ],
            "color": 1,
            "thinking_time": 0.0144
        },
        {
            "turn": 28,
            "player_id": 2,
            "move": [
                11,
                8
            ],
            "color": 2,
            "thinking_time": 0.0485,
            "search_depth": 0
        },
        {
            "turn": 29,
            "player_id": 1,
            "move": [
                13,
                6
            ],
            "color": 1,
            "thinking_time": 0.0155
        },
        {
            "turn": 30,
            "player_id": 2,
            "move": [
                8,
                11
            ],
            "color": 2,
            "thinking_time": 0.016,
            "search_depth": 0
        }
    ]
}