{
    "game_id": "20250906_132742",
    "winner_id": 2,
    "winner_name": "Negamax AI",
    "player_setup": {
        "p1_name": "Gomocup AI",
        "p2_name": "Negamax AI"
    },
    "final_colors": {
        "1": 1,
        "2": 2
    },
    "rules": {
        "banned_moves_enabled": false,
        "swap2_enabled": false
    },
    "move_history": [
        {
            "turn": 1,
            "player_id": 1,
            "move": [
                13,
                6
            ],
            "color": 1,
            "thinking_time": 0.016
        },
        {
            "turn": 2,
            "player_id": 2,
            "move": [
                12,
                4
            ],
            "color": 2,
            "thinking_time": 29.3226,
            "search_depth": 5
        },
        {
            "turn": 3,
            "player_id": 1,
            "move": [
                11,
                6
            ],
            "color": 1,
            "thinking_time": 0.0157
        },
        {
            "turn": 4,
            "player_id": 2,
            "move": [
                12,
                3
            ],
            "color": 2,
            "thinking_time": 29.3219,
            "search_depth": 5
        },
        {
            "turn": 5,
            "player_id": 1,
            "move": [
                2,
                1
            ],
            "color": 1,
            "thinking_time": 0.0148
        },
        {
            "turn": 6,
            "player_id": 2,
            "move": [
                10,
                5
            ],
            "color": 2,
            "thinking_time": 29.3224,
            "search_depth": 4
        },
        {
            "turn": 7,
            "player_id": 1,
            "move": [
                14,
                13
            ],
            "color": 1,
            "thinking_time": 0.0158
        },
        {
            "turn": 8,
            "player_id": 2,
            "move": [
                13,
                5
            ],
            "color": 2,
            "thinking_time": 29.3201,
            "search_depth": 5
        },
        {
            "turn": 9,
            "player_id": 1,
            "move": [
                13,
                13
            ],
            "color": 1,
            "thinking_time": 0.0155
        },
        {
            "turn": 10,
            "player_id": 2,
            "move": [
                12,
                5
            ],
            "color": 2,
            "thinking_time": 0.0275,
            "search_depth": 0
        },
        {
            "turn": 11,
            "player_id": 1,
            "move": [
                8,
                13
            ],
            "color": 1,
            "thinking_time": 0.0159
        },
        {
            "turn": 12,
            "player_id": 2,
            "move": [
                11,
                5
            ],
            "color": 2,
            "thinking_time": 0.0431,
            "search_depth": 0
        },
        {
            "turn": 13,
            "player_id": 1,
            "move": [
                8,
                11
            ],
            "color": 1,
            "thinking_time": 0.0151
        },
        {
            "turn": 14,
            "player_id": 2,
            "move": [
                9,
                5
            ],
            "color": 2,
            "thinking_time": 0.015,
            "search_depth": 0
        }
    ]
}