{
    "game_id": "20250906_130846",
    "winner_id": 2,
    "winner_name": "Negamax AI",
    "player_setup": {
        "p1_name": "Gomocup AI",
        "p2_name": "Negamax AI"
    },
    "final_colors": {
        "1": 1,
        "2": 2
    },
    "rules": {
        "banned_moves_enabled": false,
        "swap2_enabled": false
    },
    "move_history": [
        {
            "turn": 1,
            "player_id": 1,
            "move": [
                6,
                5
            ],
            "color": 1,
            "thinking_time": 0.0164
        },
        {
            "turn": 2,
            "player_id": 2,
            "move": [
                5,
                6
            ],
            "color": 2,
            "thinking_time": 29.3189,
            "search_depth": 5
        },
        {
            "turn": 3,
            "player_id": 1,
            "move": [
                10,
                5
            ],
            "color": 1,
            "thinking_time": 0.0157
        },
        {
            "turn": 4,
            "player_id": 2,
            "move": [
                5,
                7
            ],
            "color": 2,
            "thinking_time": 29.3202,
            "search_depth": 4
        },
        {
            "turn": 5,
            "player_id": 1,
            "move": [
                10,
                4
            ],
            "color": 1,
            "thinking_time": 0.016
        },
        {
            "turn": 6,
            "player_id": 2,
            "move": [
                4,
                6
            ],
            "color": 2,
            "thinking_time": 29.3181,
            "search_depth": 4
        },
        {
            "turn": 7,
            "player_id": 1,
            "move": [
                10,
                3
            ],
            "color": 1,
            "thinking_time": 0.015
        },
        {
            "turn": 8,
            "player_id": 2,
            "move": [
                10,
                6
            ],
            "color": 2,
            "thinking_time": 0.0248,
            "search_depth": 0
        },
        {
            "turn": 9,
            "player_id": 1,
            "move": [
                10,
                7
            ],
            "color": 1,
            "thinking_time": 0.0158
        },
        {
            "turn": 10,
            "player_id": 2,
            "move": [
                4,
                8
            ],
            "color": 2,
            "thinking_time": 29.3201,
            "search_depth": 5
        },
        {
            "turn": 11,
            "player_id": 1,
            "move": [
                10,
                2
            ],
            "color": 1,
            "thinking_time": 0.015
        },
        {
            "turn": 12,
            "player_id": 2,
            "move": [
                10,
                1
            ],
            "color": 2,
            "thinking_time": 0.0171,
            "search_depth": 0
        },
        {
            "turn": 13,
            "player_id": 1,
            "move": [
                9,
                2
            ],
            "color": 1,
            "thinking_time": 0.0146
        },
        {
            "turn": 14,
            "player_id": 2,
            "move": [
                6,
                6
            ],
            "color": 2,
            "thinking_time": 0.0715,
            "search_depth": 0
        },
        {
            "turn": 15,
            "player_id": 1,
            "move": [
                9,
                3
            ],
            "color": 1,
            "thinking_time": 0.0154
        },
        {
            "turn": 16,
            "player_id": 2,
            "move": [
                7,
                5
            ],
            "color": 2,
            "thinking_time": 2.0289,
            "search_depth": 0
        },
        {
            "turn": 17,
            "player_id": 1,
            "move": [
                9,
                1
            ],
            "color": 1,
            "thinking_time": 0.0152
        },
        {
            "turn": 18,
            "player_id": 2,
            "move": [
                8,
                4
            ],
            "color": 2,
            "thinking_time": 0.0156,
            "search_depth": 0
        }
    ]
}