{
    "game_id": "20250906_210720",
    "winner_id": 2,
    "winner_name": "Negamax AI",
    "player_setup": {
        "p1_name": "Gomocup AI",
        "p2_name": "Negamax AI"
    },
    "final_colors": {
        "1": 1,
        "2": 2
    },
    "rules": {
        "banned_moves_enabled": false,
        "swap2_enabled": false
    },
    "move_history": [
        {
            "turn": 1,
            "player_id": 1,
            "move": [
                11,
                1
            ],
            "color": 1,
            "thinking_time": 0.0171
        },
        {
            "turn": 2,
            "player_id": 2,
            "move": [
                9,
                0
            ],
            "color": 2,
            "thinking_time": 29.3212,
            "search_depth": 4
        },
        {
            "turn": 3,
            "player_id": 1,
            "move": [
                13,
                1
            ],
            "color": 1,
            "thinking_time": 0.016
        },
        {
            "turn": 4,
            "player_id": 2,
            "move": [
                12,
                1
            ],
            "color": 2,
            "thinking_time": 29.314,
            "search_depth": 5
        },
        {
            "turn": 5,
            "player_id": 1,
            "move": [
                9,
                1
            ],
            "color": 1,
            "thinking_time": 0.015
        },
        {
            "turn": 6,
            "player_id": 2,
            "move": [
                8,
                0
            ],
            "color": 2,
            "thinking_time": 29.3193,
            "search_depth": 4
        },
        {
            "turn": 7,
            "player_id": 1,
            "move": [
                14,
                1
            ],
            "color": 1,
            "thinking_time": 0.0154
        },
        {
            "turn": 8,
            "player_id": 2,
            "move": [
                12,
                3
            ],
            "color": 2,
            "thinking_time": 29.3199,
            "search_depth": 5
        },
        {
            "turn": 9,
            "player_id": 1,
            "move": [
                14,
                2
            ],
            "color": 1,
            "thinking_time": 0.0158
        },
        {
            "turn": 10,
            "player_id": 2,
            "move": [
                11,
                3
            ],
            "color": 2,
            "thinking_time": 29.3179,
            "search_depth": 5
        },
        {
            "turn": 11,
            "player_id": 1,
            "move": [
                14,
                3
            ],
            "color": 1,
            "thinking_time": 0.016
        },
        {
            "turn": 12,
            "player_id": 2,
            "move": [
                14,
                4
            ],
            "color": 2,
            "thinking_time": 0.0254,
            "search_depth": 0
        },
        {
            "turn": 13,
            "player_id": 1,
            "move": [
                13,
                4
            ],
            "color": 1,
            "thinking_time": 0.0162
        },
        {
            "turn": 14,
            "player_id": 2,
            "move": [
                11,
                2
            ],
            "color": 2,
            "thinking_time": 29.3142,
            "search_depth": 5
        },
        {
            "turn": 15,
            "player_id": 1,
            "move": [
                12,
                5
            ],
            "color": 1,
            "thinking_time": 0.0159
        },
        {
            "turn": 16,
            "player_id": 2,
            "move": [
                10,
                3
            ],
            "color": 2,
            "thinking_time": 29.3162,
            "search_depth": 5
        },
        {
            "turn": 17,
            "player_id": 1,
            "move": [
                11,
                6
            ],
            "color": 1,
            "thinking_time": 0.0157
        },
        {
            "turn": 18,
            "player_id": 2,
            "move": [
                10,
                7
            ],
            "color": 2,
            "thinking_time": 0.0151,
            "search_depth": 0
        },
        {
            "turn": 19,
            "player_id": 1,
            "move": [
                11,
                5
            ],
            "color": 1,
            "thinking_time": 0.0153
        },
        {
            "turn": 20,
            "player_id": 2,
            "move": [
                9,
                3
            ],
            "color": 2,
            "thinking_time": 0.4139,
            "search_depth": 0
        },
        {
            "turn": 21,
            "player_id": 1,
            "move": [
                11,
                4
            ],
            "color": 1,
            "thinking_time": 0.0146
        },
        {
            "turn": 22,
            "player_id": 2,
            "move": [
                8,
                3
            ],
            "color": 2,
            "thinking_time": 0.0161,
            "search_depth": 0
        }
    ]
}