{
    "game_id": "20250906_135616",
    "winner_id": 1,
    "winner_name": "Gomocup AI",
    "player_setup": {
        "p1_name": "Gomocup AI",
        "p2_name": "Negamax AI"
    },
    "final_colors": {
        "1": 1,
        "2": 2
    },
    "rules": {
        "banned_moves_enabled": false,
        "swap2_enabled": false
    },
    "move_history": [
        {
            "turn": 1,
            "player_id": 1,
            "move": [
                7,
                8
            ],
            "color": 1,
            "thinking_time": 0.03
        },
        {
            "turn": 2,
            "player_id": 2,
            "move": [
                8,
                7
            ],
            "color": 2,
            "thinking_time": 29.3242,
            "search_depth": 4
        },
        {
            "turn": 3,
            "player_id": 1,
            "move": [
                7,
                7
            ],
            "color": 1,
            "thinking_time": 0.0326
        },
        {
            "turn": 4,
            "player_id": 2,
            "move": [
                8,
                5
            ],
            "color": 2,
            "thinking_time": 29.3163,
            "search_depth": 5
        },
        {
            "turn": 5,
            "player_id": 1,
            "move": [
                7,
                9
            ],
            "color": 1,
            "thinking_time": 0.0154
        },
        {
            "turn": 6,
            "player_id": 2,
            "move": [
                7,
                6
            ],
            "color": 2,
            "thinking_time": 0.025,
            "search_depth": 0
        },
        {
            "turn": 7,
            "player_id": 1,
            "move": [
                8,
                9
            ],
            "color": 1,
            "thinking_time": 0.0152
        },
        {
            "turn": 8,
            "player_id": 2,
            "move": [
                5,
                6
            ],
            "color": 2,
            "thinking_time": 29.3194,
            "search_depth": 5
        },
        {
            "turn": 9,
            "player_id": 1,
            "move": [
                9,
                9
            ],
            "color": 1,
            "thinking_time": 0.014
        },
        {
            "turn": 10,
            "player_id": 2,
            "move": [
                10,
                9
            ],
            "color": 2,
            "thinking_time": 0.0316,
            "search_depth": 0
        },
        {
            "turn": 11,
            "player_id": 1,
            "move": [
                9,
                8
            ],
            "color": 1,
            "thinking_time": 0.0162
        },
        {
            "turn": 12,
            "player_id": 2,
            "move": [
                8,
                8
            ],
            "color": 2,
            "thinking_time": 0.0274,
            "search_depth": 0
        },
        {
            "turn": 13,
            "player_id": 1,
            "move": [
                8,
                6
            ],
            "color": 1,
            "thinking_time": 0.0156
        },
        {
            "turn": 14,
            "player_id": 2,
            "move": [
                9,
                10
            ],
            "color": 2,
            "thinking_time": 0.0338,
            "search_depth": 0
        },
        {
            "turn": 15,
            "player_id": 1,
            "move": [
                6,
                9
            ],
            "color": 1,
            "thinking_time": 0.014
        },
        {
            "turn": 16,
            "player_id": 2,
            "move": [
                5,
                9
            ],
            "color": 2,
            "thinking_time": 0.0159,
            "search_depth": 0
        },
        {
            "turn": 17,
            "player_id": 1,
            "move": [
                7,
                10
            ],
            "color": 1,
            "thinking_time": 0.0162
        },
        {
            "turn": 18,
            "player_id": 2,
            "move": [
                7,
                11
            ],
            "color": 2,
            "thinking_time": 0.0166,
            "search_depth": 0
        },
        {
            "turn": 19,
            "player_id": 1,
            "move": [
                10,
                7
            ],
            "color": 1,
            "thinking_time": 0.0159
        },
        {
            "turn": 20,
            "player_id": 2,
            "move": [
                6,
                11
            ],
            "color": 2,
            "thinking_time": 0.016,
            "search_depth": 0
        },
        {
            "turn": 21,
            "player_id": 1,
            "move": [
                11,
                6
            ],
            "color": 1,
            "thinking_time": 0.0162
        }
    ]
}