{
    "game_id": "20250906_133210",
    "winner_id": 2,
    "winner_name": "Negamax AI",
    "player_setup": {
        "p1_name": "Gomocup AI",
        "p2_name": "Negamax AI"
    },
    "final_colors": {
        "1": 1,
        "2": 2
    },
    "rules": {
        "banned_moves_enabled": false,
        "swap2_enabled": false
    },
    "move_history": [
        {
            "turn": 1,
            "player_id": 1,
            "move": [
                13,
                8
            ],
            "color": 1,
            "thinking_time": 0.01
        },
        {
            "turn": 2,
            "player_id": 2,
            "move": [
                12,
                10
            ],
            "color": 2,
            "thinking_time": 29.3174,
            "search_depth": 4
        },
        {
            "turn": 3,
            "player_id": 1,
            "move": [
                9,
                12
            ],
            "color": 1,
            "thinking_time": 0.0162
        },
        {
            "turn": 4,
            "player_id": 2,
            "move": [
                12,
                11
            ],
            "color": 2,
            "thinking_time": 29.3211,
            "search_depth": 4
        },
        {
            "turn": 5,
            "player_id": 1,
            "move": [
                9,
                13
            ],
            "color": 1,
            "thinking_time": 0.015
        },
        {
            "turn": 6,
            "player_id": 2,
            "move": [
                11,
                10
            ],
            "color": 2,
            "thinking_time": 29.3139,
            "search_depth": 4
        },
        {
            "turn": 7,
            "player_id": 1,
            "move": [
                9,
                14
            ],
            "color": 1,
            "thinking_time": 0.0157
        },
        {
            "turn": 8,
            "player_id": 2,
            "move": [
                11,
                8
            ],
            "color": 2,
            "thinking_time": 29.3201,
            "search_depth": 5
        },
        {
            "turn": 9,
            "player_id": 1,
            "move": [
                6,
                13
            ],
            "color": 1,
            "thinking_time": 0.015
        },
        {
            "turn": 10,
            "player_id": 2,
            "move": [
                9,
                10
            ],
            "color": 2,
            "thinking_time": 29.3174,
            "search_depth": 5
        },
        {
            "turn": 11,
            "player_id": 1,
            "move": [
                5,
                13
            ],
            "color": 1,
            "thinking_time": 0.0169
        },
        {
            "turn": 12,
            "player_id": 2,
            "move": [
                7,
                13
            ],
            "color": 2,
            "thinking_time": 0.0258,
            "search_depth": 0
        },
        {
            "turn": 13,
            "player_id": 1,
            "move": [
                4,
                13
            ],
            "color": 1,
            "thinking_time": 0.0149
        },
        {
            "turn": 14,
            "player_id": 2,
            "move": [
                10,
                10
            ],
            "color": 2,
            "thinking_time": 0.027,
            "search_depth": 0
        },
        {
            "turn": 15,
            "player_id": 1,
            "move": [
                3,
                13
            ],
            "color": 1,
            "thinking_time": 0.0152
        },
        {
            "turn": 16,
            "player_id": 2,
            "move": [
                13,
                10
            ],
            "color": 2,
            "thinking_time": 0.0133,
            "search_depth": 0
        }
    ]
}