{
    "game_id": "20250906_210152",
    "winner_id": 2,
    "winner_name": "Negamax AI",
    "player_setup": {
        "p1_name": "Gomocup AI",
        "p2_name": "Negamax AI"
    },
    "final_colors": {
        "1": 1,
        "2": 2
    },
    "rules": {
        "banned_moves_enabled": false,
        "swap2_enabled": false
    },
    "move_history": [
        {
            "turn": 1,
            "player_id": 1,
            "move": [
                8,
                7
            ],
            "color": 1,
            "thinking_time": 0.0436
        },
        {
            "turn": 2,
            "player_id": 2,
            "move": [
                7,
                6
            ],
            "color": 2,
            "thinking_time": 29.3221,
            "search_depth": 4
        },
        {
            "turn": 3,
            "player_id": 1,
            "move": [
                8,
                6
            ],
            "color": 1,
            "thinking_time": 0.048
        },
        {
            "turn": 4,
            "player_id": 2,
            "move": [
                6,
                7
            ],
            "color": 2,
            "thinking_time": 29.3165,
            "search_depth": 4
        },
        {
            "turn": 5,
            "player_id": 1,
            "move": [
                8,
                5
            ],
            "color": 1,
            "thinking_time": 0.0155
        },
        {
            "turn": 6,
            "player_id": 2,
            "move": [
                8,
                8
            ],
            "color": 2,
            "thinking_time": 0.0249,
            "search_depth": 0
        },
        {
            "turn": 7,
            "player_id": 1,
            "move": [
                7,
                5
            ],
            "color": 1,
            "thinking_time": 0.0155
        },
        {
            "turn": 8,
            "player_id": 2,
            "move": [
                7,
                7
            ],
            "color": 2,
            "thinking_time": 29.3149,
            "search_depth": 4
        },
        {
            "turn": 9,
            "player_id": 1,
            "move": [
                6,
                5
            ],
            "color": 1,
            "thinking_time": 0.0157
        },
        {
            "turn": 10,
            "player_id": 2,
            "move": [
                5,
                5
            ],
            "color": 2,
            "thinking_time": 0.023,
            "search_depth": 0
        },
        {
            "turn": 11,
            "player_id": 1,
            "move": [
                6,
                6
            ],
            "color": 1,
            "thinking_time": 0.0155
        },
        {
            "turn": 12,
            "player_id": 2,
            "move": [
                6,
                4
            ],
            "color": 2,
            "thinking_time": 0.0236,
            "search_depth": 0
        },
        {
            "turn": 13,
            "player_id": 1,
            "move": [
                9,
                5
            ],
            "color": 1,
            "thinking_time": 0.0158
        },
        {
            "turn": 14,
            "player_id": 2,
            "move": [
                10,
                5
            ],
            "color": 2,
            "thinking_time": 0.0156,
            "search_depth": 0
        },
        {
            "turn": 15,
            "player_id": 1,
            "move": [
                10,
                4
            ],
            "color": 1,
            "thinking_time": 0.0154
        },
        {
            "turn": 16,
            "player_id": 2,
            "move": [
                8,
                4
            ],
            "color": 2,
            "thinking_time": 0.0308,
            "search_depth": 0
        },
        {
            "turn": 17,
            "player_id": 1,
            "move": [
                11,
                3
            ],
            "color": 1,
            "thinking_time": 0.0149
        },
        {
            "turn": 18,
            "player_id": 2,
            "move": [
                12,
                2
            ],
            "color": 2,
            "thinking_time": 0.016,
            "search_depth": 0
        },
        {
            "turn": 19,
            "player_id": 1,
            "move": [
                11,
                2
            ],
            "color": 1,
            "thinking_time": 0.015
        },
        {
            "turn": 20,
            "player_id": 2,
            "move": [
                5,
                7
            ],
            "color": 2,
            "thinking_time": 29.3167,
            "search_depth": 4
        },
        {
            "turn": 21,
            "player_id": 1,
            "move": [
                4,
                7
            ],
            "color": 1,
            "thinking_time": 0.0157
        },
        {
            "turn": 22,
            "player_id": 2,
            "move": [
                5,
                4
            ],
            "color": 2,
            "thinking_time": 27.7243,
            "search_depth": 5
        },
        {
            "turn": 23,
            "player_id": 1,
            "move": [
                5,
                6
            ],
            "color": 1,
            "thinking_time": 0.016
        },
        {
            "turn": 24,
            "player_id": 2,
            "move": [
                7,
                4
            ],
            "color": 2,
            "thinking_time": 0.0321,
            "search_depth": 0
        },
        {
            "turn": 25,
            "player_id": 1,
            "move": [
                4,
                4
            ],
            "color": 1,
            "thinking_time": 0.015
        },
        {
            "turn": 26,
            "player_id": 2,
            "move": [
                9,
                4
            ],
            "color": 2,
            "thinking_time": 0.0154,
            "search_depth": 0
        }
    ]
}