{
    "game_id": "20250906_122605",
    "winner_id": 2,
    "winner_name": "Negamax AI",
    "player_setup": {
        "p1_name": "Gomocup AI",
        "p2_name": "Negamax AI"
    },
    "final_colors": {
        "1": 1,
        "2": 2
    },
    "rules": {
        "banned_moves_enabled": false,
        "swap2_enabled": false
    },
    "move_history": [
        {
            "turn": 1,
            "player_id": 1,
            "move": [
                14,
                0
            ],
            "color": 1,
            "thinking_time": 0.015
        },
        {
            "turn": 2,
            "player_id": 2,
            "move": [
                12,
                0
            ],
            "color": 2,
            "thinking_time": 29.3205,
            "search_depth": 5
        },
        {
            "turn": 3,
            "player_id": 1,
            "move": [
                14,
                4
            ],
            "color": 1,
            "thinking_time": 0.015
        },
        {
            "turn": 4,
            "player_id": 2,
            "move": [
                12,
                3
            ],
            "color": 2,
            "thinking_time": 29.3206,
            "search_depth": 5
        },
        {
            "turn": 5,
            "player_id": 1,
            "move": [
                14,
                5
            ],
            "color": 1,
            "thinking_time": 0.0161
        },
        {
            "turn": 6,
            "player_id": 2,
            "move": [
                11,
                0
            ],
            "color": 2,
            "thinking_time": 29.3158,
            "search_depth": 5
        },
        {
            "turn": 7,
            "player_id": 1,
            "move": [
                14,
                6
            ],
            "color": 1,
            "thinking_time": 0.0154
        },
        {
            "turn": 8,
            "player_id": 2,
            "move": [
                14,
                7
            ],
            "color": 2,
            "thinking_time": 0.0217,
            "search_depth": 0
        },
        {
            "turn": 9,
            "player_id": 1,
            "move": [
                7,
                5
            ],
            "color": 1,
            "thinking_time": 0.016
        },
        {
            "turn": 10,
            "player_id": 2,
            "move": [
                10,
                5
            ],
            "color": 2,
            "thinking_time": 29.3235,
            "search_depth": 5
        },
        {
            "turn": 11,
            "player_id": 1,
            "move": [
                11,
                1
            ],
            "color": 1,
            "thinking_time": 0.0162
        },
        {
            "turn": 12,
            "player_id": 2,
            "move": [
                12,
                5
            ],
            "color": 2,
            "thinking_time": 29.3202,
            "search_depth": 5
        },
        {
            "turn": 13,
            "player_id": 1,
            "move": [
                7,
                1
            ],
            "color": 1,
            "thinking_time": 0.0159
        },
        {
            "turn": 14,
            "player_id": 2,
            "move": [
                10,
                3
            ],
            "color": 2,
            "thinking_time": 29.315,
            "search_depth": 4
        },
        {
            "turn": 15,
            "player_id": 1,
            "move": [
                6,
                1
            ],
            "color": 1,
            "thinking_time": 0.0155
        },
        {
            "turn": 16,
            "player_id": 2,
            "move": [
                11,
                4
            ],
            "color": 2,
            "thinking_time": 0.0334,
            "search_depth": 0
        },
        {
            "turn": 17,
            "player_id": 1,
            "move": [
                7,
                10
            ],
            "color": 1,
            "thinking_time": 0.0152
        },
        {
            "turn": 18,
            "player_id": 2,
            "move": [
                13,
                6
            ],
            "color": 2,
            "thinking_time": 0.0158,
            "search_depth": 0
        }
    ]
}