{
    "game_id": "20250906_142437",
    "winner_id": 2,
    "winner_name": "Negamax AI",
    "player_setup": {
        "p1_name": "Gomocup AI",
        "p2_name": "Negamax AI"
    },
    "final_colors": {
        "1": 1,
        "2": 2
    },
    "rules": {
        "banned_moves_enabled": false,
        "swap2_enabled": false
    },
    "move_history": [
        {
            "turn": 1,
            "player_id": 1,
            "move": [
                10,
                13
            ],
            "color": 1,
            "thinking_time": 0.0169
        },
        {
            "turn": 2,
            "player_id": 2,
            "move": [
                11,
                12
            ],
            "color": 2,
            "thinking_time": 29.3167,
            "search_depth": 5
        },
        {
            "turn": 3,
            "player_id": 1,
            "move": [
                9,
                12
            ],
            "color": 1,
            "thinking_time": 0.0152
        },
        {
            "turn": 4,
            "player_id": 2,
            "move": [
                11,
                13
            ],
            "color": 2,
            "thinking_time": 29.3177,
            "search_depth": 5
        },
        {
            "turn": 5,
            "player_id": 1,
            "move": [
                13,
                0
            ],
            "color": 1,
            "thinking_time": 0.0161
        },
        {
            "turn": 6,
            "player_id": 2,
            "move": [
                13,
                11
            ],
            "color": 2,
            "thinking_time": 29.3176,
            "search_depth": 4
        },
        {
            "turn": 7,
            "player_id": 1,
            "move": [
                3,
                2
            ],
            "color": 1,
            "thinking_time": 0.0157
        },
        {
            "turn": 8,
            "player_id": 2,
            "move": [
                13,
                10
            ],
            "color": 2,
            "thinking_time": 29.3197,
            "search_depth": 4
        },
        {
            "turn": 9,
            "player_id": 1,
            "move": [
                0,
                1
            ],
            "color": 1,
            "thinking_time": 0.0157
        },
        {
            "turn": 10,
            "player_id": 2,
            "move": [
                12,
                12
            ],
            "color": 2,
            "thinking_time": 29.3193,
            "search_depth": 4
        },
        {
            "turn": 11,
            "player_id": 1,
            "move": [
                1,
                9
            ],
            "color": 1,
            "thinking_time": 0.0152
        },
        {
            "turn": 12,
            "player_id": 2,
            "move": [
                13,
                12
            ],
            "color": 2,
            "thinking_time": 0.0263,
            "search_depth": 0
        },
        {
            "turn": 13,
            "player_id": 1,
            "move": [
                14,
                8
            ],
            "color": 1,
            "thinking_time": 0.0148
        },
        {
            "turn": 14,
            "player_id": 2,
            "move": [
                13,
                13
            ],
            "color": 2,
            "thinking_time": 0.034,
            "search_depth": 0
        },
        {
            "turn": 15,
            "player_id": 1,
            "move": [
                6,
                12
            ],
            "color": 1,
            "thinking_time": 0.0149
        },
        {
            "turn": 16,
            "player_id": 2,
            "move": [
                13,
                14
            ],
            "color": 2,
            "thinking_time": 0.0155,
            "search_depth": 0
        }
    ]
}