{
    "game_id": "20250906_122834",
    "winner_id": 2,
    "winner_name": "Negamax AI",
    "player_setup": {
        "p1_name": "Gomocup AI",
        "p2_name": "Negamax AI"
    },
    "final_colors": {
        "1": 1,
        "2": 2
    },
    "rules": {
        "banned_moves_enabled": false,
        "swap2_enabled": false
    },
    "move_history": [
        {
            "turn": 1,
            "player_id": 1,
            "move": [
                9,
                12
            ],
            "color": 1,
            "thinking_time": 0.016
        },
        {
            "turn": 2,
            "player_id": 2,
            "move": [
                8,
                10
            ],
            "color": 2,
            "thinking_time": 29.3186,
            "search_depth": 5
        },
        {
            "turn": 3,
            "player_id": 1,
            "move": [
                3,
                14
            ],
            "color": 1,
            "thinking_time": 0.0159
        },
        {
            "turn": 4,
            "player_id": 2,
            "move": [
                8,
                11
            ],
            "color": 2,
            "thinking_time": 29.3188,
            "search_depth": 4
        },
        {
            "turn": 5,
            "player_id": 1,
            "move": [
                0,
                10
            ],
            "color": 1,
            "thinking_time": 0.0162
        },
        {
            "turn": 6,
            "player_id": 2,
            "move": [
                9,
                11
            ],
            "color": 2,
            "thinking_time": 29.323,
            "search_depth": 4
        },
        {
            "turn": 7,
            "player_id": 1,
            "move": [
                0,
                9
            ],
            "color": 1,
            "thinking_time": 0.0162
        },
        {
            "turn": 8,
            "player_id": 2,
            "move": [
                10,
                8
            ],
            "color": 2,
            "thinking_time": 29.3243,
            "search_depth": 5
        },
        {
            "turn": 9,
            "player_id": 1,
            "move": [
                0,
                11
            ],
            "color": 1,
            "thinking_time": 0.0161
        },
        {
            "turn": 10,
            "player_id": 2,
            "move": [
                0,
                12
            ],
            "color": 2,
            "thinking_time": 0.0267,
            "search_depth": 0
        },
        {
            "turn": 11,
            "player_id": 1,
            "move": [
                13,
                14
            ],
            "color": 1,
            "thinking_time": 0.0149
        },
        {
            "turn": 12,
            "player_id": 2,
            "move": [
                7,
                9
            ],
            "color": 2,
            "thinking_time": 29.3197,
            "search_depth": 4
        },
        {
            "turn": 13,
            "player_id": 1,
            "move": [
                13,
                10
            ],
            "color": 1,
            "thinking_time": 0.0162
        },
        {
            "turn": 14,
            "player_id": 2,
            "move": [
                10,
                12
            ],
            "color": 2,
            "thinking_time": 0.0304,
            "search_depth": 0
        },
        {
            "turn": 15,
            "player_id": 1,
            "move": [
                10,
                11
            ],
            "color": 1,
            "thinking_time": 0.0144
        },
        {
            "turn": 16,
            "player_id": 2,
            "move": [
                6,
                8
            ],
            "color": 2,
            "thinking_time": 0.0161,
            "search_depth": 0
        }
    ]
}