{
    "game_id": "20250906_131545",
    "winner_id": 2,
    "winner_name": "Negamax AI",
    "player_setup": {
        "p1_name": "Gomocup AI",
        "p2_name": "Negamax AI"
    },
    "final_colors": {
        "1": 1,
        "2": 2
    },
    "rules": {
        "banned_moves_enabled": false,
        "swap2_enabled": false
    },
    "move_history": [
        {
            "turn": 1,
            "player_id": 1,
            "move": [
                0,
                5
            ],
            "color": 1,
            "thinking_time": 0.015
        },
        {
            "turn": 2,
            "player_id": 2,
            "move": [
                1,
                6
            ],
            "color": 2,
            "thinking_time": 29.3212,
            "search_depth": 5
        },
        {
            "turn": 3,
            "player_id": 1,
            "move": [
                0,
                7
            ],
            "color": 1,
            "thinking_time": 0.0153
        },
        {
            "turn": 4,
            "player_id": 2,
            "move": [
                1,
                5
            ],
            "color": 2,
            "thinking_time": 29.3188,
            "search_depth": 5
        },
        {
            "turn": 5,
            "player_id": 1,
            "move": [
                0,
                2
            ],
            "color": 1,
            "thinking_time": 0.0146
        },
        {
            "turn": 6,
            "player_id": 2,
            "move": [
                2,
                6
            ],
            "color": 2,
            "thinking_time": 29.3157,
            "search_depth": 5
        },
        {
            "turn": 7,
            "player_id": 1,
            "move": [
                0,
                1
            ],
            "color": 1,
            "thinking_time": 0.0155
        },
        {
            "turn": 8,
            "player_id": 2,
            "move": [
                0,
                3
            ],
            "color": 2,
            "thinking_time": 0.0214,
            "search_depth": 0
        },
        {
            "turn": 9,
            "player_id": 1,
            "move": [
                0,
                0
            ],
            "color": 1,
            "thinking_time": 0.0156
        },
        {
            "turn": 10,
            "player_id": 2,
            "move": [
                2,
                4
            ],
            "color": 2,
            "thinking_time": 29.3144,
            "search_depth": 5
        },
        {
            "turn": 11,
            "player_id": 1,
            "move": [
                1,
                0
            ],
            "color": 1,
            "thinking_time": 0.006
        },
        {
            "turn": 12,
            "player_id": 2,
            "move": [
                3,
                1
            ],
            "color": 2,
            "thinking_time": 29.3139,
            "search_depth": 5
        },
        {
            "turn": 13,
            "player_id": 1,
            "move": [
                2,
                0
            ],
            "color": 1,
            "thinking_time": 0.015
        },
        {
            "turn": 14,
            "player_id": 2,
            "move": [
                3,
                5
            ],
            "color": 2,
            "thinking_time": 29.315,
            "search_depth": 5
        },
        {
            "turn": 15,
            "player_id": 1,
            "move": [
                3,
                0
            ],
            "color": 1,
            "thinking_time": 0.0162
        },
        {
            "turn": 16,
            "player_id": 2,
            "move": [
                4,
                0
            ],
            "color": 2,
            "thinking_time": 0.0161,
            "search_depth": 0
        },
        {
            "turn": 17,
            "player_id": 1,
            "move": [
                4,
                1
            ],
            "color": 1,
            "thinking_time": 0.0142
        },
        {
            "turn": 18,
            "player_id": 2,
            "move": [
                1,
                7
            ],
            "color": 2,
            "thinking_time": 0.0311,
            "search_depth": 0
        },
        {
            "turn": 19,
            "player_id": 1,
            "move": [
                5,
                2
            ],
            "color": 1,
            "thinking_time": 0.0151
        },
        {
            "turn": 20,
            "player_id": 2,
            "move": [
                1,
                4
            ],
            "color": 2,
            "thinking_time": 0.0425,
            "search_depth": 0
        },
        {
            "turn": 21,
            "player_id": 1,
            "move": [
                6,
                3
            ],
            "color": 1,
            "thinking_time": 0.015
        },
        {
            "turn": 22,
            "player_id": 2,
            "move": [
                1,
                3
            ],
            "color": 2,
            "thinking_time": 0.0164,
            "search_depth": 0
        }
    ]
}