{
    "game_id": "20250906_211152",
    "winner_id": 2,
    "winner_name": "Negamax AI",
    "player_setup": {
        "p1_name": "Gomocup AI",
        "p2_name": "Negamax AI"
    },
    "final_colors": {
        "1": 1,
        "2": 2
    },
    "rules": {
        "banned_moves_enabled": false,
        "swap2_enabled": false
    },
    "move_history": [
        {
            "turn": 1,
            "player_id": 1,
            "move": [
                3,
                8
            ],
            "color": 1,
            "thinking_time": 0.0177
        },
        {
            "turn": 2,
            "player_id": 2,
            "move": [
                3,
                7
            ],
            "color": 2,
            "thinking_time": 29.3239,
            "search_depth": 5
        },
        {
            "turn": 3,
            "player_id": 1,
            "move": [
                7,
                8
            ],
            "color": 1,
            "thinking_time": 0.015
        },
        {
            "turn": 4,
            "player_id": 2,
            "move": [
                4,
                6
            ],
            "color": 2,
            "thinking_time": 29.3145,
            "search_depth": 4
        },
        {
            "turn": 5,
            "player_id": 1,
            "move": [
                6,
                9
            ],
            "color": 1,
            "thinking_time": 0.0149
        },
        {
            "turn": 6,
            "player_id": 2,
            "move": [
                5,
                6
            ],
            "color": 2,
            "thinking_time": 29.3233,
            "search_depth": 4
        },
        {
            "turn": 7,
            "player_id": 1,
            "move": [
                5,
                10
            ],
            "color": 1,
            "thinking_time": 0.0157
        },
        {
            "turn": 8,
            "player_id": 2,
            "move": [
                8,
                7
            ],
            "color": 2,
            "thinking_time": 0.0309,
            "search_depth": 0
        },
        {
            "turn": 9,
            "player_id": 1,
            "move": [
                9,
                6
            ],
            "color": 1,
            "thinking_time": 0.0162
        },
        {
            "turn": 10,
            "player_id": 2,
            "move": [
                6,
                8
            ],
            "color": 2,
            "thinking_time": 29.32,
            "search_depth": 5
        },
        {
            "turn": 11,
            "player_id": 1,
            "move": [
                8,
                9
            ],
            "color": 1,
            "thinking_time": 0.0167
        },
        {
            "turn": 12,
            "player_id": 2,
            "move": [
                2,
                8
            ],
            "color": 2,
            "thinking_time": 29.3248,
            "search_depth": 4
        },
        {
            "turn": 13,
            "player_id": 1,
            "move": [
                7,
                9
            ],
            "color": 1,
            "thinking_time": 0.0156
        },
        {
            "turn": 14,
            "player_id": 2,
            "move": [
                5,
                9
            ],
            "color": 2,
            "thinking_time": 0.0298,
            "search_depth": 0
        },
        {
            "turn": 15,
            "player_id": 1,
            "move": [
                10,
                8
            ],
            "color": 1,
            "thinking_time": 0.015
        },
        {
            "turn": 16,
            "player_id": 2,
            "move": [
                5,
                5
            ],
            "color": 2,
            "thinking_time": 1.124,
            "search_depth": 0
        },
        {
            "turn": 17,
            "player_id": 1,
            "move": [
                11,
                9
            ],
            "color": 1,
            "thinking_time": 0.0155
        },
        {
            "turn": 18,
            "player_id": 2,
            "move": [
                6,
                4
            ],
            "color": 2,
            "thinking_time": 0.0154,
            "search_depth": 0
        }
    ]
}