{
    "game_id": "20250906_210351",
    "winner_id": 2,
    "winner_name": "Negamax AI",
    "player_setup": {
        "p1_name": "Gomocup AI",
        "p2_name": "Negamax AI"
    },
    "final_colors": {
        "1": 1,
        "2": 2
    },
    "rules": {
        "banned_moves_enabled": false,
        "swap2_enabled": false
    },
    "move_history": [
        {
            "turn": 1,
            "player_id": 1,
            "move": [
                9,
                4
            ],
            "color": 1,
            "thinking_time": 0.0165
        },
        {
            "turn": 2,
            "player_id": 2,
            "move": [
                8,
                3
            ],
            "color": 2,
            "thinking_time": 29.3269,
            "search_depth": 4
        },
        {
            "turn": 3,
            "player_id": 1,
            "move": [
                12,
                1
            ],
            "color": 1,
            "thinking_time": 0.015
        },
        {
            "turn": 4,
            "player_id": 2,
            "move": [
                9,
                3
            ],
            "color": 2,
            "thinking_time": 29.3161,
            "search_depth": 4
        },
        {
            "turn": 5,
            "player_id": 1,
            "move": [
                10,
                3
            ],
            "color": 1,
            "thinking_time": 0.0175
        },
        {
            "turn": 6,
            "player_id": 2,
            "move": [
                11,
                2
            ],
            "color": 2,
            "thinking_time": 0.0222,
            "search_depth": 0
        },
        {
            "turn": 7,
            "player_id": 1,
            "move": [
                13,
                0
            ],
            "color": 1,
            "thinking_time": 0.0162
        },
        {
            "turn": 8,
            "player_id": 2,
            "move": [
                9,
                2
            ],
            "color": 2,
            "thinking_time": 29.3147,
            "search_depth": 4
        },
        {
            "turn": 9,
            "player_id": 1,
            "move": [
                10,
                1
            ],
            "color": 1,
            "thinking_time": 0.0155
        },
        {
            "turn": 10,
            "player_id": 2,
            "move": [
                8,
                2
            ],
            "color": 2,
            "thinking_time": 29.3142,
            "search_depth": 5
        },
        {
            "turn": 11,
            "player_id": 1,
            "move": [
                8,
                1
            ],
            "color": 1,
            "thinking_time": 0.0153
        },
        {
            "turn": 12,
            "player_id": 2,
            "move": [
                10,
                2
            ],
            "color": 2,
            "thinking_time": 0.028,
            "search_depth": 0
        },
        {
            "turn": 13,
            "player_id": 1,
            "move": [
                7,
                2
            ],
            "color": 1,
            "thinking_time": 0.0152
        },
        {
            "turn": 14,
            "player_id": 2,
            "move": [
                12,
                2
            ],
            "color": 2,
            "thinking_time": 0.0147,
            "search_depth": 0
        }
    ]
}