{
    "game_id": "20250906_121539",
    "winner_id": 2,
    "winner_name": "Negamax AI",
    "player_setup": {
        "p1_name": "Gomocup AI",
        "p2_name": "Negamax AI"
    },
    "final_colors": {
        "1": 1,
        "2": 2
    },
    "rules": {
        "banned_moves_enabled": false,
        "swap2_enabled": false
    },
    "move_history": [
        {
            "turn": 1,
            "player_id": 1,
            "move": [
                3,
                0
            ],
            "color": 1,
            "thinking_time": 0.017
        },
        {
            "turn": 2,
            "player_id": 2,
            "move": [
                3,
                1
            ],
            "color": 2,
            "thinking_time": 29.3196,
            "search_depth": 5
        },
        {
            "turn": 3,
            "player_id": 1,
            "move": [
                11,
                0
            ],
            "color": 1,
            "thinking_time": 0.0154
        },
        {
            "turn": 4,
            "player_id": 2,
            "move": [
                3,
                3
            ],
            "color": 2,
            "thinking_time": 29.3206,
            "search_depth": 5
        },
        {
            "turn": 5,
            "player_id": 1,
            "move": [
                2,
                0
            ],
            "color": 1,
            "thinking_time": 0.015
        },
        {
            "turn": 6,
            "player_id": 2,
            "move": [
                4,
                2
            ],
            "color": 2,
            "thinking_time": 29.32,
            "search_depth": 4
        },
        {
            "turn": 7,
            "player_id": 1,
            "move": [
                1,
                0
            ],
            "color": 1,
            "thinking_time": 0.0153
        },
        {
            "turn": 8,
            "player_id": 2,
            "move": [
                4,
                0
            ],
            "color": 2,
            "thinking_time": 0.0225,
            "search_depth": 0
        },
        {
            "turn": 9,
            "player_id": 1,
            "move": [
                0,
                0
            ],
            "color": 1,
            "thinking_time": 0.0157
        },
        {
            "turn": 10,
            "player_id": 2,
            "move": [
                4,
                4
            ],
            "color": 2,
            "thinking_time": 29.3213,
            "search_depth": 5
        },
        {
            "turn": 11,
            "player_id": 1,
            "move": [
                0,
                1
            ],
            "color": 1,
            "thinking_time": 0.0149
        },
        {
            "turn": 12,
            "player_id": 2,
            "move": [
                4,
                3
            ],
            "color": 2,
            "thinking_time": 0.0241,
            "search_depth": 0
        },
        {
            "turn": 13,
            "player_id": 1,
            "move": [
                0,
                2
            ],
            "color": 1,
            "thinking_time": 0.0153
        },
        {
            "turn": 14,
            "player_id": 2,
            "move": [
                4,
                1
            ],
            "color": 2,
            "thinking_time": 0.015,
            "search_depth": 0
        }
    ]
}