{
    "game_id": "20250906_211352",
    "winner_id": 2,
    "winner_name": "Negamax AI",
    "player_setup": {
        "p1_name": "Gomocup AI",
        "p2_name": "Negamax AI"
    },
    "final_colors": {
        "1": 1,
        "2": 2
    },
    "rules": {
        "banned_moves_enabled": false,
        "swap2_enabled": false
    },
    "move_history": [
        {
            "turn": 1,
            "player_id": 1,
            "move": [
                9,
                7
            ],
            "color": 1,
            "thinking_time": 0.0166
        },
        {
            "turn": 2,
            "player_id": 2,
            "move": [
                7,
                7
            ],
            "color": 2,
            "thinking_time": 29.3164,
            "search_depth": 5
        },
        {
            "turn": 3,
            "player_id": 1,
            "move": [
                12,
                10
            ],
            "color": 1,
            "thinking_time": 0.0157
        },
        {
            "turn": 4,
            "player_id": 2,
            "move": [
                7,
                5
            ],
            "color": 2,
            "thinking_time": 29.3215,
            "search_depth": 4
        },
        {
            "turn": 5,
            "player_id": 1,
            "move": [
                13,
                11
            ],
            "color": 1,
            "thinking_time": 0.015
        },
        {
            "turn": 6,
            "player_id": 2,
            "move": [
                11,
                9
            ],
            "color": 2,
            "thinking_time": 0.0232,
            "search_depth": 0
        },
        {
            "turn": 7,
            "player_id": 1,
            "move": [
                14,
                12
            ],
            "color": 1,
            "thinking_time": 0.0151
        },
        {
            "turn": 8,
            "player_id": 2,
            "move": [
                8,
                8
            ],
            "color": 2,
            "thinking_time": 29.3245,
            "search_depth": 4
        },
        {
            "turn": 9,
            "player_id": 1,
            "move": [
                14,
                11
            ],
            "color": 1,
            "thinking_time": 0.0152
        },
        {
            "turn": 10,
            "player_id": 2,
            "move": [
                6,
                8
            ],
            "color": 2,
            "thinking_time": 29.3236,
            "search_depth": 4
        },
        {
            "turn": 11,
            "player_id": 1,
            "move": [
                14,
                10
            ],
            "color": 1,
            "thinking_time": 0.0156
        },
        {
            "turn": 12,
            "player_id": 2,
            "move": [
                14,
                13
            ],
            "color": 2,
            "thinking_time": 0.0314,
            "search_depth": 0
        },
        {
            "turn": 13,
            "player_id": 1,
            "move": [
                10,
                9
            ],
            "color": 1,
            "thinking_time": 0.015
        },
        {
            "turn": 14,
            "player_id": 2,
            "move": [
                7,
                8
            ],
            "color": 2,
            "thinking_time": 0.031,
            "search_depth": 0
        },
        {
            "turn": 15,
            "player_id": 1,
            "move": [
                9,
                9
            ],
            "color": 1,
            "thinking_time": 0.0162
        },
        {
            "turn": 16,
            "player_id": 2,
            "move": [
                7,
                6
            ],
            "color": 2,
            "thinking_time": 0.0397,
            "search_depth": 0
        },
        {
            "turn": 17,
            "player_id": 1,
            "move": [
                4,
                5
            ],
            "color": 1,
            "thinking_time": 0.0162
        },
        {
            "turn": 18,
            "player_id": 2,
            "move": [
                7,
                9
            ],
            "color": 2,
            "thinking_time": 0.0152,
            "search_depth": 0
        }
    ]
}