{
    "game_id": "20250906_142208",
    "winner_id": 2,
    "winner_name": "Negamax AI",
    "player_setup": {
        "p1_name": "Gomocup AI",
        "p2_name": "Negamax AI"
    },
    "final_colors": {
        "1": 1,
        "2": 2
    },
    "rules": {
        "banned_moves_enabled": false,
        "swap2_enabled": false
    },
    "move_history": [
        {
            "turn": 1,
            "player_id": 1,
            "move": [
                14,
                0
            ],
            "color": 1,
            "thinking_time": 0.0152
        },
        {
            "turn": 2,
            "player_id": 2,
            "move": [
                13,
                2
            ],
            "color": 2,
            "thinking_time": 29.3167,
            "search_depth": 5
        },
        {
            "turn": 3,
            "player_id": 1,
            "move": [
                14,
                3
            ],
            "color": 1,
            "thinking_time": 0.0154
        },
        {
            "turn": 4,
            "player_id": 2,
            "move": [
                13,
                3
            ],
            "color": 2,
            "thinking_time": 29.3193,
            "search_depth": 5
        },
        {
            "turn": 5,
            "player_id": 1,
            "move": [
                14,
                4
            ],
            "color": 1,
            "thinking_time": 0.0154
        },
        {
            "turn": 6,
            "player_id": 2,
            "move": [
                14,
                2
            ],
            "color": 2,
            "thinking_time": 0.0186,
            "search_depth": 0
        },
        {
            "turn": 7,
            "player_id": 1,
            "move": [
                14,
                5
            ],
            "color": 1,
            "thinking_time": 0.0148
        },
        {
            "turn": 8,
            "player_id": 2,
            "move": [
                11,
                3
            ],
            "color": 2,
            "thinking_time": 29.3175,
            "search_depth": 5
        },
        {
            "turn": 9,
            "player_id": 1,
            "move": [
                14,
                6
            ],
            "color": 1,
            "thinking_time": 0.0152
        },
        {
            "turn": 10,
            "player_id": 2,
            "move": [
                14,
                7
            ],
            "color": 2,
            "thinking_time": 0.0163,
            "search_depth": 0
        },
        {
            "turn": 11,
            "player_id": 1,
            "move": [
                12,
                9
            ],
            "color": 1,
            "thinking_time": 0.0155
        },
        {
            "turn": 12,
            "player_id": 2,
            "move": [
                12,
                3
            ],
            "color": 2,
            "thinking_time": 29.3178,
            "search_depth": 4
        },
        {
            "turn": 13,
            "player_id": 1,
            "move": [
                0,
                9
            ],
            "color": 1,
            "thinking_time": 0.0167
        },
        {
            "turn": 14,
            "player_id": 2,
            "move": [
                11,
                1
            ],
            "color": 2,
            "thinking_time": 29.3155,
            "search_depth": 4
        },
        {
            "turn": 15,
            "player_id": 1,
            "move": [
                11,
                2
            ],
            "color": 1,
            "thinking_time": 0.0153
        },
        {
            "turn": 16,
            "player_id": 2,
            "move": [
                10,
                1
            ],
            "color": 2,
            "thinking_time": 29.3214,
            "search_depth": 4
        },
        {
            "turn": 17,
            "player_id": 1,
            "move": [
                0,
                7
            ],
            "color": 1,
            "thinking_time": 0.0161
        },
        {
            "turn": 18,
            "player_id": 2,
            "move": [
                13,
                1
            ],
            "color": 2,
            "thinking_time": 0.039,
            "search_depth": 0
        },
        {
            "turn": 19,
            "player_id": 1,
            "move": [
                0,
                10
            ],
            "color": 1,
            "thinking_time": 0.0156
        },
        {
            "turn": 20,
            "player_id": 2,
            "move": [
                0,
                8
            ],
            "color": 2,
            "thinking_time": 0.029,
            "search_depth": 0
        },
        {
            "turn": 21,
            "player_id": 1,
            "move": [
                13,
                4
            ],
            "color": 1,
            "thinking_time": 0.0155
        },
        {
            "turn": 22,
            "player_id": 2,
            "move": [
                12,
                1
            ],
            "color": 2,
            "thinking_time": 0.0254,
            "search_depth": 0
        },
        {
            "turn": 23,
            "player_id": 1,
            "move": [
                12,
                2
            ],
            "color": 1,
            "thinking_time": 0.015
        },
        {
            "turn": 24,
            "player_id": 2,
            "move": [
                14,
                1
            ],
            "color": 2,
            "thinking_time": 0.0162,
            "search_depth": 0
        }
    ]
}