{
    "game_id": "20250906_143233",
    "winner_id": 2,
    "winner_name": "Negamax AI",
    "player_setup": {
        "p1_name": "Gomocup AI",
        "p2_name": "Negamax AI"
    },
    "final_colors": {
        "1": 1,
        "2": 2
    },
    "rules": {
        "banned_moves_enabled": false,
        "swap2_enabled": false
    },
    "move_history": [
        {
            "turn": 1,
            "player_id": 1,
            "move": [
                2,
                2
            ],
            "color": 1,
            "thinking_time": 0.017
        },
        {
            "turn": 2,
            "player_id": 2,
            "move": [
                3,
                1
            ],
            "color": 2,
            "thinking_time": 29.3183,
            "search_depth": 5
        },
        {
            "turn": 3,
            "player_id": 1,
            "move": [
                1,
                2
            ],
            "color": 1,
            "thinking_time": 0.0162
        },
        {
            "turn": 4,
            "player_id": 2,
            "move": [
                2,
                1
            ],
            "color": 2,
            "thinking_time": 29.3147,
            "search_depth": 5
        },
        {
            "turn": 5,
            "player_id": 1,
            "move": [
                1,
                1
            ],
            "color": 1,
            "thinking_time": 0.0152
        },
        {
            "turn": 6,
            "player_id": 2,
            "move": [
                3,
                2
            ],
            "color": 2,
            "thinking_time": 29.3177,
            "search_depth": 5
        },
        {
            "turn": 7,
            "player_id": 1,
            "move": [
                7,
                13
            ],
            "color": 1,
            "thinking_time": 0.0156
        },
        {
            "turn": 8,
            "player_id": 2,
            "move": [
                4,
                2
            ],
            "color": 2,
            "thinking_time": 29.3178,
            "search_depth": 4
        },
        {
            "turn": 9,
            "player_id": 1,
            "move": [
                13,
                5
            ],
            "color": 1,
            "thinking_time": 0.0157
        },
        {
            "turn": 10,
            "player_id": 2,
            "move": [
                5,
                1
            ],
            "color": 2,
            "thinking_time": 29.3167,
            "search_depth": 5
        },
        {
            "turn": 11,
            "player_id": 1,
            "move": [
                2,
                5
            ],
            "color": 1,
            "thinking_time": 0.0158
        },
        {
            "turn": 12,
            "player_id": 2,
            "move": [
                3,
                3
            ],
            "color": 2,
            "thinking_time": 0.0704,
            "search_depth": 0
        },
        {
            "turn": 13,
            "player_id": 1,
            "move": [
                2,
                0
            ],
            "color": 1,
            "thinking_time": 0.0149
        },
        {
            "turn": 14,
            "player_id": 2,
            "move": [
                2,
                4
            ],
            "color": 2,
            "thinking_time": 0.0435,
            "search_depth": 0
        },
        {
            "turn": 15,
            "player_id": 1,
            "move": [
                11,
                11
            ],
            "color": 1,
            "thinking_time": 0.0162
        },
        {
            "turn": 16,
            "player_id": 2,
            "move": [
                1,
                5
            ],
            "color": 2,
            "thinking_time": 0.0154,
            "search_depth": 0
        }
    ]
}