{
    "game_id": "20250906_132941",
    "winner_id": 2,
    "winner_name": "Negamax AI",
    "player_setup": {
        "p1_name": "Gomocup AI",
        "p2_name": "Negamax AI"
    },
    "final_colors": {
        "1": 1,
        "2": 2
    },
    "rules": {
        "banned_moves_enabled": false,
        "swap2_enabled": false
    },
    "move_history": [
        {
            "turn": 1,
            "player_id": 1,
            "move": [
                12,
                7
            ],
            "color": 1,
            "thinking_time": 0.0171
        },
        {
            "turn": 2,
            "player_id": 2,
            "move": [
                11,
                6
            ],
            "color": 2,
            "thinking_time": 29.3227,
            "search_depth": 4
        },
        {
            "turn": 3,
            "player_id": 1,
            "move": [
                14,
                5
            ],
            "color": 1,
            "thinking_time": 0.0164
        },
        {
            "turn": 4,
            "player_id": 2,
            "move": [
                11,
                5
            ],
            "color": 2,
            "thinking_time": 29.3134,
            "search_depth": 5
        },
        {
            "turn": 5,
            "player_id": 1,
            "move": [
                14,
                4
            ],
            "color": 1,
            "thinking_time": 0.0157
        },
        {
            "turn": 6,
            "player_id": 2,
            "move": [
                9,
                5
            ],
            "color": 2,
            "thinking_time": 29.3159,
            "search_depth": 5
        },
        {
            "turn": 7,
            "player_id": 1,
            "move": [
                14,
                3
            ],
            "color": 1,
            "thinking_time": 0.0157
        },
        {
            "turn": 8,
            "player_id": 2,
            "move": [
                14,
                6
            ],
            "color": 2,
            "thinking_time": 0.0258,
            "search_depth": 0
        },
        {
            "turn": 9,
            "player_id": 1,
            "move": [
                13,
                3
            ],
            "color": 1,
            "thinking_time": 0.0144
        },
        {
            "turn": 10,
            "player_id": 2,
            "move": [
                10,
                6
            ],
            "color": 2,
            "thinking_time": 29.3175,
            "search_depth": 4
        },
        {
            "turn": 11,
            "player_id": 1,
            "move": [
                11,
                14
            ],
            "color": 1,
            "thinking_time": 0.0154
        },
        {
            "turn": 12,
            "player_id": 2,
            "move": [
                12,
                6
            ],
            "color": 2,
            "thinking_time": 0.0222,
            "search_depth": 0
        },
        {
            "turn": 13,
            "player_id": 1,
            "move": [
                10,
                11
            ],
            "color": 1,
            "thinking_time": 0.0156
        },
        {
            "turn": 14,
            "player_id": 2,
            "move": [
                13,
                6
            ],
            "color": 2,
            "thinking_time": 0.0157,
            "search_depth": 0
        }
    ]
}