{
    "game_id": "20250906_141709",
    "winner_id": 2,
    "winner_name": "Negamax AI",
    "player_setup": {
        "p1_name": "Gomocup AI",
        "p2_name": "Negamax AI"
    },
    "final_colors": {
        "1": 1,
        "2": 2
    },
    "rules": {
        "banned_moves_enabled": false,
        "swap2_enabled": false
    },
    "move_history": [
        {
            "turn": 1,
            "player_id": 1,
            "move": [
                3,
                12
            ],
            "color": 1,
            "thinking_time": 0.0161
        },
        {
            "turn": 2,
            "player_id": 2,
            "move": [
                4,
                11
            ],
            "color": 2,
            "thinking_time": 29.3195,
            "search_depth": 5
        },
        {
            "turn": 3,
            "player_id": 1,
            "move": [
                3,
                13
            ],
            "color": 1,
            "thinking_time": 0.0163
        },
        {
            "turn": 4,
            "player_id": 2,
            "move": [
                4,
                12
            ],
            "color": 2,
            "thinking_time": 29.318,
            "search_depth": 5
        },
        {
            "turn": 5,
            "player_id": 1,
            "move": [
                3,
                14
            ],
            "color": 1,
            "thinking_time": 0.0154
        },
        {
            "turn": 6,
            "player_id": 2,
            "move": [
                3,
                11
            ],
            "color": 2,
            "thinking_time": 29.3149,
            "search_depth": 5
        },
        {
            "turn": 7,
            "player_id": 1,
            "move": [
                3,
                10
            ],
            "color": 1,
            "thinking_time": 0.016
        },
        {
            "turn": 8,
            "player_id": 2,
            "move": [
                4,
                10
            ],
            "color": 2,
            "thinking_time": 29.32,
            "search_depth": 5
        },
        {
            "turn": 9,
            "player_id": 1,
            "move": [
                0,
                8
            ],
            "color": 1,
            "thinking_time": 0.016
        },
        {
            "turn": 10,
            "player_id": 2,
            "move": [
                4,
                9
            ],
            "color": 2,
            "thinking_time": 0.0291,
            "search_depth": 0
        },
        {
            "turn": 11,
            "player_id": 1,
            "move": [
                1,
                7
            ],
            "color": 1,
            "thinking_time": 0.0157
        },
        {
            "turn": 12,
            "player_id": 2,
            "move": [
                4,
                8
            ],
            "color": 2,
            "thinking_time": 0.0141,
            "search_depth": 0
        }
    ]
}