{
    "game_id": "20250906_122306",
    "winner_id": 2,
    "winner_name": "Negamax AI",
    "player_setup": {
        "p1_name": "Gomocup AI",
        "p2_name": "Negamax AI"
    },
    "final_colors": {
        "1": 1,
        "2": 2
    },
    "rules": {
        "banned_moves_enabled": false,
        "swap2_enabled": false
    },
    "move_history": [
        {
            "turn": 1,
            "player_id": 1,
            "move": [
                12,
                3
            ],
            "color": 1,
            "thinking_time": 0.016
        },
        {
            "turn": 2,
            "player_id": 2,
            "move": [
                11,
                5
            ],
            "color": 2,
            "thinking_time": 29.3178,
            "search_depth": 5
        },
        {
            "turn": 3,
            "player_id": 1,
            "move": [
                13,
                3
            ],
            "color": 1,
            "thinking_time": 0.0153
        },
        {
            "turn": 4,
            "player_id": 2,
            "move": [
                10,
                5
            ],
            "color": 2,
            "thinking_time": 29.3142,
            "search_depth": 5
        },
        {
            "turn": 5,
            "player_id": 1,
            "move": [
                14,
                3
            ],
            "color": 1,
            "thinking_time": 0.015
        },
        {
            "turn": 6,
            "player_id": 2,
            "move": [
                11,
                7
            ],
            "color": 2,
            "thinking_time": 29.3169,
            "search_depth": 5
        },
        {
            "turn": 7,
            "player_id": 1,
            "move": [
                12,
                7
            ],
            "color": 1,
            "thinking_time": 0.015
        },
        {
            "turn": 8,
            "player_id": 2,
            "move": [
                12,
                8
            ],
            "color": 2,
            "thinking_time": 29.32,
            "search_depth": 5
        },
        {
            "turn": 9,
            "player_id": 1,
            "move": [
                13,
                9
            ],
            "color": 1,
            "thinking_time": 0.0158
        },
        {
            "turn": 10,
            "player_id": 2,
            "move": [
                9,
                7
            ],
            "color": 2,
            "thinking_time": 29.3137,
            "search_depth": 4
        },
        {
            "turn": 11,
            "player_id": 1,
            "move": [
                9,
                11
            ],
            "color": 1,
            "thinking_time": 0.0153
        },
        {
            "turn": 12,
            "player_id": 2,
            "move": [
                10,
                4
            ],
            "color": 2,
            "thinking_time": 29.3176,
            "search_depth": 5
        },
        {
            "turn": 13,
            "player_id": 1,
            "move": [
                13,
                7
            ],
            "color": 1,
            "thinking_time": 0.0165
        },
        {
            "turn": 14,
            "player_id": 2,
            "move": [
                10,
                6
            ],
            "color": 2,
            "thinking_time": 0.0337,
            "search_depth": 0
        },
        {
            "turn": 15,
            "player_id": 1,
            "move": [
                14,
                2
            ],
            "color": 1,
            "thinking_time": 0.0163
        },
        {
            "turn": 16,
            "player_id": 2,
            "move": [
                10,
                7
            ],
            "color": 2,
            "thinking_time": 0.0927,
            "search_depth": 0
        },
        {
            "turn": 17,
            "player_id": 1,
            "move": [
                14,
                1
            ],
            "color": 1,
            "thinking_time": 0.016
        },
        {
            "turn": 18,
            "player_id": 2,
            "move": [
                10,
                8
            ],
            "color": 2,
            "thinking_time": 0.0155,
            "search_depth": 0
        }
    ]
}