{
    "game_id": "20250906_123320",
    "winner_id": 2,
    "winner_name": "Negamax AI",
    "player_setup": {
        "p1_name": "Gomocup AI",
        "p2_name": "Negamax AI"
    },
    "final_colors": {
        "1": 1,
        "2": 2
    },
    "rules": {
        "banned_moves_enabled": false,
        "swap2_enabled": false
    },
    "move_history": [
        {
            "turn": 1,
            "player_id": 1,
            "move": [
                11,
                10
            ],
            "color": 1,
            "thinking_time": 0.012
        },
        {
            "turn": 2,
            "player_id": 2,
            "move": [
                12,
                10
            ],
            "color": 2,
            "thinking_time": 29.3204,
            "search_depth": 4
        },
        {
            "turn": 3,
            "player_id": 1,
            "move": [
                13,
                4
            ],
            "color": 1,
            "thinking_time": 0.0152
        },
        {
            "turn": 4,
            "player_id": 2,
            "move": [
                11,
                11
            ],
            "color": 2,
            "thinking_time": 29.3152,
            "search_depth": 4
        },
        {
            "turn": 5,
            "player_id": 1,
            "move": [
                13,
                2
            ],
            "color": 1,
            "thinking_time": 0.0157
        },
        {
            "turn": 6,
            "player_id": 2,
            "move": [
                10,
                11
            ],
            "color": 2,
            "thinking_time": 29.3199,
            "search_depth": 4
        },
        {
            "turn": 7,
            "player_id": 1,
            "move": [
                13,
                6
            ],
            "color": 1,
            "thinking_time": 0.0153
        },
        {
            "turn": 8,
            "player_id": 2,
            "move": [
                13,
                3
            ],
            "color": 2,
            "thinking_time": 0.0275,
            "search_depth": 0
        },
        {
            "turn": 9,
            "player_id": 1,
            "move": [
                13,
                1
            ],
            "color": 1,
            "thinking_time": 0.0155
        },
        {
            "turn": 10,
            "player_id": 2,
            "move": [
                12,
                11
            ],
            "color": 2,
            "thinking_time": 29.3157,
            "search_depth": 5
        },
        {
            "turn": 11,
            "player_id": 1,
            "move": [
                13,
                0
            ],
            "color": 1,
            "thinking_time": 0.0159
        },
        {
            "turn": 12,
            "player_id": 2,
            "move": [
                13,
                11
            ],
            "color": 2,
            "thinking_time": 0.0236,
            "search_depth": 0
        },
        {
            "turn": 13,
            "player_id": 1,
            "move": [
                2,
                14
            ],
            "color": 1,
            "thinking_time": 0.0162
        },
        {
            "turn": 14,
            "player_id": 2,
            "move": [
                9,
                11
            ],
            "color": 2,
            "thinking_time": 0.0151,
            "search_depth": 0
        }
    ]
}