{
    "game_id": "20250907_111405",
    "winner_id": 1,
    "winner_name": "Negamax AI",
    "player_setup": {
        "p1_name": "Negamax AI",
        "p2_name": "Gomocup AI"
    },
    "final_colors": {
        "1": 1,
        "2": 2
    },
    "rules": {
        "banned_moves_enabled": false,
        "swap2_enabled": false
    },
    "move_history": [
        {
            "turn": 1,
            "player_id": 1,
            "move": [
                7,
                7
            ],
            "color": 1,
            "thinking_time": 0.0177,
            "search_depth": 0
        },
        {
            "turn": 2,
            "player_id": 2,
            "move": [
                6,
                8
            ],
            "color": 2,
            "thinking_time": 0.6278
        },
        {
            "turn": 3,
            "player_id": 1,
            "move": [
                8,
                8
            ],
            "color": 1,
            "thinking_time": 0.0155,
            "search_depth": 0
        },
        {
            "turn": 4,
            "player_id": 2,
            "move": [
                9,
                9
            ],
            "color": 2,
            "thinking_time": 0.5974
        },
        {
            "turn": 5,
            "player_id": 1,
            "move": [
                5,
                5
            ],
            "color": 1,
            "thinking_time": 29.3139,
            "search_depth": 4
        },
        {
            "turn": 6,
            "player_id": 2,
            "move": [
                4,
                4
            ],
            "color": 2,
            "thinking_time": 0.327
        },
        {
            "turn": 7,
            "player_id": 1,
            "move": [
                5,
                7
            ],
            "color": 1,
            "thinking_time": 29.318,
            "search_depth": 4
        },
        {
            "turn": 8,
            "player_id": 2,
            "move": [
                6,
                7
            ],
            "color": 2,
            "thinking_time": 0.2771
        },
        {
            "turn": 9,
            "player_id": 1,
            "move": [
                8,
                9
            ],
            "color": 1,
            "thinking_time": 29.3186,
            "search_depth": 4
        },
        {
            "turn": 10,
            "player_id": 2,
            "move": [
                6,
                6
            ],
            "color": 2,
            "thinking_time": 0.3422
        },
        {
            "turn": 11,
            "player_id": 1,
            "move": [
                6,
                5
            ],
            "color": 1,
            "thinking_time": 0.027,
            "search_depth": 0
        },
        {
            "turn": 12,
            "player_id": 2,
            "move": [
                5,
                4
            ],
            "color": 2,
            "thinking_time": 0.2351
        },
        {
            "turn": 13,
            "player_id": 1,
            "move": [
                6,
                4
            ],
            "color": 1,
            "thinking_time": 29.3186,
            "search_depth": 3
        },
        {
            "turn": 14,
            "player_id": 2,
            "move": [
                4,
                5
            ],
            "color": 2,
            "thinking_time": 0.301
        },
        {
            "turn": 15,
            "player_id": 1,
            "move": [
                7,
                5
            ],
            "color": 1,
            "thinking_time": 29.3183,
            "search_depth": 3
        },
        {
            "turn": 16,
            "player_id": 2,
            "move": [
                4,
                6
            ],
            "color": 2,
            "thinking_time": 0.1555
        },
        {
            "turn": 17,
            "player_id": 1,
            "move": [
                4,
                7
            ],
            "color": 1,
            "thinking_time": 0.027,
            "search_depth": 0
        },
        {
            "turn": 18,
            "player_id": 2,
            "move": [
                7,
                4
            ],
            "color": 2,
            "thinking_time": 0.1073
        },
        {
            "turn": 19,
            "player_id": 1,
            "move": [
                5,
                6
            ],
            "color": 1,
            "thinking_time": 0.026,
            "search_depth": 0
        },
        {
            "turn": 20,
            "player_id": 2,
            "move": [
                4,
                3
            ],
            "color": 2,
            "thinking_time": 0.2265
        },
        {
            "turn": 21,
            "player_id": 1,
            "move": [
                4,
                2
            ],
            "color": 1,
            "thinking_time": 0.0167,
            "search_depth": 0
        },
        {
            "turn": 22,
            "player_id": 2,
            "move": [
                5,
                3
            ],
            "color": 2,
            "thinking_time": 0.2103
        },
        {
            "turn": 23,
            "player_id": 1,
            "move": [
                6,
                3
            ],
            "color": 1,
            "thinking_time": 0.0281,
            "search_depth": 0
        },
        {
            "turn": 24,
            "player_id": 2,
            "move": [
                6,
                2
            ],
            "color": 2,
            "thinking_time": 0.2001
        },
        {
            "turn": 25,
            "player_id": 1,
            "move": [
                3,
                5
            ],
            "color": 1,
            "thinking_time": 0.0275,
            "search_depth": 0
        },
        {
            "turn": 26,
            "player_id": 2,
            "move": [
                7,
                1
            ],
            "color": 2,
            "thinking_time": 0.2687
        },
        {
            "turn": 27,
            "player_id": 1,
            "move": [
                8,
                0
            ],
            "color": 1,
            "thinking_time": 0.0166,
            "search_depth": 0
        },
        {
            "turn": 28,
            "player_id": 2,
            "move": [
                5,
                1
            ],
            "color": 2,
            "thinking_time": 0.2744
        },
        {
            "turn": 29,
            "player_id": 1,
            "move": [
                5,
                8
            ],
            "color": 1,
            "thinking_time": 29.3235,
            "search_depth": 5
        },
        {
            "turn": 30,
            "player_id": 2,
            "move": [
                5,
                9
            ],
            "color": 2,
            "thinking_time": 0.021
        },
        {
            "turn": 31,
            "player_id": 1,
            "move": [
                3,
                6
            ],
            "color": 1,
            "thinking_time": 29.3244,
            "search_depth": 5
        },
        {
            "turn": 32,
            "player_id": 2,
            "move": [
                5,
                2
            ],
            "color": 2,
            "thinking_time": 0.1531
        },
        {
            "turn": 33,
            "player_id": 1,
            "move": [
                5,
                0
            ],
            "color": 1,
            "thinking_time": 0.017,
            "search_depth": 0
        },
        {
            "turn": 34,
            "player_id": 2,
            "move": [
                6,
                9
            ],
            "color": 2,
            "thinking_time": 0.1777
        },
        {
            "turn": 35,
            "player_id": 1,
            "move": [
                6,
                10
            ],
            "color": 1,
            "thinking_time": 0.0166,
            "search_depth": 0
        },
        {
            "turn": 36,
            "player_id": 2,
            "move": [
                8,
                10
            ],
            "color": 2,
            "thinking_time": 0.2225
        },
        {
            "turn": 37,
            "player_id": 1,
            "move": [
                3,
                4
            ],
            "color": 1,
            "thinking_time": 0.0296,
            "search_depth": 0
        },
        {
            "turn": 38,
            "player_id": 2,
            "move": [
                3,
                7
            ],
            "color": 2,
            "thinking_time": 0.3838
        },
        {
            "turn": 39,
            "player_id": 1,
            "move": [
                9,
                5
            ],
            "color": 1,
            "thinking_time": 29.3194,
            "search_depth": 5
        },
        {
            "turn": 40,
            "player_id": 2,
            "move": [
                8,
                5
            ],
            "color": 2,
            "thinking_time": 0.0151
        },
        {
            "turn": 41,
            "player_id": 1,
            "move": [
                2,
                9
            ],
            "color": 1,
            "thinking_time": 29.3163,
            "search_depth": 5
        },
        {
            "turn": 42,
            "player_id": 2,
            "move": [
                3,
                8
            ],
            "color": 2,
            "thinking_time": 0.0209
        },
        {
            "turn": 43,
            "player_id": 1,
            "move": [
                1,
                4
            ],
            "color": 1,
            "thinking_time": 29.3136,
            "search_depth": 4
        },
        {
            "turn": 44,
            "player_id": 2,
            "move": [
                2,
                5
            ],
            "color": 2,
            "thinking_time": 0.0232
        },
        {
            "turn": 45,
            "player_id": 1,
            "move": [
                3,
                2
            ],
            "color": 1,
            "thinking_time": 29.3183,
            "search_depth": 5
        },
        {
            "turn": 46,
            "player_id": 2,
            "move": [
                3,
                3
            ],
            "color": 2,
            "thinking_time": 0.0225
        },
        {
            "turn": 47,
            "player_id": 1,
            "move": [
                2,
                3
            ],
            "color": 1,
            "thinking_time": 2.0318,
            "search_depth": 0
        },
        {
            "turn": 48,
            "player_id": 2,
            "move": [
                4,
                1
            ],
            "color": 2,
            "thinking_time": 0.0223
        },
        {
            "turn": 49,
            "player_id": 1,
            "move": [
                6,
                1
            ],
            "color": 1,
            "thinking_time": 0.0327,
            "search_depth": 0
        },
        {
            "turn": 50,
            "player_id": 2,
            "move": [
                4,
                0
            ],
            "color": 2,
            "thinking_time": 0.8063
        },
        {
            "turn": 51,
            "player_id": 1,
            "move": [
                9,
                7
            ],
            "color": 1,
            "thinking_time": 29.3271,
            "search_depth": 3
        },
        {
            "turn": 52,
            "player_id": 2,
            "move": [
                7,
                3
            ],
            "color": 2,
            "thinking_time": 0.0329
        },
        {
            "turn": 53,
            "player_id": 1,
            "move": [
                8,
                4
            ],
            "color": 1,
            "thinking_time": 0.018,
            "search_depth": 0
        },
        {
            "turn": 54,
            "player_id": 2,
            "move": [
                7,
                2
            ],
            "color": 2,
            "thinking_time": 0.4826
        },
        {
            "turn": 55,
            "player_id": 1,
            "move": [
                7,
                0
            ],
            "color": 1,
            "thinking_time": 0.0186,
            "search_depth": 0
        },
        {
            "turn": 56,
            "player_id": 2,
            "move": [
                9,
                2
            ],
            "color": 2,
            "thinking_time": 0.3832
        },
        {
            "turn": 57,
            "player_id": 1,
            "move": [
                8,
                2
            ],
            "color": 1,
            "thinking_time": 0.0182,
            "search_depth": 0
        },
        {
            "turn": 58,
            "player_id": 2,
            "move": [
                7,
                9
            ],
            "color": 2,
            "thinking_time": 0.4984
        },
        {
            "turn": 59,
            "player_id": 1,
            "move": [
                9,
                0
            ],
            "color": 1,
            "thinking_time": 0.0738,
            "search_depth": 0
        },
        {
            "turn": 60,
            "player_id": 2,
            "move": [
                6,
                0
            ],
            "color": 2,
            "thinking_time": 0.0251
        },
        {
            "turn": 61,
            "player_id": 1,
            "move": [
                10,
                8
            ],
            "color": 1,
            "thinking_time": 29.323,
            "search_depth": 5
        },
        {
            "turn": 62,
            "player_id": 2,
            "move": [
                8,
                6
            ],
            "color": 2,
            "thinking_time": 0.0214
        },
        {
            "turn": 63,
            "player_id": 1,
            "move": [
                10,
                6
            ],
            "color": 1,
            "thinking_time": 29.323,
            "search_depth": 4
        },
        {
            "turn": 64,
            "player_id": 2,
            "move": [
                9,
                11
            ],
            "color": 2,
            "thinking_time": 0.4486
        },
        {
            "turn": 65,
            "player_id": 1,
            "move": [
                10,
                12
            ],
            "color": 1,
            "thinking_time": 0.019,
            "search_depth": 0
        },
        {
            "turn": 66,
            "player_id": 2,
            "move": [
                3,
                9
            ],
            "color": 2,
            "thinking_time": 0.3066
        },
        {
            "turn": 67,
            "player_id": 1,
            "move": [
                4,
                9
            ],
            "color": 1,
            "thinking_time": 0.0185,
            "search_depth": 0
        },
        {
            "turn": 68,
            "player_id": 2,
            "move": [
                3,
                11
            ],
            "color": 2,
            "thinking_time": 0.2833
        },
        {
            "turn": 69,
            "player_id": 1,
            "move": [
                3,
                10
            ],
            "color": 1,
            "thinking_time": 0.0192,
            "search_depth": 0
        },
        {
            "turn": 70,
            "player_id": 2,
            "move": [
                4,
                10
            ],
            "color": 2,
            "thinking_time": 0.279
        },
        {
            "turn": 71,
            "player_id": 1,
            "move": [
                2,
                12
            ],
            "color": 1,
            "thinking_time": 0.0188,
            "search_depth": 0
        },
        {
            "turn": 72,
            "player_id": 2,
            "move": [
                10,
                7
            ],
            "color": 2,
            "thinking_time": 0.2358
        },
        {
            "turn": 73,
            "player_id": 1,
            "move": [
                2,
                11
            ],
            "color": 1,
            "thinking_time": 0.1088,
            "search_depth": 0
        },
        {
            "turn": 74,
            "player_id": 2,
            "move": [
                1,
                12
            ],
            "color": 2,
            "thinking_time": 0.0218
        },
        {
            "turn": 75,
            "player_id": 1,
            "move": [
                2,
                10
            ],
            "color": 1,
            "thinking_time": 0.114,
            "search_depth": 0
        },
        {
            "turn": 76,
            "player_id": 2,
            "move": [
                2,
                8
            ],
            "color": 2,
            "thinking_time": 0.0221
        },
        {
            "turn": 77,
            "player_id": 1,
            "move": [
                2,
                13
            ],
            "color": 1,
            "thinking_time": 0.0172,
            "search_depth": 0
        }
    ]
}