{
    "game_id": "20250907_094904",
    "winner_id": 2,
    "winner_name": "Gomocup AI",
    "player_setup": {
        "p1_name": "Negamax AI",
        "p2_name": "Gomocup AI"
    },
    "final_colors": {
        "1": 1,
        "2": 2
    },
    "rules": {
        "banned_moves_enabled": false,
        "swap2_enabled": false
    },
    "move_history": [
        {
            "turn": 1,
            "player_id": 1,
            "move": [
                7,
                7
            ],
            "color": 1,
            "thinking_time": 0.019,
            "search_depth": 0
        },
        {
            "turn": 2,
            "player_id": 2,
            "move": [
                6,
                8
            ],
            "color": 2,
            "thinking_time": 6.4599
        },
        {
            "turn": 3,
            "player_id": 1,
            "move": [
                8,
                9
            ],
            "color": 1,
            "thinking_time": 0.0165,
            "search_depth": 0
        },
        {
            "turn": 4,
            "player_id": 2,
            "move": [
                7,
                8
            ],
            "color": 2,
            "thinking_time": 8.0236
        },
        {
            "turn": 5,
            "player_id": 1,
            "move": [
                5,
                8
            ],
            "color": 1,
            "thinking_time": 29.3145,
            "search_depth": 4
        },
        {
            "turn": 6,
            "player_id": 2,
            "move": [
                6,
                9
            ],
            "color": 2,
            "thinking_time": 8.0167
        },
        {
            "turn": 7,
            "player_id": 1,
            "move": [
                5,
                10
            ],
            "color": 1,
            "thinking_time": 29.314,
            "search_depth": 4
        },
        {
            "turn": 8,
            "player_id": 2,
            "move": [
                5,
                7
            ],
            "color": 2,
            "thinking_time": 8.0168
        },
        {
            "turn": 9,
            "player_id": 1,
            "move": [
                6,
                11
            ],
            "color": 1,
            "thinking_time": 29.3246,
            "search_depth": 4
        },
        {
            "turn": 10,
            "player_id": 2,
            "move": [
                6,
                6
            ],
            "color": 2,
            "thinking_time": 8.0184
        },
        {
            "turn": 11,
            "player_id": 1,
            "move": [
                6,
                7
            ],
            "color": 1,
            "thinking_time": 0.024,
            "search_depth": 0
        },
        {
            "turn": 12,
            "player_id": 2,
            "move": [
                4,
                6
            ],
            "color": 2,
            "thinking_time": 4.9329
        },
        {
            "turn": 13,
            "player_id": 1,
            "move": [
                7,
                9
            ],
            "color": 1,
            "thinking_time": 0.0318,
            "search_depth": 0
        },
        {
            "turn": 14,
            "player_id": 2,
            "move": [
                4,
                8
            ],
            "color": 2,
            "thinking_time": 5.351
        },
        {
            "turn": 15,
            "player_id": 1,
            "move": [
                7,
                5
            ],
            "color": 1,
            "thinking_time": 0.0261,
            "search_depth": 0
        },
        {
            "turn": 16,
            "player_id": 2,
            "move": [
                4,
                9
            ],
            "color": 2,
            "thinking_time": 5.2708
        },
        {
            "turn": 17,
            "player_id": 1,
            "move": [
                4,
                7
            ],
            "color": 1,
            "thinking_time": 0.0265,
            "search_depth": 0
        },
        {
            "turn": 18,
            "player_id": 2,
            "move": [
                3,
                9
            ],
            "color": 2,
            "thinking_time": 1.0562
        },
        {
            "turn": 19,
            "player_id": 1,
            "move": [
                2,
                10
            ],
            "color": 1,
            "thinking_time": 0.016,
            "search_depth": 0
        },
        {
            "turn": 20,
            "player_id": 2,
            "move": [
                3,
                5
            ],
            "color": 2,
            "thinking_time": 1.4313
        },
        {
            "turn": 21,
            "player_id": 1,
            "move": [
                2,
                4
            ],
            "color": 1,
            "thinking_time": 0.0173,
            "search_depth": 0
        },
        {
            "turn": 22,
            "player_id": 2,
            "move": [
                3,
                7
            ],
            "color": 2,
            "thinking_time": 0.8104
        },
        {
            "turn": 23,
            "player_id": 1,
            "move": [
                3,
                6
            ],
            "color": 1,
            "thinking_time": 0.0391,
            "search_depth": 0
        },
        {
            "turn": 24,
            "player_id": 2,
            "move": [
                5,
                9
            ],
            "color": 2,
            "thinking_time": 0.1761
        },
        {
            "turn": 25,
            "player_id": 1,
            "move": [
                2,
                9
            ],
            "color": 1,
            "thinking_time": 0.0173,
            "search_depth": 0
        },
        {
            "turn": 26,
            "player_id": 2,
            "move": [
                2,
                6
            ],
            "color": 2,
            "thinking_time": 0.0626
        },
        {
            "turn": 27,
            "player_id": 1,
            "move": [
                1,
                5
            ],
            "color": 1,
            "thinking_time": 0.0172,
            "search_depth": 0
        },
        {
            "turn": 28,
            "player_id": 2,
            "move": [
                6,
                10
            ],
            "color": 2,
            "thinking_time": 0.0151
        }
    ]
}