{
    "game_id": "20250907_101456",
    "winner_id": 2,
    "winner_name": "Gomocup AI",
    "player_setup": {
        "p1_name": "Negamax AI",
        "p2_name": "Gomocup AI"
    },
    "final_colors": {
        "1": 1,
        "2": 2
    },
    "rules": {
        "banned_moves_enabled": false,
        "swap2_enabled": false
    },
    "move_history": [
        {
            "turn": 1,
            "player_id": 1,
            "move": [
                7,
                7
            ],
            "color": 1,
            "thinking_time": 0.019,
            "search_depth": 0
        },
        {
            "turn": 2,
            "player_id": 2,
            "move": [
                6,
                8
            ],
            "color": 2,
            "thinking_time": 0.4628
        },
        {
            "turn": 3,
            "player_id": 1,
            "move": [
                9,
                7
            ],
            "color": 1,
            "thinking_time": 0.0153,
            "search_depth": 0
        },
        {
            "turn": 4,
            "player_id": 2,
            "move": [
                6,
                7
            ],
            "color": 2,
            "thinking_time": 0.2548
        },
        {
            "turn": 5,
            "player_id": 1,
            "move": [
                11,
                7
            ],
            "color": 1,
            "thinking_time": 29.3168,
            "search_depth": 4
        },
        {
            "turn": 6,
            "player_id": 2,
            "move": [
                8,
                7
            ],
            "color": 2,
            "thinking_time": 0.2036
        },
        {
            "turn": 7,
            "player_id": 1,
            "move": [
                10,
                7
            ],
            "color": 1,
            "thinking_time": 29.3232,
            "search_depth": 4
        },
        {
            "turn": 8,
            "player_id": 2,
            "move": [
                5,
                8
            ],
            "color": 2,
            "thinking_time": 0.7319
        },
        {
            "turn": 9,
            "player_id": 1,
            "move": [
                13,
                7
            ],
            "color": 1,
            "thinking_time": 29.3207,
            "search_depth": 3
        },
        {
            "turn": 10,
            "player_id": 2,
            "move": [
                12,
                7
            ],
            "color": 2,
            "thinking_time": 0.0242
        },
        {
            "turn": 11,
            "player_id": 1,
            "move": [
                8,
                8
            ],
            "color": 1,
            "thinking_time": 29.32,
            "search_depth": 4
        },
        {
            "turn": 12,
            "player_id": 2,
            "move": [
                6,
                9
            ],
            "color": 2,
            "thinking_time": 0.6463
        },
        {
            "turn": 13,
            "player_id": 1,
            "move": [
                6,
                10
            ],
            "color": 1,
            "thinking_time": 0.0272,
            "search_depth": 0
        },
        {
            "turn": 14,
            "player_id": 2,
            "move": [
                10,
                6
            ],
            "color": 2,
            "thinking_time": 0.5879
        },
        {
            "turn": 15,
            "player_id": 1,
            "move": [
                7,
                9
            ],
            "color": 1,
            "thinking_time": 29.3152,
            "search_depth": 3
        },
        {
            "turn": 16,
            "player_id": 2,
            "move": [
                5,
                11
            ],
            "color": 2,
            "thinking_time": 0.0214
        },
        {
            "turn": 17,
            "player_id": 1,
            "move": [
                5,
                10
            ],
            "color": 1,
            "thinking_time": 0.0361,
            "search_depth": 0
        },
        {
            "turn": 18,
            "player_id": 2,
            "move": [
                6,
                6
            ],
            "color": 2,
            "thinking_time": 0.4755
        },
        {
            "turn": 19,
            "player_id": 1,
            "move": [
                6,
                5
            ],
            "color": 1,
            "thinking_time": 0.016,
            "search_depth": 0
        },
        {
            "turn": 20,
            "player_id": 2,
            "move": [
                7,
                10
            ],
            "color": 2,
            "thinking_time": 0.4137
        },
        {
            "turn": 21,
            "player_id": 1,
            "move": [
                4,
                7
            ],
            "color": 1,
            "thinking_time": 0.029,
            "search_depth": 0
        },
        {
            "turn": 22,
            "player_id": 2,
            "move": [
                5,
                6
            ],
            "color": 2,
            "thinking_time": 0.4671
        },
        {
            "turn": 23,
            "player_id": 1,
            "move": [
                7,
                6
            ],
            "color": 1,
            "thinking_time": 0.0311,
            "search_depth": 0
        },
        {
            "turn": 24,
            "player_id": 2,
            "move": [
                7,
                8
            ],
            "color": 2,
            "thinking_time": 0.3485
        },
        {
            "turn": 25,
            "player_id": 1,
            "move": [
                8,
                9
            ],
            "color": 1,
            "thinking_time": 0.0288,
            "search_depth": 0
        },
        {
            "turn": 26,
            "player_id": 2,
            "move": [
                9,
                6
            ],
            "color": 2,
            "thinking_time": 0.1786
        },
        {
            "turn": 27,
            "player_id": 1,
            "move": [
                10,
                5
            ],
            "color": 1,
            "thinking_time": 0.0169,
            "search_depth": 0
        },
        {
            "turn": 28,
            "player_id": 2,
            "move": [
                4,
                8
            ],
            "color": 2,
            "thinking_time": 0.1792
        },
        {
            "turn": 29,
            "player_id": 1,
            "move": [
                3,
                8
            ],
            "color": 1,
            "thinking_time": 0.0167,
            "search_depth": 0
        },
        {
            "turn": 30,
            "player_id": 2,
            "move": [
                8,
                11
            ],
            "color": 2,
            "thinking_time": 0.2223
        },
        {
            "turn": 31,
            "player_id": 1,
            "move": [
                9,
                12
            ],
            "color": 1,
            "thinking_time": 0.017,
            "search_depth": 0
        },
        {
            "turn": 32,
            "player_id": 2,
            "move": [
                5,
                7
            ],
            "color": 2,
            "thinking_time": 0.2538
        },
        {
            "turn": 33,
            "player_id": 1,
            "move": [
                3,
                9
            ],
            "color": 1,
            "thinking_time": 0.0343,
            "search_depth": 0
        },
        {
            "turn": 34,
            "player_id": 2,
            "move": [
                5,
                5
            ],
            "color": 2,
            "thinking_time": 0.0943
        },
        {
            "turn": 35,
            "player_id": 1,
            "move": [
                5,
                9
            ],
            "color": 1,
            "thinking_time": 0.0175,
            "search_depth": 0
        },
        {
            "turn": 36,
            "player_id": 2,
            "move": [
                5,
                4
            ],
            "color": 2,
            "thinking_time": 0.0156
        }
    ]
}