{
    "game_id": "20250907_104026",
    "winner_id": 2,
    "winner_name": "Gomocup AI",
    "player_setup": {
        "p1_name": "Negamax AI",
        "p2_name": "Gomocup AI"
    },
    "final_colors": {
        "1": 1,
        "2": 2
    },
    "rules": {
        "banned_moves_enabled": false,
        "swap2_enabled": false
    },
    "move_history": [
        {
            "turn": 1,
            "player_id": 1,
            "move": [
                7,
                7
            ],
            "color": 1,
            "thinking_time": 0.016,
            "search_depth": 0
        },
        {
            "turn": 2,
            "player_id": 2,
            "move": [
                6,
                8
            ],
            "color": 2,
            "thinking_time": 0.5334
        },
        {
            "turn": 3,
            "player_id": 1,
            "move": [
                8,
                8
            ],
            "color": 1,
            "thinking_time": 0.0175,
            "search_depth": 0
        },
        {
            "turn": 4,
            "player_id": 2,
            "move": [
                9,
                9
            ],
            "color": 2,
            "thinking_time": 0.4827
        },
        {
            "turn": 5,
            "player_id": 1,
            "move": [
                5,
                5
            ],
            "color": 1,
            "thinking_time": 29.3181,
            "search_depth": 4
        },
        {
            "turn": 6,
            "player_id": 2,
            "move": [
                4,
                4
            ],
            "color": 2,
            "thinking_time": 0.2424
        },
        {
            "turn": 7,
            "player_id": 1,
            "move": [
                5,
                7
            ],
            "color": 1,
            "thinking_time": 29.3198,
            "search_depth": 4
        },
        {
            "turn": 8,
            "player_id": 2,
            "move": [
                6,
                7
            ],
            "color": 2,
            "thinking_time": 0.2047
        },
        {
            "turn": 9,
            "player_id": 1,
            "move": [
                8,
                9
            ],
            "color": 1,
            "thinking_time": 29.3153,
            "search_depth": 4
        },
        {
            "turn": 10,
            "player_id": 2,
            "move": [
                6,
                6
            ],
            "color": 2,
            "thinking_time": 0.2463
        },
        {
            "turn": 11,
            "player_id": 1,
            "move": [
                6,
                5
            ],
            "color": 1,
            "thinking_time": 0.0266,
            "search_depth": 0
        },
        {
            "turn": 12,
            "player_id": 2,
            "move": [
                5,
                4
            ],
            "color": 2,
            "thinking_time": 0.1763
        },
        {
            "turn": 13,
            "player_id": 1,
            "move": [
                6,
                4
            ],
            "color": 1,
            "thinking_time": 29.3242,
            "search_depth": 3
        },
        {
            "turn": 14,
            "player_id": 2,
            "move": [
                4,
                5
            ],
            "color": 2,
            "thinking_time": 0.223
        },
        {
            "turn": 15,
            "player_id": 1,
            "move": [
                7,
                5
            ],
            "color": 1,
            "thinking_time": 29.3219,
            "search_depth": 3
        },
        {
            "turn": 16,
            "player_id": 2,
            "move": [
                4,
                6
            ],
            "color": 2,
            "thinking_time": 0.1174
        },
        {
            "turn": 17,
            "player_id": 1,
            "move": [
                4,
                7
            ],
            "color": 1,
            "thinking_time": 0.0343,
            "search_depth": 0
        },
        {
            "turn": 18,
            "player_id": 2,
            "move": [
                7,
                4
            ],
            "color": 2,
            "thinking_time": 0.0826
        },
        {
            "turn": 19,
            "player_id": 1,
            "move": [
                5,
                6
            ],
            "color": 1,
            "thinking_time": 0.0341,
            "search_depth": 0
        },
        {
            "turn": 20,
            "player_id": 2,
            "move": [
                4,
                3
            ],
            "color": 2,
            "thinking_time": 0.1715
        },
        {
            "turn": 21,
            "player_id": 1,
            "move": [
                4,
                2
            ],
            "color": 1,
            "thinking_time": 0.0161,
            "search_depth": 0
        },
        {
            "turn": 22,
            "player_id": 2,
            "move": [
                5,
                3
            ],
            "color": 2,
            "thinking_time": 0.1512
        },
        {
            "turn": 23,
            "player_id": 1,
            "move": [
                6,
                3
            ],
            "color": 1,
            "thinking_time": 0.0247,
            "search_depth": 0
        },
        {
            "turn": 24,
            "player_id": 2,
            "move": [
                6,
                2
            ],
            "color": 2,
            "thinking_time": 0.1617
        },
        {
            "turn": 25,
            "player_id": 1,
            "move": [
                3,
                5
            ],
            "color": 1,
            "thinking_time": 0.0283,
            "search_depth": 0
        },
        {
            "turn": 26,
            "player_id": 2,
            "move": [
                7,
                1
            ],
            "color": 2,
            "thinking_time": 0.204
        },
        {
            "turn": 27,
            "player_id": 1,
            "move": [
                8,
                0
            ],
            "color": 1,
            "thinking_time": 0.016,
            "search_depth": 0
        },
        {
            "turn": 28,
            "player_id": 2,
            "move": [
                5,
                1
            ],
            "color": 2,
            "thinking_time": 0.2119
        },
        {
            "turn": 29,
            "player_id": 1,
            "move": [
                5,
                8
            ],
            "color": 1,
            "thinking_time": 29.3136,
            "search_depth": 5
        },
        {
            "turn": 30,
            "player_id": 2,
            "move": [
                5,
                9
            ],
            "color": 2,
            "thinking_time": 0.0209
        },
        {
            "turn": 31,
            "player_id": 1,
            "move": [
                3,
                6
            ],
            "color": 1,
            "thinking_time": 29.3198,
            "search_depth": 5
        },
        {
            "turn": 32,
            "player_id": 2,
            "move": [
                5,
                2
            ],
            "color": 2,
            "thinking_time": 0.12
        },
        {
            "turn": 33,
            "player_id": 1,
            "move": [
                5,
                0
            ],
            "color": 1,
            "thinking_time": 0.0187,
            "search_depth": 0
        },
        {
            "turn": 34,
            "player_id": 2,
            "move": [
                6,
                9
            ],
            "color": 2,
            "thinking_time": 0.135
        },
        {
            "turn": 35,
            "player_id": 1,
            "move": [
                6,
                10
            ],
            "color": 1,
            "thinking_time": 0.0178,
            "search_depth": 0
        },
        {
            "turn": 36,
            "player_id": 2,
            "move": [
                8,
                10
            ],
            "color": 2,
            "thinking_time": 0.1712
        },
        {
            "turn": 37,
            "player_id": 1,
            "move": [
                6,
                1
            ],
            "color": 1,
            "thinking_time": 0.0291,
            "search_depth": 0
        },
        {
            "turn": 38,
            "player_id": 2,
            "move": [
                3,
                8
            ],
            "color": 2,
            "thinking_time": 0.3672
        },
        {
            "turn": 39,
            "player_id": 1,
            "move": [
                6,
                0
            ],
            "color": 1,
            "thinking_time": 29.3273,
            "search_depth": 5
        },
        {
            "turn": 40,
            "player_id": 2,
            "move": [
                4,
                0
            ],
            "color": 2,
            "thinking_time": 0.4455
        },
        {
            "turn": 41,
            "player_id": 1,
            "move": [
                9,
                5
            ],
            "color": 1,
            "thinking_time": 29.3198,
            "search_depth": 5
        },
        {
            "turn": 42,
            "player_id": 2,
            "move": [
                8,
                5
            ],
            "color": 2,
            "thinking_time": 0.0281
        },
        {
            "turn": 43,
            "player_id": 1,
            "move": [
                2,
                5
            ],
            "color": 1,
            "thinking_time": 29.3235,
            "search_depth": 4
        },
        {
            "turn": 44,
            "player_id": 2,
            "move": [
                1,
                4
            ],
            "color": 2,
            "thinking_time": 0.0224
        },
        {
            "turn": 45,
            "player_id": 1,
            "move": [
                9,
                0
            ],
            "color": 1,
            "thinking_time": 29.3251,
            "search_depth": 3
        },
        {
            "turn": 46,
            "player_id": 2,
            "move": [
                7,
                0
            ],
            "color": 2,
            "thinking_time": 0.0211
        },
        {
            "turn": 47,
            "player_id": 1,
            "move": [
                7,
                2
            ],
            "color": 1,
            "thinking_time": 29.3219,
            "search_depth": 4
        },
        {
            "turn": 48,
            "player_id": 2,
            "move": [
                9,
                4
            ],
            "color": 2,
            "thinking_time": 0.671
        },
        {
            "turn": 49,
            "player_id": 1,
            "move": [
                3,
                9
            ],
            "color": 1,
            "thinking_time": 0.0323,
            "search_depth": 0
        },
        {
            "turn": 50,
            "player_id": 2,
            "move": [
                10,
                3
            ],
            "color": 2,
            "thinking_time": 0.5051
        },
        {
            "turn": 51,
            "player_id": 1,
            "move": [
                7,
                6
            ],
            "color": 1,
            "thinking_time": 0.0177,
            "search_depth": 0
        },
        {
            "turn": 52,
            "player_id": 2,
            "move": [
                9,
                7
            ],
            "color": 2,
            "thinking_time": 0.5129
        },
        {
            "turn": 53,
            "player_id": 1,
            "move": [
                10,
                4
            ],
            "color": 1,
            "thinking_time": 29.3263,
            "search_depth": 4
        },
        {
            "turn": 54,
            "player_id": 2,
            "move": [
                10,
                8
            ],
            "color": 2,
            "thinking_time": 0.4581
        },
        {
            "turn": 55,
            "player_id": 1,
            "move": [
                11,
                7
            ],
            "color": 1,
            "thinking_time": 0.0474,
            "search_depth": 0
        },
        {
            "turn": 56,
            "player_id": 2,
            "move": [
                7,
                3
            ],
            "color": 2,
            "thinking_time": 0.3248
        },
        {
            "turn": 57,
            "player_id": 1,
            "move": [
                8,
                4
            ],
            "color": 1,
            "thinking_time": 0.0191,
            "search_depth": 0
        },
        {
            "turn": 58,
            "player_id": 2,
            "move": [
                7,
                11
            ],
            "color": 2,
            "thinking_time": 0.33
        },
        {
            "turn": 59,
            "player_id": 1,
            "move": [
                6,
                12
            ],
            "color": 1,
            "thinking_time": 0.0179,
            "search_depth": 0
        },
        {
            "turn": 60,
            "player_id": 2,
            "move": [
                11,
                3
            ],
            "color": 2,
            "thinking_time": 0.2996
        },
        {
            "turn": 61,
            "player_id": 1,
            "move": [
                9,
                3
            ],
            "color": 1,
            "thinking_time": 0.0341,
            "search_depth": 0
        },
        {
            "turn": 62,
            "player_id": 2,
            "move": [
                7,
                9
            ],
            "color": 2,
            "thinking_time": 0.4054
        },
        {
            "turn": 63,
            "player_id": 1,
            "move": [
                12,
                6
            ],
            "color": 1,
            "thinking_time": 29.3197,
            "search_depth": 3
        },
        {
            "turn": 64,
            "player_id": 2,
            "move": [
                9,
                11
            ],
            "color": 2,
            "thinking_time": 0.3949
        },
        {
            "turn": 65,
            "player_id": 1,
            "move": [
                10,
                12
            ],
            "color": 1,
            "thinking_time": 0.019,
            "search_depth": 0
        },
        {
            "turn": 66,
            "player_id": 2,
            "move": [
                11,
                2
            ],
            "color": 2,
            "thinking_time": 0.2813
        },
        {
            "turn": 67,
            "player_id": 1,
            "move": [
                12,
                1
            ],
            "color": 1,
            "thinking_time": 0.0192,
            "search_depth": 0
        },
        {
            "turn": 68,
            "player_id": 2,
            "move": [
                9,
                10
            ],
            "color": 2,
            "thinking_time": 0.389
        },
        {
            "turn": 69,
            "player_id": 1,
            "move": [
                9,
                8
            ],
            "color": 1,
            "thinking_time": 0.0147,
            "search_depth": 0
        },
        {
            "turn": 70,
            "player_id": 2,
            "move": [
                9,
                12
            ],
            "color": 2,
            "thinking_time": 0.2835
        },
        {
            "turn": 71,
            "player_id": 1,
            "move": [
                9,
                13
            ],
            "color": 1,
            "thinking_time": 0.0193,
            "search_depth": 0
        },
        {
            "turn": 72,
            "player_id": 2,
            "move": [
                11,
                5
            ],
            "color": 2,
            "thinking_time": 0.2571
        },
        {
            "turn": 73,
            "player_id": 1,
            "move": [
                11,
                4
            ],
            "color": 1,
            "thinking_time": 0.0386,
            "search_depth": 0
        },
        {
            "turn": 74,
            "player_id": 2,
            "move": [
                8,
                11
            ],
            "color": 2,
            "thinking_time": 0.4096
        },
        {
            "turn": 75,
            "player_id": 1,
            "move": [
                6,
                11
            ],
            "color": 1,
            "thinking_time": 0.041,
            "search_depth": 0
        },
        {
            "turn": 76,
            "player_id": 2,
            "move": [
                7,
                10
            ],
            "color": 2,
            "thinking_time": 0.1499
        },
        {
            "turn": 77,
            "player_id": 1,
            "move": [
                10,
                13
            ],
            "color": 1,
            "thinking_time": 0.0194,
            "search_depth": 0
        },
        {
            "turn": 78,
            "player_id": 2,
            "move": [
                7,
                12
            ],
            "color": 2,
            "thinking_time": 0.1046
        },
        {
            "turn": 79,
            "player_id": 1,
            "move": [
                7,
                13
            ],
            "color": 1,
            "thinking_time": 0.0195,
            "search_depth": 0
        },
        {
            "turn": 80,
            "player_id": 2,
            "move": [
                7,
                8
            ],
            "color": 2,
            "thinking_time": 0.0166
        }
    ]
}