{
    "game_id": "20250907_094415",
    "winner_id": 2,
    "winner_name": "Gomocup AI",
    "player_setup": {
        "p1_name": "Negamax AI",
        "p2_name": "Gomocup AI"
    },
    "final_colors": {
        "1": 1,
        "2": 2
    },
    "rules": {
        "banned_moves_enabled": false,
        "swap2_enabled": false
    },
    "move_history": [
        {
            "turn": 1,
            "player_id": 1,
            "move": [
                7,
                7
            ],
            "color": 1,
            "thinking_time": 0.0145,
            "search_depth": 0
        },
        {
            "turn": 2,
            "player_id": 2,
            "move": [
                8,
                8
            ],
            "color": 2,
            "thinking_time": 8.0216
        },
        {
            "turn": 3,
            "player_id": 1,
            "move": [
                10,
                6
            ],
            "color": 1,
            "thinking_time": 29.3145,
            "search_depth": 4
        },
        {
            "turn": 4,
            "player_id": 2,
            "move": [
                6,
                8
            ],
            "color": 2,
            "thinking_time": 8.0197
        },
        {
            "turn": 5,
            "player_id": 1,
            "move": [
                11,
                6
            ],
            "color": 1,
            "thinking_time": 29.3141,
            "search_depth": 4
        },
        {
            "turn": 6,
            "player_id": 2,
            "move": [
                7,
                8
            ],
            "color": 2,
            "thinking_time": 8.0165
        },
        {
            "turn": 7,
            "player_id": 1,
            "move": [
                9,
                8
            ],
            "color": 1,
            "thinking_time": 0.024,
            "search_depth": 0
        },
        {
            "turn": 8,
            "player_id": 2,
            "move": [
                8,
                9
            ],
            "color": 2,
            "thinking_time": 8.0168
        },
        {
            "turn": 9,
            "player_id": 1,
            "move": [
                8,
                7
            ],
            "color": 1,
            "thinking_time": 29.3151,
            "search_depth": 4
        },
        {
            "turn": 10,
            "player_id": 2,
            "move": [
                6,
                7
            ],
            "color": 2,
            "thinking_time": 5.4225
        },
        {
            "turn": 11,
            "player_id": 1,
            "move": [
                9,
                10
            ],
            "color": 1,
            "thinking_time": 0.0257,
            "search_depth": 0
        },
        {
            "turn": 12,
            "player_id": 2,
            "move": [
                6,
                6
            ],
            "color": 2,
            "thinking_time": 0.8471
        },
        {
            "turn": 13,
            "player_id": 1,
            "move": [
                6,
                5
            ],
            "color": 1,
            "thinking_time": 0.0262,
            "search_depth": 0
        },
        {
            "turn": 14,
            "player_id": 2,
            "move": [
                7,
                6
            ],
            "color": 2,
            "thinking_time": 0.495
        },
        {
            "turn": 15,
            "player_id": 1,
            "move": [
                9,
                6
            ],
            "color": 1,
            "thinking_time": 29.3157,
            "search_depth": 4
        },
        {
            "turn": 16,
            "player_id": 2,
            "move": [
                5,
                8
            ],
            "color": 2,
            "thinking_time": 0.0941
        },
        {
            "turn": 17,
            "player_id": 1,
            "move": [
                4,
                8
            ],
            "color": 1,
            "thinking_time": 0.0161,
            "search_depth": 0
        },
        {
            "turn": 18,
            "player_id": 2,
            "move": [
                4,
                9
            ],
            "color": 2,
            "thinking_time": 0.021
        },
        {
            "turn": 19,
            "player_id": 1,
            "move": [
                3,
                10
            ],
            "color": 1,
            "thinking_time": 0.0161,
            "search_depth": 0
        },
        {
            "turn": 20,
            "player_id": 2,
            "move": [
                8,
                5
            ],
            "color": 2,
            "thinking_time": 0.0163
        }
    ]
}