{
    "game_id": "20250907_095908",
    "winner_id": 2,
    "winner_name": "Gomocup AI",
    "player_setup": {
        "p1_name": "Negamax AI",
        "p2_name": "Gomocup AI"
    },
    "final_colors": {
        "1": 1,
        "2": 2
    },
    "rules": {
        "banned_moves_enabled": false,
        "swap2_enabled": false
    },
    "move_history": [
        {
            "turn": 1,
            "player_id": 1,
            "move": [
                7,
                7
            ],
            "color": 1,
            "thinking_time": 0.017,
            "search_depth": 0
        },
        {
            "turn": 2,
            "player_id": 2,
            "move": [
                6,
                8
            ],
            "color": 2,
            "thinking_time": 0.406
        },
        {
            "turn": 3,
            "player_id": 1,
            "move": [
                9,
                8
            ],
            "color": 1,
            "thinking_time": 0.0154,
            "search_depth": 0
        },
        {
            "turn": 4,
            "player_id": 2,
            "move": [
                8,
                7
            ],
            "color": 2,
            "thinking_time": 1.2271
        },
        {
            "turn": 5,
            "player_id": 1,
            "move": [
                6,
                9
            ],
            "color": 1,
            "thinking_time": 29.3203,
            "search_depth": 4
        },
        {
            "turn": 6,
            "player_id": 2,
            "move": [
                9,
                9
            ],
            "color": 2,
            "thinking_time": 1.0827
        },
        {
            "turn": 7,
            "player_id": 1,
            "move": [
                8,
                10
            ],
            "color": 1,
            "thinking_time": 29.3162,
            "search_depth": 4
        },
        {
            "turn": 8,
            "player_id": 2,
            "move": [
                7,
                10
            ],
            "color": 2,
            "thinking_time": 1.2653
        },
        {
            "turn": 9,
            "player_id": 1,
            "move": [
                5,
                7
            ],
            "color": 1,
            "thinking_time": 29.3213,
            "search_depth": 4
        },
        {
            "turn": 10,
            "player_id": 2,
            "move": [
                5,
                9
            ],
            "color": 2,
            "thinking_time": 1.4257
        },
        {
            "turn": 11,
            "player_id": 1,
            "move": [
                6,
                7
            ],
            "color": 1,
            "thinking_time": 29.3242,
            "search_depth": 4
        },
        {
            "turn": 12,
            "player_id": 2,
            "move": [
                3,
                7
            ],
            "color": 2,
            "thinking_time": 1.2435
        },
        {
            "turn": 13,
            "player_id": 1,
            "move": [
                6,
                10
            ],
            "color": 1,
            "thinking_time": 29.3154,
            "search_depth": 4
        },
        {
            "turn": 14,
            "player_id": 2,
            "move": [
                4,
                8
            ],
            "color": 2,
            "thinking_time": 1.1601
        },
        {
            "turn": 15,
            "player_id": 1,
            "move": [
                7,
                8
            ],
            "color": 1,
            "thinking_time": 29.3195,
            "search_depth": 3
        },
        {
            "turn": 16,
            "player_id": 2,
            "move": [
                3,
                8
            ],
            "color": 2,
            "thinking_time": 0.7865
        },
        {
            "turn": 17,
            "player_id": 1,
            "move": [
                5,
                8
            ],
            "color": 1,
            "thinking_time": 29.3166,
            "search_depth": 3
        },
        {
            "turn": 18,
            "player_id": 2,
            "move": [
                2,
                6
            ],
            "color": 2,
            "thinking_time": 0.6413
        },
        {
            "turn": 19,
            "player_id": 1,
            "move": [
                1,
                5
            ],
            "color": 1,
            "thinking_time": 0.0171,
            "search_depth": 0
        },
        {
            "turn": 20,
            "player_id": 2,
            "move": [
                3,
                6
            ],
            "color": 2,
            "thinking_time": 0.3688
        },
        {
            "turn": 21,
            "player_id": 1,
            "move": [
                3,
                5
            ],
            "color": 1,
            "thinking_time": 0.0401,
            "search_depth": 0
        },
        {
            "turn": 22,
            "player_id": 2,
            "move": [
                3,
                10
            ],
            "color": 2,
            "thinking_time": 0.3837
        },
        {
            "turn": 23,
            "player_id": 1,
            "move": [
                3,
                9
            ],
            "color": 1,
            "thinking_time": 0.0176,
            "search_depth": 0
        },
        {
            "turn": 24,
            "player_id": 2,
            "move": [
                4,
                6
            ],
            "color": 2,
            "thinking_time": 0.4472
        },
        {
            "turn": 25,
            "player_id": 1,
            "move": [
                5,
                6
            ],
            "color": 1,
            "thinking_time": 0.0314,
            "search_depth": 0
        },
        {
            "turn": 26,
            "player_id": 2,
            "move": [
                4,
                5
            ],
            "color": 2,
            "thinking_time": 0.185
        },
        {
            "turn": 27,
            "player_id": 1,
            "move": [
                4,
                7
            ],
            "color": 1,
            "thinking_time": 0.0306,
            "search_depth": 0
        },
        {
            "turn": 28,
            "player_id": 2,
            "move": [
                5,
                5
            ],
            "color": 2,
            "thinking_time": 0.2826
        },
        {
            "turn": 29,
            "player_id": 1,
            "move": [
                2,
                8
            ],
            "color": 1,
            "thinking_time": 0.0411,
            "search_depth": 0
        },
        {
            "turn": 30,
            "player_id": 2,
            "move": [
                2,
                7
            ],
            "color": 2,
            "thinking_time": 0.3074
        },
        {
            "turn": 31,
            "player_id": 1,
            "move": [
                1,
                8
            ],
            "color": 1,
            "thinking_time": 0.0301,
            "search_depth": 0
        },
        {
            "turn": 32,
            "player_id": 2,
            "move": [
                1,
                6
            ],
            "color": 2,
            "thinking_time": 0.0534
        },
        {
            "turn": 33,
            "player_id": 1,
            "move": [
                0,
                6
            ],
            "color": 1,
            "thinking_time": 0.0171,
            "search_depth": 0
        },
        {
            "turn": 34,
            "player_id": 2,
            "move": [
                4,
                9
            ],
            "color": 2,
            "thinking_time": 0.0567
        },
        {
            "turn": 35,
            "player_id": 1,
            "move": [
                5,
                10
            ],
            "color": 1,
            "thinking_time": 0.0173,
            "search_depth": 0
        },
        {
            "turn": 36,
            "player_id": 2,
            "move": [
                0,
                5
            ],
            "color": 2,
            "thinking_time": 0.0151
        }
    ]
}