{
    "game_id": "20250907_121559",
    "winner_id": 2,
    "winner_name": "Gomocup AI",
    "player_setup": {
        "p1_name": "Negamax AI",
        "p2_name": "Gomocup AI"
    },
    "final_colors": {
        "1": 1,
        "2": 2
    },
    "rules": {
        "banned_moves_enabled": false,
        "swap2_enabled": false
    },
    "move_history": [
        {
            "turn": 1,
            "player_id": 1,
            "move": [
                7,
                7
            ],
            "color": 1,
            "thinking_time": 0.0186,
            "search_depth": 0
        },
        {
            "turn": 2,
            "player_id": 2,
            "move": [
                6,
                8
            ],
            "color": 2,
            "thinking_time": 0.7587
        },
        {
            "turn": 3,
            "player_id": 1,
            "move": [
                6,
                9
            ],
            "color": 1,
            "thinking_time": 0.016,
            "search_depth": 0
        },
        {
            "turn": 4,
            "player_id": 2,
            "move": [
                7,
                8
            ],
            "color": 2,
            "thinking_time": 0.6894
        },
        {
            "turn": 5,
            "player_id": 1,
            "move": [
                8,
                8
            ],
            "color": 1,
            "thinking_time": 29.3156,
            "search_depth": 4
        },
        {
            "turn": 6,
            "player_id": 2,
            "move": [
                7,
                9
            ],
            "color": 2,
            "thinking_time": 0.4653
        },
        {
            "turn": 7,
            "player_id": 1,
            "move": [
                5,
                7
            ],
            "color": 1,
            "thinking_time": 29.3228,
            "search_depth": 4
        },
        {
            "turn": 8,
            "player_id": 2,
            "move": [
                7,
                10
            ],
            "color": 2,
            "thinking_time": 0.273
        },
        {
            "turn": 9,
            "player_id": 1,
            "move": [
                6,
                6
            ],
            "color": 1,
            "thinking_time": 29.314,
            "search_depth": 5
        },
        {
            "turn": 10,
            "player_id": 2,
            "move": [
                7,
                11
            ],
            "color": 2,
            "thinking_time": 0.7095
        },
        {
            "turn": 11,
            "player_id": 1,
            "move": [
                7,
                12
            ],
            "color": 1,
            "thinking_time": 0.0167,
            "search_depth": 0
        },
        {
            "turn": 12,
            "player_id": 2,
            "move": [
                9,
                9
            ],
            "color": 2,
            "thinking_time": 0.5017
        },
        {
            "turn": 13,
            "player_id": 1,
            "move": [
                6,
                7
            ],
            "color": 1,
            "thinking_time": 29.315,
            "search_depth": 5
        },
        {
            "turn": 14,
            "player_id": 2,
            "move": [
                8,
                7
            ],
            "color": 2,
            "thinking_time": 0.4915
        },
        {
            "turn": 15,
            "player_id": 1,
            "move": [
                3,
                7
            ],
            "color": 1,
            "thinking_time": 29.3217,
            "search_depth": 5
        },
        {
            "turn": 16,
            "player_id": 2,
            "move": [
                4,
                7
            ],
            "color": 2,
            "thinking_time": 0.0239
        },
        {
            "turn": 17,
            "player_id": 1,
            "move": [
                8,
                10
            ],
            "color": 1,
            "thinking_time": 29.3178,
            "search_depth": 4
        },
        {
            "turn": 18,
            "player_id": 2,
            "move": [
                5,
                5
            ],
            "color": 2,
            "thinking_time": 1.0113
        },
        {
            "turn": 19,
            "player_id": 1,
            "move": [
                3,
                6
            ],
            "color": 1,
            "thinking_time": 29.3147,
            "search_depth": 3
        },
        {
            "turn": 20,
            "player_id": 2,
            "move": [
                4,
                8
            ],
            "color": 2,
            "thinking_time": 1.1162
        },
        {
            "turn": 21,
            "player_id": 1,
            "move": [
                9,
                8
            ],
            "color": 1,
            "thinking_time": 29.3238,
            "search_depth": 3
        },
        {
            "turn": 22,
            "player_id": 2,
            "move": [
                3,
                8
            ],
            "color": 2,
            "thinking_time": 0.7121
        },
        {
            "turn": 23,
            "player_id": 1,
            "move": [
                5,
                8
            ],
            "color": 1,
            "thinking_time": 0.016,
            "search_depth": 0
        },
        {
            "turn": 24,
            "player_id": 2,
            "move": [
                4,
                9
            ],
            "color": 2,
            "thinking_time": 0.3406
        },
        {
            "turn": 25,
            "player_id": 1,
            "move": [
                4,
                6
            ],
            "color": 1,
            "thinking_time": 0.03,
            "search_depth": 0
        },
        {
            "turn": 26,
            "player_id": 2,
            "move": [
                5,
                6
            ],
            "color": 2,
            "thinking_time": 0.4493
        },
        {
            "turn": 27,
            "player_id": 1,
            "move": [
                6,
                5
            ],
            "color": 1,
            "thinking_time": 0.0284,
            "search_depth": 0
        },
        {
            "turn": 28,
            "player_id": 2,
            "move": [
                2,
                9
            ],
            "color": 2,
            "thinking_time": 0.3079
        },
        {
            "turn": 29,
            "player_id": 1,
            "move": [
                1,
                10
            ],
            "color": 1,
            "thinking_time": 0.0165,
            "search_depth": 0
        },
        {
            "turn": 30,
            "player_id": 2,
            "move": [
                4,
                11
            ],
            "color": 2,
            "thinking_time": 0.441
        },
        {
            "turn": 31,
            "player_id": 1,
            "move": [
                4,
                10
            ],
            "color": 1,
            "thinking_time": 0.0172,
            "search_depth": 0
        },
        {
            "turn": 32,
            "player_id": 2,
            "move": [
                3,
                10
            ],
            "color": 2,
            "thinking_time": 0.2497
        },
        {
            "turn": 33,
            "player_id": 1,
            "move": [
                1,
                8
            ],
            "color": 1,
            "thinking_time": 0.0301,
            "search_depth": 0
        },
        {
            "turn": 34,
            "player_id": 2,
            "move": [
                5,
                12
            ],
            "color": 2,
            "thinking_time": 0.52
        },
        {
            "turn": 35,
            "player_id": 1,
            "move": [
                6,
                13
            ],
            "color": 1,
            "thinking_time": 0.0171,
            "search_depth": 0
        },
        {
            "turn": 36,
            "player_id": 2,
            "move": [
                3,
                9
            ],
            "color": 2,
            "thinking_time": 0.3899
        },
        {
            "turn": 37,
            "player_id": 1,
            "move": [
                1,
                9
            ],
            "color": 1,
            "thinking_time": 0.0317,
            "search_depth": 0
        },
        {
            "turn": 38,
            "player_id": 2,
            "move": [
                3,
                11
            ],
            "color": 2,
            "thinking_time": 0.0781
        },
        {
            "turn": 39,
            "player_id": 1,
            "move": [
                3,
                12
            ],
            "color": 1,
            "thinking_time": 0.0161,
            "search_depth": 0
        },
        {
            "turn": 40,
            "player_id": 2,
            "move": [
                6,
                11
            ],
            "color": 2,
            "thinking_time": 0.0622
        },
        {
            "turn": 41,
            "player_id": 1,
            "move": [
                5,
                11
            ],
            "color": 1,
            "thinking_time": 0.0172,
            "search_depth": 0
        },
        {
            "turn": 42,
            "player_id": 2,
            "move": [
                4,
                13
            ],
            "color": 2,
            "thinking_time": 0.0341
        },
        {
            "turn": 43,
            "player_id": 1,
            "move": [
                8,
                9
            ],
            "color": 1,
            "thinking_time": 0.015,
            "search_depth": 0
        },
        {
            "turn": 44,
            "player_id": 2,
            "move": [
                3,
                14
            ],
            "color": 2,
            "thinking_time": 0.013
        }
    ]
}