{
    "game_id": "20250907_094635",
    "winner_id": 2,
    "winner_name": "Gomocup AI",
    "player_setup": {
        "p1_name": "Negamax AI",
        "p2_name": "Gomocup AI"
    },
    "final_colors": {
        "1": 1,
        "2": 2
    },
    "rules": {
        "banned_moves_enabled": false,
        "swap2_enabled": false
    },
    "move_history": [
        {
            "turn": 1,
            "player_id": 1,
            "move": [
                7,
                7
            ],
            "color": 1,
            "thinking_time": 0.016,
            "search_depth": 0
        },
        {
            "turn": 2,
            "player_id": 2,
            "move": [
                6,
                8
            ],
            "color": 2,
            "thinking_time": 8.0225
        },
        {
            "turn": 3,
            "player_id": 1,
            "move": [
                9,
                6
            ],
            "color": 1,
            "thinking_time": 0.0172,
            "search_depth": 0
        },
        {
            "turn": 4,
            "player_id": 2,
            "move": [
                7,
                9
            ],
            "color": 2,
            "thinking_time": 8.0172
        },
        {
            "turn": 5,
            "player_id": 1,
            "move": [
                8,
                6
            ],
            "color": 1,
            "thinking_time": 29.3204,
            "search_depth": 4
        },
        {
            "turn": 6,
            "player_id": 2,
            "move": [
                6,
                6
            ],
            "color": 2,
            "thinking_time": 8.0202
        },
        {
            "turn": 7,
            "player_id": 1,
            "move": [
                8,
                10
            ],
            "color": 1,
            "thinking_time": 29.3201,
            "search_depth": 4
        },
        {
            "turn": 8,
            "player_id": 2,
            "move": [
                5,
                7
            ],
            "color": 2,
            "thinking_time": 8.014
        },
        {
            "turn": 9,
            "player_id": 1,
            "move": [
                8,
                7
            ],
            "color": 1,
            "thinking_time": 29.3204,
            "search_depth": 3
        },
        {
            "turn": 10,
            "player_id": 2,
            "move": [
                8,
                9
            ],
            "color": 2,
            "thinking_time": 8.0181
        },
        {
            "turn": 11,
            "player_id": 1,
            "move": [
                6,
                9
            ],
            "color": 1,
            "thinking_time": 0.0256,
            "search_depth": 0
        },
        {
            "turn": 12,
            "player_id": 2,
            "move": [
                7,
                8
            ],
            "color": 2,
            "thinking_time": 7.37
        },
        {
            "turn": 13,
            "player_id": 1,
            "move": [
                4,
                8
            ],
            "color": 1,
            "thinking_time": 0.8612,
            "search_depth": 0
        },
        {
            "turn": 14,
            "player_id": 2,
            "move": [
                5,
                6
            ],
            "color": 2,
            "thinking_time": 1.0124
        },
        {
            "turn": 15,
            "player_id": 1,
            "move": [
                6,
                7
            ],
            "color": 1,
            "thinking_time": 0.0266,
            "search_depth": 0
        },
        {
            "turn": 16,
            "player_id": 2,
            "move": [
                4,
                6
            ],
            "color": 2,
            "thinking_time": 0.0863
        },
        {
            "turn": 17,
            "player_id": 1,
            "move": [
                3,
                5
            ],
            "color": 1,
            "thinking_time": 0.016,
            "search_depth": 0
        },
        {
            "turn": 18,
            "player_id": 2,
            "move": [
                3,
                6
            ],
            "color": 2,
            "thinking_time": 0.0308
        },
        {
            "turn": 19,
            "player_id": 1,
            "move": [
                7,
                6
            ],
            "color": 1,
            "thinking_time": 0.0163,
            "search_depth": 0
        },
        {
            "turn": 20,
            "player_id": 2,
            "move": [
                2,
                6
            ],
            "color": 2,
            "thinking_time": 0.015
        }
    ]
}