{
    "game_id": "20250907_102522",
    "winner_id": 2,
    "winner_name": "Gomocup AI",
    "player_setup": {
        "p1_name": "Negamax AI",
        "p2_name": "Gomocup AI"
    },
    "final_colors": {
        "1": 1,
        "2": 2
    },
    "rules": {
        "banned_moves_enabled": false,
        "swap2_enabled": false
    },
    "move_history": [
        {
            "turn": 1,
            "player_id": 1,
            "move": [
                7,
                7
            ],
            "color": 1,
            "thinking_time": 0.019,
            "search_depth": 0
        },
        {
            "turn": 2,
            "player_id": 2,
            "move": [
                6,
                8
            ],
            "color": 2,
            "thinking_time": 0.498
        },
        {
            "turn": 3,
            "player_id": 1,
            "move": [
                9,
                7
            ],
            "color": 1,
            "thinking_time": 0.0159,
            "search_depth": 0
        },
        {
            "turn": 4,
            "player_id": 2,
            "move": [
                6,
                7
            ],
            "color": 2,
            "thinking_time": 0.286
        },
        {
            "turn": 5,
            "player_id": 1,
            "move": [
                11,
                7
            ],
            "color": 1,
            "thinking_time": 29.316,
            "search_depth": 4
        },
        {
            "turn": 6,
            "player_id": 2,
            "move": [
                8,
                7
            ],
            "color": 2,
            "thinking_time": 0.2223
        },
        {
            "turn": 7,
            "player_id": 1,
            "move": [
                7,
                8
            ],
            "color": 1,
            "thinking_time": 29.3197,
            "search_depth": 4
        },
        {
            "turn": 8,
            "player_id": 2,
            "move": [
                6,
                6
            ],
            "color": 2,
            "thinking_time": 0.173
        },
        {
            "turn": 9,
            "player_id": 1,
            "move": [
                6,
                9
            ],
            "color": 1,
            "thinking_time": 0.0241,
            "search_depth": 0
        },
        {
            "turn": 10,
            "player_id": 2,
            "move": [
                7,
                6
            ],
            "color": 2,
            "thinking_time": 0.1507
        },
        {
            "turn": 11,
            "player_id": 1,
            "move": [
                6,
                5
            ],
            "color": 1,
            "thinking_time": 29.3202,
            "search_depth": 4
        },
        {
            "turn": 12,
            "player_id": 2,
            "move": [
                8,
                6
            ],
            "color": 2,
            "thinking_time": 0.1266
        },
        {
            "turn": 13,
            "player_id": 1,
            "move": [
                9,
                6
            ],
            "color": 1,
            "thinking_time": 0.0325,
            "search_depth": 0
        },
        {
            "turn": 14,
            "player_id": 2,
            "move": [
                4,
                6
            ],
            "color": 2,
            "thinking_time": 0.1029
        },
        {
            "turn": 15,
            "player_id": 1,
            "move": [
                5,
                6
            ],
            "color": 1,
            "thinking_time": 0.0163,
            "search_depth": 0
        },
        {
            "turn": 16,
            "player_id": 2,
            "move": [
                8,
                5
            ],
            "color": 2,
            "thinking_time": 0.1142
        },
        {
            "turn": 17,
            "player_id": 1,
            "move": [
                9,
                4
            ],
            "color": 1,
            "thinking_time": 0.0394,
            "search_depth": 0
        },
        {
            "turn": 18,
            "player_id": 2,
            "move": [
                8,
                4
            ],
            "color": 2,
            "thinking_time": 0.0312
        },
        {
            "turn": 19,
            "player_id": 1,
            "move": [
                8,
                3
            ],
            "color": 1,
            "thinking_time": 0.016,
            "search_depth": 0
        },
        {
            "turn": 20,
            "player_id": 2,
            "move": [
                8,
                8
            ],
            "color": 2,
            "thinking_time": 0.0155
        }
    ]
}