{
    "game_id": "20250907_102832",
    "winner_id": 2,
    "winner_name": "Gomocup AI",
    "player_setup": {
        "p1_name": "Negamax AI",
        "p2_name": "Gomocup AI"
    },
    "final_colors": {
        "1": 1,
        "2": 2
    },
    "rules": {
        "banned_moves_enabled": false,
        "swap2_enabled": false
    },
    "move_history": [
        {
            "turn": 1,
            "player_id": 1,
            "move": [
                7,
                7
            ],
            "color": 1,
            "thinking_time": 0.0154,
            "search_depth": 0
        },
        {
            "turn": 2,
            "player_id": 2,
            "move": [
                6,
                8
            ],
            "color": 2,
            "thinking_time": 0.5145
        },
        {
            "turn": 3,
            "player_id": 1,
            "move": [
                7,
                8
            ],
            "color": 1,
            "thinking_time": 0.0161,
            "search_depth": 0
        },
        {
            "turn": 4,
            "player_id": 2,
            "move": [
                7,
                9
            ],
            "color": 2,
            "thinking_time": 0.6878
        },
        {
            "turn": 5,
            "player_id": 1,
            "move": [
                7,
                6
            ],
            "color": 1,
            "thinking_time": 29.3142,
            "search_depth": 4
        },
        {
            "turn": 6,
            "player_id": 2,
            "move": [
                5,
                7
            ],
            "color": 2,
            "thinking_time": 0.956
        },
        {
            "turn": 7,
            "player_id": 1,
            "move": [
                4,
                6
            ],
            "color": 1,
            "thinking_time": 0.0228,
            "search_depth": 0
        },
        {
            "turn": 8,
            "player_id": 2,
            "move": [
                8,
                10
            ],
            "color": 2,
            "thinking_time": 0.9464
        },
        {
            "turn": 9,
            "player_id": 1,
            "move": [
                9,
                11
            ],
            "color": 1,
            "thinking_time": 0.0166,
            "search_depth": 0
        },
        {
            "turn": 10,
            "player_id": 2,
            "move": [
                8,
                9
            ],
            "color": 2,
            "thinking_time": 0.5734
        },
        {
            "turn": 11,
            "player_id": 1,
            "move": [
                7,
                5
            ],
            "color": 1,
            "thinking_time": 29.3145,
            "search_depth": 3
        },
        {
            "turn": 12,
            "player_id": 2,
            "move": [
                7,
                4
            ],
            "color": 2,
            "thinking_time": 0.0211
        },
        {
            "turn": 13,
            "player_id": 1,
            "move": [
                9,
                8
            ],
            "color": 1,
            "thinking_time": 29.3261,
            "search_depth": 3
        },
        {
            "turn": 14,
            "player_id": 2,
            "move": [
                9,
                9
            ],
            "color": 2,
            "thinking_time": 0.7547
        },
        {
            "turn": 15,
            "player_id": 1,
            "move": [
                10,
                9
            ],
            "color": 1,
            "thinking_time": 0.0276,
            "search_depth": 0
        },
        {
            "turn": 16,
            "player_id": 2,
            "move": [
                8,
                7
            ],
            "color": 2,
            "thinking_time": 0.4398
        },
        {
            "turn": 17,
            "player_id": 1,
            "move": [
                8,
                8
            ],
            "color": 1,
            "thinking_time": 0.0361,
            "search_depth": 0
        },
        {
            "turn": 18,
            "player_id": 2,
            "move": [
                10,
                8
            ],
            "color": 2,
            "thinking_time": 0.3902
        },
        {
            "turn": 19,
            "player_id": 1,
            "move": [
                7,
                11
            ],
            "color": 1,
            "thinking_time": 0.0304,
            "search_depth": 0
        },
        {
            "turn": 20,
            "player_id": 2,
            "move": [
                5,
                9
            ],
            "color": 2,
            "thinking_time": 0.457
        },
        {
            "turn": 21,
            "player_id": 1,
            "move": [
                6,
                9
            ],
            "color": 1,
            "thinking_time": 0.0164,
            "search_depth": 0
        },
        {
            "turn": 22,
            "player_id": 2,
            "move": [
                5,
                8
            ],
            "color": 2,
            "thinking_time": 0.6052
        },
        {
            "turn": 23,
            "player_id": 1,
            "move": [
                5,
                6
            ],
            "color": 1,
            "thinking_time": 0.0285,
            "search_depth": 0
        },
        {
            "turn": 24,
            "player_id": 2,
            "move": [
                5,
                11
            ],
            "color": 2,
            "thinking_time": 0.5096
        },
        {
            "turn": 25,
            "player_id": 1,
            "move": [
                5,
                10
            ],
            "color": 1,
            "thinking_time": 0.0173,
            "search_depth": 0
        },
        {
            "turn": 26,
            "player_id": 2,
            "move": [
                11,
                7
            ],
            "color": 2,
            "thinking_time": 0.4913
        },
        {
            "turn": 27,
            "player_id": 1,
            "move": [
                12,
                6
            ],
            "color": 1,
            "thinking_time": 0.0165,
            "search_depth": 0
        },
        {
            "turn": 28,
            "player_id": 2,
            "move": [
                6,
                6
            ],
            "color": 2,
            "thinking_time": 0.4793
        },
        {
            "turn": 29,
            "player_id": 1,
            "move": [
                6,
                5
            ],
            "color": 1,
            "thinking_time": 29.3228,
            "search_depth": 4
        },
        {
            "turn": 30,
            "player_id": 2,
            "move": [
                4,
                8
            ],
            "color": 2,
            "thinking_time": 0.6813
        },
        {
            "turn": 31,
            "player_id": 1,
            "move": [
                4,
                11
            ],
            "color": 1,
            "thinking_time": 29.3164,
            "search_depth": 5
        },
        {
            "turn": 32,
            "player_id": 2,
            "move": [
                3,
                12
            ],
            "color": 2,
            "thinking_time": 0.0278
        },
        {
            "turn": 33,
            "player_id": 1,
            "move": [
                2,
                6
            ],
            "color": 1,
            "thinking_time": 29.3177,
            "search_depth": 3
        },
        {
            "turn": 34,
            "player_id": 2,
            "move": [
                2,
                8
            ],
            "color": 2,
            "thinking_time": 0.326
        },
        {
            "turn": 35,
            "player_id": 1,
            "move": [
                3,
                8
            ],
            "color": 1,
            "thinking_time": 0.0173,
            "search_depth": 0
        },
        {
            "turn": 36,
            "player_id": 2,
            "move": [
                3,
                9
            ],
            "color": 2,
            "thinking_time": 0.0681
        },
        {
            "turn": 37,
            "player_id": 1,
            "move": [
                2,
                10
            ],
            "color": 1,
            "thinking_time": 0.0154,
            "search_depth": 0
        },
        {
            "turn": 38,
            "player_id": 2,
            "move": [
                4,
                10
            ],
            "color": 2,
            "thinking_time": 0.0455
        },
        {
            "turn": 39,
            "player_id": 1,
            "move": [
                1,
                7
            ],
            "color": 1,
            "thinking_time": 0.0177,
            "search_depth": 0
        },
        {
            "turn": 40,
            "player_id": 2,
            "move": [
                6,
                12
            ],
            "color": 2,
            "thinking_time": 0.015
        }
    ]
}