{
    "game_id": "20250907_103111",
    "winner_id": 2,
    "winner_name": "Gomocup AI",
    "player_setup": {
        "p1_name": "Negamax AI",
        "p2_name": "Gomocup AI"
    },
    "final_colors": {
        "1": 1,
        "2": 2
    },
    "rules": {
        "banned_moves_enabled": false,
        "swap2_enabled": false
    },
    "move_history": [
        {
            "turn": 1,
            "player_id": 1,
            "move": [
                7,
                7
            ],
            "color": 1,
            "thinking_time": 0.017,
            "search_depth": 0
        },
        {
            "turn": 2,
            "player_id": 2,
            "move": [
                6,
                8
            ],
            "color": 2,
            "thinking_time": 0.5298
        },
        {
            "turn": 3,
            "player_id": 1,
            "move": [
                7,
                9
            ],
            "color": 1,
            "thinking_time": 0.0154,
            "search_depth": 0
        },
        {
            "turn": 4,
            "player_id": 2,
            "move": [
                7,
                8
            ],
            "color": 2,
            "thinking_time": 0.4798
        },
        {
            "turn": 5,
            "player_id": 1,
            "move": [
                5,
                8
            ],
            "color": 1,
            "thinking_time": 29.3153,
            "search_depth": 4
        },
        {
            "turn": 6,
            "player_id": 2,
            "move": [
                8,
                9
            ],
            "color": 2,
            "thinking_time": 0.3163
        },
        {
            "turn": 7,
            "player_id": 1,
            "move": [
                9,
                10
            ],
            "color": 1,
            "thinking_time": 29.3163,
            "search_depth": 4
        },
        {
            "turn": 8,
            "player_id": 2,
            "move": [
                6,
                9
            ],
            "color": 2,
            "thinking_time": 0.3041
        },
        {
            "turn": 9,
            "player_id": 1,
            "move": [
                5,
                10
            ],
            "color": 1,
            "thinking_time": 29.3162,
            "search_depth": 4
        },
        {
            "turn": 10,
            "player_id": 2,
            "move": [
                6,
                10
            ],
            "color": 2,
            "thinking_time": 0.2172
        },
        {
            "turn": 11,
            "player_id": 1,
            "move": [
                6,
                7
            ],
            "color": 1,
            "thinking_time": 0.0256,
            "search_depth": 0
        },
        {
            "turn": 12,
            "player_id": 2,
            "move": [
                6,
                11
            ],
            "color": 2,
            "thinking_time": 0.1836
        },
        {
            "turn": 13,
            "player_id": 1,
            "move": [
                6,
                12
            ],
            "color": 1,
            "thinking_time": 0.0159,
            "search_depth": 0
        },
        {
            "turn": 14,
            "player_id": 2,
            "move": [
                9,
                8
            ],
            "color": 2,
            "thinking_time": 0.2082
        },
        {
            "turn": 15,
            "player_id": 1,
            "move": [
                7,
                10
            ],
            "color": 1,
            "thinking_time": 0.0262,
            "search_depth": 0
        },
        {
            "turn": 16,
            "player_id": 2,
            "move": [
                8,
                8
            ],
            "color": 2,
            "thinking_time": 0.1896
        },
        {
            "turn": 17,
            "player_id": 1,
            "move": [
                10,
                8
            ],
            "color": 1,
            "thinking_time": 0.0173,
            "search_depth": 0
        },
        {
            "turn": 18,
            "player_id": 2,
            "move": [
                8,
                7
            ],
            "color": 2,
            "thinking_time": 0.1836
        },
        {
            "turn": 19,
            "player_id": 1,
            "move": [
                8,
                10
            ],
            "color": 1,
            "thinking_time": 0.0283,
            "search_depth": 0
        },
        {
            "turn": 20,
            "player_id": 2,
            "move": [
                9,
                6
            ],
            "color": 2,
            "thinking_time": 0.1601
        },
        {
            "turn": 21,
            "player_id": 1,
            "move": [
                10,
                5
            ],
            "color": 1,
            "thinking_time": 0.0156,
            "search_depth": 0
        },
        {
            "turn": 22,
            "player_id": 2,
            "move": [
                8,
                6
            ],
            "color": 2,
            "thinking_time": 0.1357
        },
        {
            "turn": 23,
            "player_id": 1,
            "move": [
                8,
                5
            ],
            "color": 1,
            "thinking_time": 0.017,
            "search_depth": 0
        },
        {
            "turn": 24,
            "player_id": 2,
            "move": [
                7,
                6
            ],
            "color": 2,
            "thinking_time": 0.0669
        },
        {
            "turn": 25,
            "player_id": 1,
            "move": [
                10,
                9
            ],
            "color": 1,
            "thinking_time": 0.0323,
            "search_depth": 0
        },
        {
            "turn": 26,
            "player_id": 2,
            "move": [
                10,
                6
            ],
            "color": 2,
            "thinking_time": 0.0414
        },
        {
            "turn": 27,
            "player_id": 1,
            "move": [
                6,
                6
            ],
            "color": 1,
            "thinking_time": 0.0171,
            "search_depth": 0
        },
        {
            "turn": 28,
            "player_id": 2,
            "move": [
                11,
                6
            ],
            "color": 2,
            "thinking_time": 0.0154
        }
    ]
}