{
    "game_id": "20250907_115818",
    "winner_id": 1,
    "winner_name": "Negamax AI",
    "player_setup": {
        "p1_name": "Negamax AI",
        "p2_name": "Gomocup AI"
    },
    "final_colors": {
        "1": 1,
        "2": 2
    },
    "rules": {
        "banned_moves_enabled": false,
        "swap2_enabled": false
    },
    "move_history": [
        {
            "turn": 1,
            "player_id": 1,
            "move": [
                7,
                7
            ],
            "color": 1,
            "thinking_time": 0.013,
            "search_depth": 0
        },
        {
            "turn": 2,
            "player_id": 2,
            "move": [
                6,
                8
            ],
            "color": 2,
            "thinking_time": 0.673
        },
        {
            "turn": 3,
            "player_id": 1,
            "move": [
                9,
                8
            ],
            "color": 1,
            "thinking_time": 0.0137,
            "search_depth": 0
        },
        {
            "turn": 4,
            "player_id": 2,
            "move": [
                8,
                7
            ],
            "color": 2,
            "thinking_time": 0.5412
        },
        {
            "turn": 5,
            "player_id": 1,
            "move": [
                7,
                10
            ],
            "color": 1,
            "thinking_time": 29.3142,
            "search_depth": 3
        },
        {
            "turn": 6,
            "player_id": 2,
            "move": [
                7,
                8
            ],
            "color": 2,
            "thinking_time": 1.1269
        },
        {
            "turn": 7,
            "player_id": 1,
            "move": [
                8,
                8
            ],
            "color": 1,
            "thinking_time": 29.3195,
            "search_depth": 4
        },
        {
            "turn": 8,
            "player_id": 2,
            "move": [
                6,
                9
            ],
            "color": 2,
            "thinking_time": 1.138
        },
        {
            "turn": 9,
            "player_id": 1,
            "move": [
                5,
                10
            ],
            "color": 1,
            "thinking_time": 0.0228,
            "search_depth": 0
        },
        {
            "turn": 10,
            "player_id": 2,
            "move": [
                6,
                10
            ],
            "color": 2,
            "thinking_time": 0.5359
        },
        {
            "turn": 11,
            "player_id": 1,
            "move": [
                6,
                11
            ],
            "color": 1,
            "thinking_time": 0.021,
            "search_depth": 0
        },
        {
            "turn": 12,
            "player_id": 2,
            "move": [
                6,
                6
            ],
            "color": 2,
            "thinking_time": 0.5273
        },
        {
            "turn": 13,
            "player_id": 1,
            "move": [
                6,
                7
            ],
            "color": 1,
            "thinking_time": 0.0148,
            "search_depth": 0
        },
        {
            "turn": 14,
            "player_id": 2,
            "move": [
                9,
                6
            ],
            "color": 2,
            "thinking_time": 0.7303
        },
        {
            "turn": 15,
            "player_id": 1,
            "move": [
                10,
                5
            ],
            "color": 1,
            "thinking_time": 0.015,
            "search_depth": 0
        },
        {
            "turn": 16,
            "player_id": 2,
            "move": [
                8,
                9
            ],
            "color": 2,
            "thinking_time": 0.7045
        },
        {
            "turn": 17,
            "player_id": 1,
            "move": [
                9,
                9
            ],
            "color": 1,
            "thinking_time": 29.3173,
            "search_depth": 4
        },
        {
            "turn": 18,
            "player_id": 2,
            "move": [
                4,
                8
            ],
            "color": 2,
            "thinking_time": 0.8794
        },
        {
            "turn": 19,
            "player_id": 1,
            "move": [
                11,
                11
            ],
            "color": 1,
            "thinking_time": 29.3237,
            "search_depth": 3
        },
        {
            "turn": 20,
            "player_id": 2,
            "move": [
                10,
                10
            ],
            "color": 2,
            "thinking_time": 0.0297
        },
        {
            "turn": 21,
            "player_id": 1,
            "move": [
                5,
                7
            ],
            "color": 1,
            "thinking_time": 29.3193,
            "search_depth": 3
        },
        {
            "turn": 22,
            "player_id": 2,
            "move": [
                5,
                9
            ],
            "color": 2,
            "thinking_time": 0.459
        },
        {
            "turn": 23,
            "player_id": 1,
            "move": [
                3,
                7
            ],
            "color": 1,
            "thinking_time": 0.0292,
            "search_depth": 0
        },
        {
            "turn": 24,
            "player_id": 2,
            "move": [
                4,
                7
            ],
            "color": 2,
            "thinking_time": 0.0207
        },
        {
            "turn": 25,
            "player_id": 1,
            "move": [
                4,
                9
            ],
            "color": 1,
            "thinking_time": 0.0297,
            "search_depth": 0
        },
        {
            "turn": 26,
            "player_id": 2,
            "move": [
                7,
                11
            ],
            "color": 2,
            "thinking_time": 0.2706
        },
        {
            "turn": 27,
            "player_id": 1,
            "move": [
                8,
                12
            ],
            "color": 1,
            "thinking_time": 0.017,
            "search_depth": 0
        },
        {
            "turn": 28,
            "player_id": 2,
            "move": [
                3,
                8
            ],
            "color": 2,
            "thinking_time": 0.3609
        },
        {
            "turn": 29,
            "player_id": 1,
            "move": [
                5,
                8
            ],
            "color": 1,
            "thinking_time": 0.0165,
            "search_depth": 0
        },
        {
            "turn": 30,
            "player_id": 2,
            "move": [
                7,
                6
            ],
            "color": 2,
            "thinking_time": 0.3131
        },
        {
            "turn": 31,
            "player_id": 1,
            "move": [
                8,
                6
            ],
            "color": 1,
            "thinking_time": 0.0399,
            "search_depth": 0
        },
        {
            "turn": 32,
            "player_id": 2,
            "move": [
                2,
                9
            ],
            "color": 2,
            "thinking_time": 0.4565
        },
        {
            "turn": 33,
            "player_id": 1,
            "move": [
                5,
                6
            ],
            "color": 1,
            "thinking_time": 0.0312,
            "search_depth": 0
        },
        {
            "turn": 34,
            "player_id": 2,
            "move": [
                1,
                10
            ],
            "color": 2,
            "thinking_time": 0.6963
        },
        {
            "turn": 35,
            "player_id": 1,
            "move": [
                0,
                11
            ],
            "color": 1,
            "thinking_time": 0.0176,
            "search_depth": 0
        },
        {
            "turn": 36,
            "player_id": 2,
            "move": [
                2,
                11
            ],
            "color": 2,
            "thinking_time": 0.3222
        },
        {
            "turn": 37,
            "player_id": 1,
            "move": [
                2,
                10
            ],
            "color": 1,
            "thinking_time": 29.3289,
            "search_depth": 4
        },
        {
            "turn": 38,
            "player_id": 2,
            "move": [
                1,
                8
            ],
            "color": 2,
            "thinking_time": 0.6507
        },
        {
            "turn": 39,
            "player_id": 1,
            "move": [
                7,
                12
            ],
            "color": 1,
            "thinking_time": 29.3301,
            "search_depth": 5
        },
        {
            "turn": 40,
            "player_id": 2,
            "move": [
                8,
                13
            ],
            "color": 2,
            "thinking_time": 0.0284
        },
        {
            "turn": 41,
            "player_id": 1,
            "move": [
                5,
                4
            ],
            "color": 1,
            "thinking_time": 29.3251,
            "search_depth": 3
        },
        {
            "turn": 42,
            "player_id": 2,
            "move": [
                5,
                5
            ],
            "color": 2,
            "thinking_time": 0.0222
        },
        {
            "turn": 43,
            "player_id": 1,
            "move": [
                5,
                12
            ],
            "color": 1,
            "thinking_time": 29.3222,
            "search_depth": 3
        },
        {
            "turn": 44,
            "player_id": 2,
            "move": [
                2,
                8
            ],
            "color": 2,
            "thinking_time": 0.6578
        },
        {
            "turn": 45,
            "player_id": 1,
            "move": [
                0,
                8
            ],
            "color": 1,
            "thinking_time": 0.0177,
            "search_depth": 0
        },
        {
            "turn": 46,
            "player_id": 2,
            "move": [
                6,
                12
            ],
            "color": 2,
            "thinking_time": 0.4325
        },
        {
            "turn": 47,
            "player_id": 1,
            "move": [
                0,
                9
            ],
            "color": 1,
            "thinking_time": 29.3251,
            "search_depth": 3
        },
        {
            "turn": 48,
            "player_id": 2,
            "move": [
                0,
                7
            ],
            "color": 2,
            "thinking_time": 0.4936
        },
        {
            "turn": 49,
            "player_id": 1,
            "move": [
                9,
                11
            ],
            "color": 1,
            "thinking_time": 29.319,
            "search_depth": 3
        },
        {
            "turn": 50,
            "player_id": 2,
            "move": [
                9,
                10
            ],
            "color": 2,
            "thinking_time": 0.3849
        },
        {
            "turn": 51,
            "player_id": 1,
            "move": [
                10,
                11
            ],
            "color": 1,
            "thinking_time": 29.3236,
            "search_depth": 3
        },
        {
            "turn": 52,
            "player_id": 2,
            "move": [
                12,
                11
            ],
            "color": 2,
            "thinking_time": 0.3975
        },
        {
            "turn": 53,
            "player_id": 1,
            "move": [
                4,
                13
            ],
            "color": 1,
            "thinking_time": 29.3307,
            "search_depth": 4
        },
        {
            "turn": 54,
            "player_id": 2,
            "move": [
                3,
                14
            ],
            "color": 2,
            "thinking_time": 0.0227
        },
        {
            "turn": 55,
            "player_id": 1,
            "move": [
                10,
                12
            ],
            "color": 1,
            "thinking_time": 29.3166,
            "search_depth": 3
        },
        {
            "turn": 56,
            "player_id": 2,
            "move": [
                1,
                9
            ],
            "color": 2,
            "thinking_time": 0.6216
        },
        {
            "turn": 57,
            "player_id": 1,
            "move": [
                1,
                11
            ],
            "color": 1,
            "thinking_time": 0.0366,
            "search_depth": 0
        },
        {
            "turn": 58,
            "player_id": 2,
            "move": [
                1,
                7
            ],
            "color": 2,
            "thinking_time": 0.3909
        },
        {
            "turn": 59,
            "player_id": 1,
            "move": [
                1,
                6
            ],
            "color": 1,
            "thinking_time": 0.0177,
            "search_depth": 0
        },
        {
            "turn": 60,
            "player_id": 2,
            "move": [
                12,
                10
            ],
            "color": 2,
            "thinking_time": 0.3013
        },
        {
            "turn": 61,
            "player_id": 1,
            "move": [
                11,
                10
            ],
            "color": 1,
            "thinking_time": 0.0365,
            "search_depth": 0
        },
        {
            "turn": 62,
            "player_id": 2,
            "move": [
                11,
                12
            ],
            "color": 2,
            "thinking_time": 0.5225
        },
        {
            "turn": 63,
            "player_id": 1,
            "move": [
                12,
                9
            ],
            "color": 1,
            "thinking_time": 29.3236,
            "search_depth": 3
        },
        {
            "turn": 64,
            "player_id": 2,
            "move": [
                13,
                8
            ],
            "color": 2,
            "thinking_time": 0.4423
        },
        {
            "turn": 65,
            "player_id": 1,
            "move": [
                0,
                12
            ],
            "color": 1,
            "thinking_time": 29.3142,
            "search_depth": 3
        },
        {
            "turn": 66,
            "player_id": 2,
            "move": [
                0,
                10
            ],
            "color": 2,
            "thinking_time": 0.0228
        },
        {
            "turn": 67,
            "player_id": 1,
            "move": [
                13,
                9
            ],
            "color": 1,
            "thinking_time": 29.3285,
            "search_depth": 3
        },
        {
            "turn": 68,
            "player_id": 2,
            "move": [
                14,
                9
            ],
            "color": 2,
            "thinking_time": 0.7728
        },
        {
            "turn": 69,
            "player_id": 1,
            "move": [
                10,
                13
            ],
            "color": 1,
            "thinking_time": 0.0326,
            "search_depth": 0
        },
        {
            "turn": 70,
            "player_id": 2,
            "move": [
                14,
                8
            ],
            "color": 2,
            "thinking_time": 0.4151
        },
        {
            "turn": 71,
            "player_id": 1,
            "move": [
                11,
                13
            ],
            "color": 1,
            "thinking_time": 29.3286,
            "search_depth": 3
        },
        {
            "turn": 72,
            "player_id": 2,
            "move": [
                13,
                10
            ],
            "color": 2,
            "thinking_time": 0.0161
        },
        {
            "turn": 73,
            "player_id": 1,
            "move": [
                8,
                10
            ],
            "color": 1,
            "thinking_time": 0.8607,
            "search_depth": 0
        },
        {
            "turn": 74,
            "player_id": 2,
            "move": [
                14,
                7
            ],
            "color": 2,
            "thinking_time": 0.0167
        },
        {
            "turn": 75,
            "player_id": 1,
            "move": [
                7,
                9
            ],
            "color": 1,
            "thinking_time": 0.0185,
            "search_depth": 0
        }
    ]
}