{
    "game_id": "20250907_090954",
    "winner_id": 2,
    "winner_name": "Negamax AI",
    "player_setup": {
        "p1_name": "Gomocup AI",
        "p2_name": "Negamax AI"
    },
    "final_colors": {
        "1": 1,
        "2": 2
    },
    "rules": {
        "banned_moves_enabled": false,
        "swap2_enabled": false
    },
    "move_history": [
        {
            "turn": 1,
            "player_id": 1,
            "move": [
                10,
                10
            ],
            "color": 1,
            "thinking_time": 0.0166
        },
        {
            "turn": 2,
            "player_id": 2,
            "move": [
                9,
                11
            ],
            "color": 2,
            "thinking_time": 29.3195,
            "search_depth": 4
        },
        {
            "turn": 3,
            "player_id": 1,
            "move": [
                9,
                12
            ],
            "color": 1,
            "thinking_time": 0.5618
        },
        {
            "turn": 4,
            "player_id": 2,
            "move": [
                7,
                13
            ],
            "color": 2,
            "thinking_time": 29.3151,
            "search_depth": 5
        },
        {
            "turn": 5,
            "player_id": 1,
            "move": [
                11,
                10
            ],
            "color": 1,
            "thinking_time": 1.4152
        },
        {
            "turn": 6,
            "player_id": 2,
            "move": [
                8,
                13
            ],
            "color": 2,
            "thinking_time": 29.3169,
            "search_depth": 4
        },
        {
            "turn": 7,
            "player_id": 1,
            "move": [
                12,
                10
            ],
            "color": 1,
            "thinking_time": 1.0371
        },
        {
            "turn": 8,
            "player_id": 2,
            "move": [
                9,
                10
            ],
            "color": 2,
            "thinking_time": 0.0223,
            "search_depth": 0
        },
        {
            "turn": 9,
            "player_id": 1,
            "move": [
                11,
                11
            ],
            "color": 1,
            "thinking_time": 0.8084
        },
        {
            "turn": 10,
            "player_id": 2,
            "move": [
                8,
                11
            ],
            "color": 2,
            "thinking_time": 29.317,
            "search_depth": 5
        },
        {
            "turn": 11,
            "player_id": 1,
            "move": [
                12,
                12
            ],
            "color": 1,
            "thinking_time": 0.4026
        },
        {
            "turn": 12,
            "player_id": 2,
            "move": [
                9,
                9
            ],
            "color": 2,
            "thinking_time": 0.0251,
            "search_depth": 0
        },
        {
            "turn": 13,
            "player_id": 1,
            "move": [
                14,
                10
            ],
            "color": 1,
            "thinking_time": 0.3115
        },
        {
            "turn": 14,
            "player_id": 2,
            "move": [
                13,
                10
            ],
            "color": 2,
            "thinking_time": 0.0154,
            "search_depth": 0
        },
        {
            "turn": 15,
            "player_id": 1,
            "move": [
                11,
                13
            ],
            "color": 1,
            "thinking_time": 0.3497
        },
        {
            "turn": 16,
            "player_id": 2,
            "move": [
                11,
                12
            ],
            "color": 2,
            "thinking_time": 0.0342,
            "search_depth": 0
        },
        {
            "turn": 17,
            "player_id": 1,
            "move": [
                13,
                11
            ],
            "color": 1,
            "thinking_time": 0.1979
        },
        {
            "turn": 18,
            "player_id": 2,
            "move": [
                10,
                14
            ],
            "color": 2,
            "thinking_time": 0.0151,
            "search_depth": 0
        },
        {
            "turn": 19,
            "player_id": 1,
            "move": [
                14,
                9
            ],
            "color": 1,
            "thinking_time": 0.015
        },
        {
            "turn": 20,
            "player_id": 2,
            "move": [
                12,
                13
            ],
            "color": 2,
            "thinking_time": 0.0246,
            "search_depth": 0
        },
        {
            "turn": 21,
            "player_id": 1,
            "move": [
                14,
                8
            ],
            "color": 1,
            "thinking_time": 0.0154
        },
        {
            "turn": 22,
            "player_id": 2,
            "move": [
                14,
                11
            ],
            "color": 2,
            "thinking_time": 0.0254,
            "search_depth": 0
        },
        {
            "turn": 23,
            "player_id": 1,
            "move": [
                14,
                7
            ],
            "color": 1,
            "thinking_time": 0.016
        },
        {
            "turn": 24,
            "player_id": 2,
            "move": [
                14,
                6
            ],
            "color": 2,
            "thinking_time": 0.0153,
            "search_depth": 0
        },
        {
            "turn": 25,
            "player_id": 1,
            "move": [
                13,
                5
            ],
            "color": 1,
            "thinking_time": 0.015
        },
        {
            "turn": 26,
            "player_id": 2,
            "move": [
                9,
                13
            ],
            "color": 2,
            "thinking_time": 0.0251,
            "search_depth": 0
        },
        {
            "turn": 27,
            "player_id": 1,
            "move": [
                14,
                5
            ],
            "color": 1,
            "thinking_time": 0.0155
        },
        {
            "turn": 28,
            "player_id": 2,
            "move": [
                10,
                11
            ],
            "color": 2,
            "thinking_time": 0.0375,
            "search_depth": 0
        },
        {
            "turn": 29,
            "player_id": 1,
            "move": [
                8,
                9
            ],
            "color": 1,
            "thinking_time": 0.0273
        },
        {
            "turn": 30,
            "player_id": 2,
            "move": [
                13,
                14
            ],
            "color": 2,
            "thinking_time": 0.016,
            "search_depth": 0
        }
    ]
}