{
    "game_id": "20250907_081418",
    "winner_id": 2,
    "winner_name": "Negamax AI",
    "player_setup": {
        "p1_name": "Gomocup AI",
        "p2_name": "Negamax AI"
    },
    "final_colors": {
        "1": 1,
        "2": 2
    },
    "rules": {
        "banned_moves_enabled": false,
        "swap2_enabled": false
    },
    "move_history": [
        {
            "turn": 1,
            "player_id": 1,
            "move": [
                10,
                10
            ],
            "color": 1,
            "thinking_time": 0.0156
        },
        {
            "turn": 2,
            "player_id": 2,
            "move": [
                12,
                10
            ],
            "color": 2,
            "thinking_time": 29.3149,
            "search_depth": 4
        },
        {
            "turn": 3,
            "player_id": 1,
            "move": [
                11,
                11
            ],
            "color": 1,
            "thinking_time": 0.3139
        },
        {
            "turn": 4,
            "player_id": 2,
            "move": [
                12,
                11
            ],
            "color": 2,
            "thinking_time": 29.3183,
            "search_depth": 4
        },
        {
            "turn": 5,
            "player_id": 1,
            "move": [
                12,
                12
            ],
            "color": 1,
            "thinking_time": 0.2079
        },
        {
            "turn": 6,
            "player_id": 2,
            "move": [
                9,
                9
            ],
            "color": 2,
            "thinking_time": 0.0251,
            "search_depth": 0
        },
        {
            "turn": 7,
            "player_id": 1,
            "move": [
                13,
                13
            ],
            "color": 1,
            "thinking_time": 0.2825
        },
        {
            "turn": 8,
            "player_id": 2,
            "move": [
                14,
                14
            ],
            "color": 2,
            "thinking_time": 0.0156,
            "search_depth": 0
        },
        {
            "turn": 9,
            "player_id": 1,
            "move": [
                11,
                13
            ],
            "color": 1,
            "thinking_time": 0.3628
        },
        {
            "turn": 10,
            "player_id": 2,
            "move": [
                10,
                9
            ],
            "color": 2,
            "thinking_time": 29.315,
            "search_depth": 4
        },
        {
            "turn": 11,
            "player_id": 1,
            "move": [
                13,
                11
            ],
            "color": 1,
            "thinking_time": 0.4677
        },
        {
            "turn": 12,
            "player_id": 2,
            "move": [
                8,
                11
            ],
            "color": 2,
            "thinking_time": 29.318,
            "search_depth": 5
        },
        {
            "turn": 13,
            "player_id": 1,
            "move": [
                14,
                10
            ],
            "color": 1,
            "thinking_time": 0.2048
        },
        {
            "turn": 14,
            "player_id": 2,
            "move": [
                10,
                14
            ],
            "color": 2,
            "thinking_time": 0.0164,
            "search_depth": 0
        },
        {
            "turn": 15,
            "player_id": 1,
            "move": [
                14,
                9
            ],
            "color": 1,
            "thinking_time": 0.0154
        },
        {
            "turn": 16,
            "player_id": 2,
            "move": [
                8,
                10
            ],
            "color": 2,
            "thinking_time": 29.3171,
            "search_depth": 5
        },
        {
            "turn": 17,
            "player_id": 1,
            "move": [
                14,
                8
            ],
            "color": 1,
            "thinking_time": 0.0166
        },
        {
            "turn": 18,
            "player_id": 2,
            "move": [
                14,
                7
            ],
            "color": 2,
            "thinking_time": 0.0292,
            "search_depth": 0
        },
        {
            "turn": 19,
            "player_id": 1,
            "move": [
                13,
                6
            ],
            "color": 1,
            "thinking_time": 0.0167
        },
        {
            "turn": 20,
            "player_id": 2,
            "move": [
                8,
                9
            ],
            "color": 2,
            "thinking_time": 23.4412,
            "search_depth": 5
        },
        {
            "turn": 21,
            "player_id": 1,
            "move": [
                14,
                6
            ],
            "color": 1,
            "thinking_time": 0.0151
        },
        {
            "turn": 22,
            "player_id": 2,
            "move": [
                8,
                12
            ],
            "color": 2,
            "thinking_time": 0.2167,
            "search_depth": 0
        },
        {
            "turn": 23,
            "player_id": 1,
            "move": [
                14,
                5
            ],
            "color": 1,
            "thinking_time": 0.015
        },
        {
            "turn": 24,
            "player_id": 2,
            "move": [
                8,
                8
            ],
            "color": 2,
            "thinking_time": 0.0156,
            "search_depth": 0
        }
    ]
}