{
    "game_id": "20250907_084903",
    "winner_id": 2,
    "winner_name": "Negamax AI",
    "player_setup": {
        "p1_name": "Gomocup AI",
        "p2_name": "Negamax AI"
    },
    "final_colors": {
        "1": 1,
        "2": 2
    },
    "rules": {
        "banned_moves_enabled": false,
        "swap2_enabled": false
    },
    "move_history": [
        {
            "turn": 1,
            "player_id": 1,
            "move": [
                10,
                10
            ],
            "color": 1,
            "thinking_time": 0.0165
        },
        {
            "turn": 2,
            "player_id": 2,
            "move": [
                10,
                9
            ],
            "color": 2,
            "thinking_time": 29.3181,
            "search_depth": 4
        },
        {
            "turn": 3,
            "player_id": 1,
            "move": [
                11,
                10
            ],
            "color": 1,
            "thinking_time": 0.308
        },
        {
            "turn": 4,
            "player_id": 2,
            "move": [
                9,
                10
            ],
            "color": 2,
            "thinking_time": 29.3165,
            "search_depth": 4
        },
        {
            "turn": 5,
            "player_id": 1,
            "move": [
                11,
                8
            ],
            "color": 1,
            "thinking_time": 0.2527
        },
        {
            "turn": 6,
            "player_id": 2,
            "move": [
                9,
                9
            ],
            "color": 2,
            "thinking_time": 29.3151,
            "search_depth": 4
        },
        {
            "turn": 7,
            "player_id": 1,
            "move": [
                11,
                9
            ],
            "color": 1,
            "thinking_time": 0.1964
        },
        {
            "turn": 8,
            "player_id": 2,
            "move": [
                11,
                7
            ],
            "color": 2,
            "thinking_time": 0.023,
            "search_depth": 0
        },
        {
            "turn": 9,
            "player_id": 1,
            "move": [
                9,
                11
            ],
            "color": 1,
            "thinking_time": 0.1525
        },
        {
            "turn": 10,
            "player_id": 2,
            "move": [
                12,
                8
            ],
            "color": 2,
            "thinking_time": 0.0232,
            "search_depth": 0
        },
        {
            "turn": 11,
            "player_id": 1,
            "move": [
                11,
                11
            ],
            "color": 1,
            "thinking_time": 0.1459
        },
        {
            "turn": 12,
            "player_id": 2,
            "move": [
                11,
                12
            ],
            "color": 2,
            "thinking_time": 0.0145,
            "search_depth": 0
        },
        {
            "turn": 13,
            "player_id": 1,
            "move": [
                10,
                11
            ],
            "color": 1,
            "thinking_time": 0.1271
        },
        {
            "turn": 14,
            "player_id": 2,
            "move": [
                12,
                11
            ],
            "color": 2,
            "thinking_time": 0.0243,
            "search_depth": 0
        },
        {
            "turn": 15,
            "player_id": 1,
            "move": [
                12,
                9
            ],
            "color": 1,
            "thinking_time": 0.113
        },
        {
            "turn": 16,
            "player_id": 2,
            "move": [
                9,
                12
            ],
            "color": 2,
            "thinking_time": 0.0251,
            "search_depth": 0
        },
        {
            "turn": 17,
            "player_id": 1,
            "move": [
                8,
                12
            ],
            "color": 1,
            "thinking_time": 0.0962
        },
        {
            "turn": 18,
            "player_id": 2,
            "move": [
                7,
                13
            ],
            "color": 2,
            "thinking_time": 0.0155,
            "search_depth": 0
        },
        {
            "turn": 19,
            "player_id": 1,
            "move": [
                13,
                10
            ],
            "color": 1,
            "thinking_time": 0.1147
        },
        {
            "turn": 20,
            "player_id": 2,
            "move": [
                10,
                7
            ],
            "color": 2,
            "thinking_time": 0.0485,
            "search_depth": 0
        },
        {
            "turn": 21,
            "player_id": 1,
            "move": [
                14,
                11
            ],
            "color": 1,
            "thinking_time": 0.0824
        },
        {
            "turn": 22,
            "player_id": 2,
            "move": [
                12,
                6
            ],
            "color": 2,
            "thinking_time": 29.321,
            "search_depth": 5
        },
        {
            "turn": 23,
            "player_id": 1,
            "move": [
                14,
                12
            ],
            "color": 1,
            "thinking_time": 0.0135
        },
        {
            "turn": 24,
            "player_id": 2,
            "move": [
                14,
                10
            ],
            "color": 2,
            "thinking_time": 0.0263,
            "search_depth": 0
        },
        {
            "turn": 25,
            "player_id": 1,
            "move": [
                14,
                13
            ],
            "color": 1,
            "thinking_time": 0.0139
        },
        {
            "turn": 26,
            "player_id": 2,
            "move": [
                10,
                8
            ],
            "color": 2,
            "thinking_time": 0.0219,
            "search_depth": 0
        },
        {
            "turn": 27,
            "player_id": 1,
            "move": [
                14,
                14
            ],
            "color": 1,
            "thinking_time": 0.014
        },
        {
            "turn": 28,
            "player_id": 2,
            "move": [
                13,
                5
            ],
            "color": 2,
            "thinking_time": 0.0131,
            "search_depth": 0
        }
    ]
}