{
    "game_id": "20250907_083547",
    "winner_id": 2,
    "winner_name": "Negamax AI",
    "player_setup": {
        "p1_name": "Gomocup AI",
        "p2_name": "Negamax AI"
    },
    "final_colors": {
        "1": 1,
        "2": 2
    },
    "rules": {
        "banned_moves_enabled": false,
        "swap2_enabled": false
    },
    "move_history": [
        {
            "turn": 1,
            "player_id": 1,
            "move": [
                10,
                10
            ],
            "color": 1,
            "thinking_time": 0.017
        },
        {
            "turn": 2,
            "player_id": 2,
            "move": [
                12,
                10
            ],
            "color": 2,
            "thinking_time": 29.3196,
            "search_depth": 4
        },
        {
            "turn": 3,
            "player_id": 1,
            "move": [
                11,
                11
            ],
            "color": 1,
            "thinking_time": 0.393
        },
        {
            "turn": 4,
            "player_id": 2,
            "move": [
                12,
                11
            ],
            "color": 2,
            "thinking_time": 29.3181,
            "search_depth": 4
        },
        {
            "turn": 5,
            "player_id": 1,
            "move": [
                12,
                12
            ],
            "color": 1,
            "thinking_time": 0.2697
        },
        {
            "turn": 6,
            "player_id": 2,
            "move": [
                9,
                9
            ],
            "color": 2,
            "thinking_time": 0.0222,
            "search_depth": 0
        },
        {
            "turn": 7,
            "player_id": 1,
            "move": [
                13,
                13
            ],
            "color": 1,
            "thinking_time": 0.3511
        },
        {
            "turn": 8,
            "player_id": 2,
            "move": [
                14,
                14
            ],
            "color": 2,
            "thinking_time": 0.0149,
            "search_depth": 0
        },
        {
            "turn": 9,
            "player_id": 1,
            "move": [
                11,
                13
            ],
            "color": 1,
            "thinking_time": 0.319
        },
        {
            "turn": 10,
            "player_id": 2,
            "move": [
                10,
                9
            ],
            "color": 2,
            "thinking_time": 29.3176,
            "search_depth": 4
        },
        {
            "turn": 11,
            "player_id": 1,
            "move": [
                13,
                11
            ],
            "color": 1,
            "thinking_time": 0.1206
        },
        {
            "turn": 12,
            "player_id": 2,
            "move": [
                13,
                10
            ],
            "color": 2,
            "thinking_time": 29.3167,
            "search_depth": 5
        },
        {
            "turn": 13,
            "player_id": 1,
            "move": [
                14,
                10
            ],
            "color": 1,
            "thinking_time": 0.1321
        },
        {
            "turn": 14,
            "player_id": 2,
            "move": [
                10,
                14
            ],
            "color": 2,
            "thinking_time": 0.015,
            "search_depth": 0
        },
        {
            "turn": 15,
            "player_id": 1,
            "move": [
                14,
                9
            ],
            "color": 1,
            "thinking_time": 0.0159
        },
        {
            "turn": 16,
            "player_id": 2,
            "move": [
                12,
                14
            ],
            "color": 2,
            "thinking_time": 29.3192,
            "search_depth": 4
        },
        {
            "turn": 17,
            "player_id": 1,
            "move": [
                14,
                8
            ],
            "color": 1,
            "thinking_time": 0.016
        },
        {
            "turn": 18,
            "player_id": 2,
            "move": [
                14,
                7
            ],
            "color": 2,
            "thinking_time": 0.0229,
            "search_depth": 0
        },
        {
            "turn": 19,
            "player_id": 1,
            "move": [
                13,
                6
            ],
            "color": 1,
            "thinking_time": 0.0152
        },
        {
            "turn": 20,
            "player_id": 2,
            "move": [
                11,
                14
            ],
            "color": 2,
            "thinking_time": 0.036,
            "search_depth": 0
        },
        {
            "turn": 21,
            "player_id": 1,
            "move": [
                14,
                6
            ],
            "color": 1,
            "thinking_time": 0.015
        },
        {
            "turn": 22,
            "player_id": 2,
            "move": [
                13,
                14
            ],
            "color": 2,
            "thinking_time": 0.0149,
            "search_depth": 0
        }
    ]
}