{
    "game_id": "20250907_092348",
    "winner_id": 2,
    "winner_name": "Negamax AI",
    "player_setup": {
        "p1_name": "Gomocup AI",
        "p2_name": "Negamax AI"
    },
    "final_colors": {
        "1": 1,
        "2": 2
    },
    "rules": {
        "banned_moves_enabled": false,
        "swap2_enabled": false
    },
    "move_history": [
        {
            "turn": 1,
            "player_id": 1,
            "move": [
                10,
                10
            ],
            "color": 1,
            "thinking_time": 0.0169
        },
        {
            "turn": 2,
            "player_id": 2,
            "move": [
                11,
                10
            ],
            "color": 2,
            "thinking_time": 29.3185,
            "search_depth": 4
        },
        {
            "turn": 3,
            "player_id": 1,
            "move": [
                10,
                11
            ],
            "color": 1,
            "thinking_time": 0.4865
        },
        {
            "turn": 4,
            "player_id": 2,
            "move": [
                12,
                11
            ],
            "color": 2,
            "thinking_time": 29.3187,
            "search_depth": 4
        },
        {
            "turn": 5,
            "player_id": 1,
            "move": [
                10,
                13
            ],
            "color": 1,
            "thinking_time": 0.8418
        },
        {
            "turn": 6,
            "player_id": 2,
            "move": [
                10,
                12
            ],
            "color": 2,
            "thinking_time": 0.0204,
            "search_depth": 0
        },
        {
            "turn": 7,
            "player_id": 1,
            "move": [
                9,
                13
            ],
            "color": 1,
            "thinking_time": 1.6997
        },
        {
            "turn": 8,
            "player_id": 2,
            "move": [
                12,
                12
            ],
            "color": 2,
            "thinking_time": 29.3183,
            "search_depth": 4
        },
        {
            "turn": 9,
            "player_id": 1,
            "move": [
                12,
                13
            ],
            "color": 1,
            "thinking_time": 0.9302
        },
        {
            "turn": 10,
            "player_id": 2,
            "move": [
                11,
                13
            ],
            "color": 2,
            "thinking_time": 0.0203,
            "search_depth": 0
        },
        {
            "turn": 11,
            "player_id": 1,
            "move": [
                11,
                12
            ],
            "color": 1,
            "thinking_time": 0.7247
        },
        {
            "turn": 12,
            "player_id": 2,
            "move": [
                9,
                10
            ],
            "color": 2,
            "thinking_time": 0.0358,
            "search_depth": 0
        },
        {
            "turn": 13,
            "player_id": 1,
            "move": [
                13,
                14
            ],
            "color": 1,
            "thinking_time": 0.855
        },
        {
            "turn": 14,
            "player_id": 2,
            "move": [
                9,
                11
            ],
            "color": 2,
            "thinking_time": 29.3175,
            "search_depth": 5
        },
        {
            "turn": 15,
            "player_id": 1,
            "move": [
                14,
                14
            ],
            "color": 1,
            "thinking_time": 0.0146
        },
        {
            "turn": 16,
            "player_id": 2,
            "move": [
                8,
                10
            ],
            "color": 2,
            "thinking_time": 0.9787,
            "search_depth": 3
        },
        {
            "turn": 17,
            "player_id": 1,
            "move": [
                13,
                13
            ],
            "color": 1,
            "thinking_time": 0.0152
        },
        {
            "turn": 18,
            "player_id": 2,
            "move": [
                7,
                9
            ],
            "color": 2,
            "thinking_time": 0.0056,
            "search_depth": 0
        }
    ]
}