{
    "game_id": "20250907_090614",
    "winner_id": 1,
    "winner_name": "Gomocup AI",
    "player_setup": {
        "p1_name": "Gomocup AI",
        "p2_name": "Negamax AI"
    },
    "final_colors": {
        "1": 1,
        "2": 2
    },
    "rules": {
        "banned_moves_enabled": false,
        "swap2_enabled": false
    },
    "move_history": [
        {
            "turn": 1,
            "player_id": 1,
            "move": [
                10,
                10
            ],
            "color": 1,
            "thinking_time": 0.017
        },
        {
            "turn": 2,
            "player_id": 2,
            "move": [
                12,
                10
            ],
            "color": 2,
            "thinking_time": 29.3196,
            "search_depth": 4
        },
        {
            "turn": 3,
            "player_id": 1,
            "move": [
                11,
                11
            ],
            "color": 1,
            "thinking_time": 0.4406
        },
        {
            "turn": 4,
            "player_id": 2,
            "move": [
                12,
                12
            ],
            "color": 2,
            "thinking_time": 29.3163,
            "search_depth": 4
        },
        {
            "turn": 5,
            "player_id": 1,
            "move": [
                10,
                11
            ],
            "color": 1,
            "thinking_time": 0.4265
        },
        {
            "turn": 6,
            "player_id": 2,
            "move": [
                13,
                11
            ],
            "color": 2,
            "thinking_time": 29.316,
            "search_depth": 4
        },
        {
            "turn": 7,
            "player_id": 1,
            "move": [
                9,
                11
            ],
            "color": 1,
            "thinking_time": 0.193
        },
        {
            "turn": 8,
            "player_id": 2,
            "move": [
                8,
                11
            ],
            "color": 2,
            "thinking_time": 0.1171,
            "search_depth": 0
        },
        {
            "turn": 9,
            "player_id": 1,
            "move": [
                11,
                9
            ],
            "color": 1,
            "thinking_time": 0.1484
        },
        {
            "turn": 10,
            "player_id": 2,
            "move": [
                12,
                8
            ],
            "color": 2,
            "thinking_time": 0.0303,
            "search_depth": 0
        },
        {
            "turn": 11,
            "player_id": 1,
            "move": [
                12,
                9
            ],
            "color": 1,
            "thinking_time": 0.1725
        },
        {
            "turn": 12,
            "player_id": 2,
            "move": [
                10,
                9
            ],
            "color": 2,
            "thinking_time": 0.0248,
            "search_depth": 0
        },
        {
            "turn": 13,
            "player_id": 1,
            "move": [
                11,
                10
            ],
            "color": 1,
            "thinking_time": 0.0997
        },
        {
            "turn": 14,
            "player_id": 2,
            "move": [
                11,
                8
            ],
            "color": 2,
            "thinking_time": 0.0231,
            "search_depth": 0
        },
        {
            "turn": 15,
            "player_id": 1,
            "move": [
                9,
                12
            ],
            "color": 1,
            "thinking_time": 0.0367
        },
        {
            "turn": 16,
            "player_id": 2,
            "move": [
                13,
                8
            ],
            "color": 2,
            "thinking_time": 0.0154,
            "search_depth": 0
        },
        {
            "turn": 17,
            "player_id": 1,
            "move": [
                8,
                13
            ],
            "color": 1,
            "thinking_time": 0.0155
        }
    ]
}