{
    "game_id": "20250907_090127",
    "winner_id": 2,
    "winner_name": "Negamax AI",
    "player_setup": {
        "p1_name": "Gomocup AI",
        "p2_name": "Negamax AI"
    },
    "final_colors": {
        "1": 1,
        "2": 2
    },
    "rules": {
        "banned_moves_enabled": false,
        "swap2_enabled": false
    },
    "move_history": [
        {
            "turn": 1,
            "player_id": 1,
            "move": [
                10,
                10
            ],
            "color": 1,
            "thinking_time": 0.0155
        },
        {
            "turn": 2,
            "player_id": 2,
            "move": [
                10,
                9
            ],
            "color": 2,
            "thinking_time": 29.3222,
            "search_depth": 4
        },
        {
            "turn": 3,
            "player_id": 1,
            "move": [
                11,
                10
            ],
            "color": 1,
            "thinking_time": 0.3246
        },
        {
            "turn": 4,
            "player_id": 2,
            "move": [
                11,
                9
            ],
            "color": 2,
            "thinking_time": 29.3201,
            "search_depth": 4
        },
        {
            "turn": 5,
            "player_id": 1,
            "move": [
                12,
                10
            ],
            "color": 1,
            "thinking_time": 0.7564
        },
        {
            "turn": 6,
            "player_id": 2,
            "move": [
                9,
                10
            ],
            "color": 2,
            "thinking_time": 0.0214,
            "search_depth": 0
        },
        {
            "turn": 7,
            "player_id": 1,
            "move": [
                13,
                10
            ],
            "color": 1,
            "thinking_time": 0.7604
        },
        {
            "turn": 8,
            "player_id": 2,
            "move": [
                14,
                10
            ],
            "color": 2,
            "thinking_time": 0.0136,
            "search_depth": 0
        },
        {
            "turn": 9,
            "player_id": 1,
            "move": [
                13,
                9
            ],
            "color": 1,
            "thinking_time": 0.6813
        },
        {
            "turn": 10,
            "player_id": 2,
            "move": [
                14,
                8
            ],
            "color": 2,
            "thinking_time": 29.3208,
            "search_depth": 4
        },
        {
            "turn": 11,
            "player_id": 1,
            "move": [
                13,
                8
            ],
            "color": 1,
            "thinking_time": 0.6242
        },
        {
            "turn": 12,
            "player_id": 2,
            "move": [
                13,
                7
            ],
            "color": 2,
            "thinking_time": 0.0235,
            "search_depth": 0
        },
        {
            "turn": 13,
            "player_id": 1,
            "move": [
                14,
                7
            ],
            "color": 1,
            "thinking_time": 0.5217
        },
        {
            "turn": 14,
            "player_id": 2,
            "move": [
                10,
                11
            ],
            "color": 2,
            "thinking_time": 29.3179,
            "search_depth": 5
        },
        {
            "turn": 15,
            "player_id": 1,
            "move": [
                12,
                9
            ],
            "color": 1,
            "thinking_time": 0.4977
        },
        {
            "turn": 16,
            "player_id": 2,
            "move": [
                12,
                7
            ],
            "color": 2,
            "thinking_time": 29.3159,
            "search_depth": 5
        },
        {
            "turn": 17,
            "player_id": 1,
            "move": [
                14,
                6
            ],
            "color": 1,
            "thinking_time": 0.015
        },
        {
            "turn": 18,
            "player_id": 2,
            "move": [
                11,
                8
            ],
            "color": 2,
            "thinking_time": 0.025,
            "search_depth": 0
        },
        {
            "turn": 19,
            "player_id": 1,
            "move": [
                14,
                5
            ],
            "color": 1,
            "thinking_time": 0.015
        },
        {
            "turn": 20,
            "player_id": 2,
            "move": [
                8,
                11
            ],
            "color": 2,
            "thinking_time": 0.0157,
            "search_depth": 0
        }
    ]
}