{
    "game_id": "20250907_091828",
    "winner_id": 1,
    "winner_name": "Gomocup AI",
    "player_setup": {
        "p1_name": "Gomocup AI",
        "p2_name": "Negamax AI"
    },
    "final_colors": {
        "1": 1,
        "2": 2
    },
    "rules": {
        "banned_moves_enabled": false,
        "swap2_enabled": false
    },
    "move_history": [
        {
            "turn": 1,
            "player_id": 1,
            "move": [
                10,
                10
            ],
            "color": 1,
            "thinking_time": 0.015
        },
        {
            "turn": 2,
            "player_id": 2,
            "move": [
                11,
                12
            ],
            "color": 2,
            "thinking_time": 29.3183,
            "search_depth": 5
        },
        {
            "turn": 3,
            "player_id": 1,
            "move": [
                11,
                10
            ],
            "color": 1,
            "thinking_time": 0.3783
        },
        {
            "turn": 4,
            "player_id": 2,
            "move": [
                8,
                9
            ],
            "color": 2,
            "thinking_time": 29.3196,
            "search_depth": 4
        },
        {
            "turn": 5,
            "player_id": 1,
            "move": [
                9,
                10
            ],
            "color": 1,
            "thinking_time": 1.101
        },
        {
            "turn": 6,
            "player_id": 2,
            "move": [
                8,
                10
            ],
            "color": 2,
            "thinking_time": 0.0231,
            "search_depth": 0
        },
        {
            "turn": 7,
            "player_id": 1,
            "move": [
                12,
                10
            ],
            "color": 1,
            "thinking_time": 0.7315
        },
        {
            "turn": 8,
            "player_id": 2,
            "move": [
                13,
                10
            ],
            "color": 2,
            "thinking_time": 0.0161,
            "search_depth": 0
        },
        {
            "turn": 9,
            "player_id": 1,
            "move": [
                12,
                9
            ],
            "color": 1,
            "thinking_time": 0.8726
        },
        {
            "turn": 10,
            "player_id": 2,
            "move": [
                12,
                7
            ],
            "color": 2,
            "thinking_time": 29.3155,
            "search_depth": 4
        },
        {
            "turn": 11,
            "player_id": 1,
            "move": [
                12,
                11
            ],
            "color": 1,
            "thinking_time": 0.8317
        },
        {
            "turn": 12,
            "player_id": 2,
            "move": [
                12,
                12
            ],
            "color": 2,
            "thinking_time": 0.023,
            "search_depth": 0
        },
        {
            "turn": 13,
            "player_id": 1,
            "move": [
                10,
                9
            ],
            "color": 1,
            "thinking_time": 0.6644
        },
        {
            "turn": 14,
            "player_id": 2,
            "move": [
                13,
                12
            ],
            "color": 2,
            "thinking_time": 0.0268,
            "search_depth": 0
        },
        {
            "turn": 15,
            "player_id": 1,
            "move": [
                10,
                12
            ],
            "color": 1,
            "thinking_time": 0.4409
        },
        {
            "turn": 16,
            "player_id": 2,
            "move": [
                10,
                11
            ],
            "color": 2,
            "thinking_time": 0.0282,
            "search_depth": 0
        },
        {
            "turn": 17,
            "player_id": 1,
            "move": [
                13,
                9
            ],
            "color": 1,
            "thinking_time": 0.3764
        },
        {
            "turn": 18,
            "player_id": 2,
            "move": [
                11,
                11
            ],
            "color": 2,
            "thinking_time": 0.0276,
            "search_depth": 0
        },
        {
            "turn": 19,
            "player_id": 1,
            "move": [
                11,
                9
            ],
            "color": 1,
            "thinking_time": 0.1501
        },
        {
            "turn": 20,
            "player_id": 2,
            "move": [
                14,
                9
            ],
            "color": 2,
            "thinking_time": 0.015,
            "search_depth": 0
        },
        {
            "turn": 21,
            "player_id": 1,
            "move": [
                9,
                9
            ],
            "color": 1,
            "thinking_time": 0.0144
        }
    ]
}