{
    "game_id": "20250907_085307",
    "winner_id": 2,
    "winner_name": "Negamax AI",
    "player_setup": {
        "p1_name": "Gomocup AI",
        "p2_name": "Negamax AI"
    },
    "final_colors": {
        "1": 1,
        "2": 2
    },
    "rules": {
        "banned_moves_enabled": false,
        "swap2_enabled": false
    },
    "move_history": [
        {
            "turn": 1,
            "player_id": 1,
            "move": [
                10,
                10
            ],
            "color": 1,
            "thinking_time": 0.016
        },
        {
            "turn": 2,
            "player_id": 2,
            "move": [
                10,
                9
            ],
            "color": 2,
            "thinking_time": 29.3172,
            "search_depth": 4
        },
        {
            "turn": 3,
            "player_id": 1,
            "move": [
                11,
                10
            ],
            "color": 1,
            "thinking_time": 0.3183
        },
        {
            "turn": 4,
            "player_id": 2,
            "move": [
                9,
                10
            ],
            "color": 2,
            "thinking_time": 29.3187,
            "search_depth": 4
        },
        {
            "turn": 5,
            "player_id": 1,
            "move": [
                11,
                8
            ],
            "color": 1,
            "thinking_time": 0.2454
        },
        {
            "turn": 6,
            "player_id": 2,
            "move": [
                9,
                9
            ],
            "color": 2,
            "thinking_time": 29.3175,
            "search_depth": 4
        },
        {
            "turn": 7,
            "player_id": 1,
            "move": [
                11,
                9
            ],
            "color": 1,
            "thinking_time": 0.1923
        },
        {
            "turn": 8,
            "player_id": 2,
            "move": [
                11,
                7
            ],
            "color": 2,
            "thinking_time": 0.0276,
            "search_depth": 0
        },
        {
            "turn": 9,
            "player_id": 1,
            "move": [
                9,
                11
            ],
            "color": 1,
            "thinking_time": 0.1605
        },
        {
            "turn": 10,
            "player_id": 2,
            "move": [
                12,
                8
            ],
            "color": 2,
            "thinking_time": 0.0222,
            "search_depth": 0
        },
        {
            "turn": 11,
            "player_id": 1,
            "move": [
                11,
                11
            ],
            "color": 1,
            "thinking_time": 0.1495
        },
        {
            "turn": 12,
            "player_id": 2,
            "move": [
                11,
                12
            ],
            "color": 2,
            "thinking_time": 0.0157,
            "search_depth": 0
        },
        {
            "turn": 13,
            "player_id": 1,
            "move": [
                10,
                11
            ],
            "color": 1,
            "thinking_time": 0.1291
        },
        {
            "turn": 14,
            "player_id": 2,
            "move": [
                12,
                11
            ],
            "color": 2,
            "thinking_time": 0.025,
            "search_depth": 0
        },
        {
            "turn": 15,
            "player_id": 1,
            "move": [
                12,
                9
            ],
            "color": 1,
            "thinking_time": 0.1125
        },
        {
            "turn": 16,
            "player_id": 2,
            "move": [
                9,
                12
            ],
            "color": 2,
            "thinking_time": 0.0267,
            "search_depth": 0
        },
        {
            "turn": 17,
            "player_id": 1,
            "move": [
                8,
                12
            ],
            "color": 1,
            "thinking_time": 0.0885
        },
        {
            "turn": 18,
            "player_id": 2,
            "move": [
                7,
                13
            ],
            "color": 2,
            "thinking_time": 0.016,
            "search_depth": 0
        },
        {
            "turn": 19,
            "player_id": 1,
            "move": [
                13,
                10
            ],
            "color": 1,
            "thinking_time": 0.1223
        },
        {
            "turn": 20,
            "player_id": 2,
            "move": [
                10,
                7
            ],
            "color": 2,
            "thinking_time": 0.0592,
            "search_depth": 0
        },
        {
            "turn": 21,
            "player_id": 1,
            "move": [
                14,
                11
            ],
            "color": 1,
            "thinking_time": 0.0922
        },
        {
            "turn": 22,
            "player_id": 2,
            "move": [
                12,
                6
            ],
            "color": 2,
            "thinking_time": 29.3144,
            "search_depth": 5
        },
        {
            "turn": 23,
            "player_id": 1,
            "move": [
                14,
                12
            ],
            "color": 1,
            "thinking_time": 0.0163
        },
        {
            "turn": 24,
            "player_id": 2,
            "move": [
                14,
                10
            ],
            "color": 2,
            "thinking_time": 0.0263,
            "search_depth": 0
        },
        {
            "turn": 25,
            "player_id": 1,
            "move": [
                14,
                13
            ],
            "color": 1,
            "thinking_time": 0.0155
        },
        {
            "turn": 26,
            "player_id": 2,
            "move": [
                10,
                8
            ],
            "color": 2,
            "thinking_time": 0.026,
            "search_depth": 0
        },
        {
            "turn": 27,
            "player_id": 1,
            "move": [
                14,
                14
            ],
            "color": 1,
            "thinking_time": 0.0162
        },
        {
            "turn": 28,
            "player_id": 2,
            "move": [
                13,
                5
            ],
            "color": 2,
            "thinking_time": 0.0166,
            "search_depth": 0
        }
    ]
}