{
    "game_id": "20250907_075501",
    "winner_id": 1,
    "winner_name": "Gomocup AI",
    "player_setup": {
        "p1_name": "Gomocup AI",
        "p2_name": "Negamax AI"
    },
    "final_colors": {
        "1": 1,
        "2": 2
    },
    "rules": {
        "banned_moves_enabled": false,
        "swap2_enabled": false
    },
    "move_history": [
        {
            "turn": 1,
            "player_id": 1,
            "move": [
                10,
                10
            ],
            "color": 1,
            "thinking_time": 0.0234
        },
        {
            "turn": 2,
            "player_id": 2,
            "move": [
                9,
                11
            ],
            "color": 2,
            "thinking_time": 29.3171,
            "search_depth": 4
        },
        {
            "turn": 3,
            "player_id": 1,
            "move": [
                10,
                12
            ],
            "color": 1,
            "thinking_time": 8.025
        },
        {
            "turn": 4,
            "player_id": 2,
            "move": [
                11,
                11
            ],
            "color": 2,
            "thinking_time": 29.3166,
            "search_depth": 4
        },
        {
            "turn": 5,
            "player_id": 1,
            "move": [
                10,
                11
            ],
            "color": 1,
            "thinking_time": 8.0154
        },
        {
            "turn": 6,
            "player_id": 2,
            "move": [
                10,
                9
            ],
            "color": 2,
            "thinking_time": 0.0214,
            "search_depth": 0
        },
        {
            "turn": 7,
            "player_id": 1,
            "move": [
                11,
                10
            ],
            "color": 1,
            "thinking_time": 8.0146
        },
        {
            "turn": 8,
            "player_id": 2,
            "move": [
                11,
                9
            ],
            "color": 2,
            "thinking_time": 29.3171,
            "search_depth": 4
        },
        {
            "turn": 9,
            "player_id": 1,
            "move": [
                10,
                13
            ],
            "color": 1,
            "thinking_time": 4.4401
        },
        {
            "turn": 10,
            "player_id": 2,
            "move": [
                10,
                14
            ],
            "color": 2,
            "thinking_time": 0.0166,
            "search_depth": 0
        },
        {
            "turn": 11,
            "player_id": 1,
            "move": [
                9,
                10
            ],
            "color": 1,
            "thinking_time": 0.4713
        },
        {
            "turn": 12,
            "player_id": 2,
            "move": [
                12,
                10
            ],
            "color": 2,
            "thinking_time": 0.0221,
            "search_depth": 0
        },
        {
            "turn": 13,
            "player_id": 1,
            "move": [
                9,
                12
            ],
            "color": 1,
            "thinking_time": 0.0166
        },
        {
            "turn": 14,
            "player_id": 2,
            "move": [
                12,
                9
            ],
            "color": 2,
            "thinking_time": 0.028,
            "search_depth": 0
        },
        {
            "turn": 15,
            "player_id": 1,
            "move": [
                7,
                10
            ],
            "color": 1,
            "thinking_time": 0.0164
        },
        {
            "turn": 16,
            "player_id": 2,
            "move": [
                8,
                10
            ],
            "color": 2,
            "thinking_time": 0.0151,
            "search_depth": 0
        },
        {
            "turn": 17,
            "player_id": 1,
            "move": [
                8,
                11
            ],
            "color": 1,
            "thinking_time": 0.0173
        },
        {
            "turn": 18,
            "player_id": 2,
            "move": [
                11,
                14
            ],
            "color": 2,
            "thinking_time": 0.0146,
            "search_depth": 0
        },
        {
            "turn": 19,
            "player_id": 1,
            "move": [
                6,
                9
            ],
            "color": 1,
            "thinking_time": 0.0136
        }
    ]
}