{
    "game_id": "20250907_082245",
    "winner_id": 1,
    "winner_name": "Gomocup AI",
    "player_setup": {
        "p1_name": "Gomocup AI",
        "p2_name": "Negamax AI"
    },
    "final_colors": {
        "1": 1,
        "2": 2
    },
    "rules": {
        "banned_moves_enabled": false,
        "swap2_enabled": false
    },
    "move_history": [
        {
            "turn": 1,
            "player_id": 1,
            "move": [
                10,
                10
            ],
            "color": 1,
            "thinking_time": 0.016
        },
        {
            "turn": 2,
            "player_id": 2,
            "move": [
                9,
                11
            ],
            "color": 2,
            "thinking_time": 29.3155,
            "search_depth": 5
        },
        {
            "turn": 3,
            "player_id": 1,
            "move": [
                9,
                12
            ],
            "color": 1,
            "thinking_time": 0.441
        },
        {
            "turn": 4,
            "player_id": 2,
            "move": [
                7,
                11
            ],
            "color": 2,
            "thinking_time": 29.3199,
            "search_depth": 5
        },
        {
            "turn": 5,
            "player_id": 1,
            "move": [
                10,
                11
            ],
            "color": 1,
            "thinking_time": 1.1492
        },
        {
            "turn": 6,
            "player_id": 2,
            "move": [
                8,
                10
            ],
            "color": 2,
            "thinking_time": 29.3207,
            "search_depth": 4
        },
        {
            "turn": 7,
            "player_id": 1,
            "move": [
                10,
                12
            ],
            "color": 1,
            "thinking_time": 0.8129
        },
        {
            "turn": 8,
            "player_id": 2,
            "move": [
                10,
                13
            ],
            "color": 2,
            "thinking_time": 0.0204,
            "search_depth": 0
        },
        {
            "turn": 9,
            "player_id": 1,
            "move": [
                11,
                10
            ],
            "color": 1,
            "thinking_time": 0.5162
        },
        {
            "turn": 10,
            "player_id": 2,
            "move": [
                8,
                13
            ],
            "color": 2,
            "thinking_time": 0.0285,
            "search_depth": 0
        },
        {
            "turn": 11,
            "player_id": 1,
            "move": [
                12,
                9
            ],
            "color": 1,
            "thinking_time": 0.2915
        },
        {
            "turn": 12,
            "player_id": 2,
            "move": [
                13,
                8
            ],
            "color": 2,
            "thinking_time": 0.0162,
            "search_depth": 0
        },
        {
            "turn": 13,
            "player_id": 1,
            "move": [
                12,
                10
            ],
            "color": 1,
            "thinking_time": 0.2769
        },
        {
            "turn": 14,
            "player_id": 2,
            "move": [
                13,
                10
            ],
            "color": 2,
            "thinking_time": 0.0256,
            "search_depth": 0
        },
        {
            "turn": 15,
            "player_id": 1,
            "move": [
                10,
                8
            ],
            "color": 1,
            "thinking_time": 0.2183
        },
        {
            "turn": 16,
            "player_id": 2,
            "move": [
                10,
                9
            ],
            "color": 2,
            "thinking_time": 0.0165,
            "search_depth": 0
        },
        {
            "turn": 17,
            "player_id": 1,
            "move": [
                13,
                11
            ],
            "color": 1,
            "thinking_time": 0.4203
        },
        {
            "turn": 18,
            "player_id": 2,
            "move": [
                11,
                9
            ],
            "color": 2,
            "thinking_time": 0.0255,
            "search_depth": 0
        },
        {
            "turn": 19,
            "player_id": 1,
            "move": [
                12,
                11
            ],
            "color": 1,
            "thinking_time": 0.3272
        },
        {
            "turn": 20,
            "player_id": 2,
            "move": [
                12,
                12
            ],
            "color": 2,
            "thinking_time": 0.0274,
            "search_depth": 0
        },
        {
            "turn": 21,
            "player_id": 1,
            "move": [
                11,
                11
            ],
            "color": 1,
            "thinking_time": 0.1454
        },
        {
            "turn": 22,
            "player_id": 2,
            "move": [
                14,
                11
            ],
            "color": 2,
            "thinking_time": 0.016,
            "search_depth": 0
        },
        {
            "turn": 23,
            "player_id": 1,
            "move": [
                9,
                13
            ],
            "color": 1,
            "thinking_time": 0.0722
        },
        {
            "turn": 24,
            "player_id": 2,
            "move": [
                8,
                14
            ],
            "color": 2,
            "thinking_time": 0.0155,
            "search_depth": 0
        },
        {
            "turn": 25,
            "player_id": 1,
            "move": [
                13,
                9
            ],
            "color": 1,
            "thinking_time": 0.0152
        }
    ]
}