{
    "game_id": "20250907_082726",
    "winner_id": 1,
    "winner_name": "Gomocup AI",
    "player_setup": {
        "p1_name": "Gomocup AI",
        "p2_name": "Negamax AI"
    },
    "final_colors": {
        "1": 1,
        "2": 2
    },
    "rules": {
        "banned_moves_enabled": false,
        "swap2_enabled": false
    },
    "move_history": [
        {
            "turn": 1,
            "player_id": 1,
            "move": [
                10,
                10
            ],
            "color": 1,
            "thinking_time": 0.016
        },
        {
            "turn": 2,
            "player_id": 2,
            "move": [
                9,
                10
            ],
            "color": 2,
            "thinking_time": 29.3208,
            "search_depth": 4
        },
        {
            "turn": 3,
            "player_id": 1,
            "move": [
                10,
                11
            ],
            "color": 1,
            "thinking_time": 0.2628
        },
        {
            "turn": 4,
            "player_id": 2,
            "move": [
                8,
                11
            ],
            "color": 2,
            "thinking_time": 29.3183,
            "search_depth": 4
        },
        {
            "turn": 5,
            "player_id": 1,
            "move": [
                10,
                9
            ],
            "color": 1,
            "thinking_time": 0.1434
        },
        {
            "turn": 6,
            "player_id": 2,
            "move": [
                10,
                12
            ],
            "color": 2,
            "thinking_time": 0.0222,
            "search_depth": 0
        },
        {
            "turn": 7,
            "player_id": 1,
            "move": [
                10,
                8
            ],
            "color": 1,
            "thinking_time": 0.1711
        },
        {
            "turn": 8,
            "player_id": 2,
            "move": [
                10,
                7
            ],
            "color": 2,
            "thinking_time": 0.014,
            "search_depth": 0
        },
        {
            "turn": 9,
            "player_id": 1,
            "move": [
                9,
                8
            ],
            "color": 1,
            "thinking_time": 0.1752
        },
        {
            "turn": 10,
            "player_id": 2,
            "move": [
                7,
                12
            ],
            "color": 2,
            "thinking_time": 29.3036,
            "search_depth": 4
        },
        {
            "turn": 11,
            "player_id": 1,
            "move": [
                12,
                8
            ],
            "color": 1,
            "thinking_time": 0.6154
        },
        {
            "turn": 12,
            "player_id": 2,
            "move": [
                11,
                8
            ],
            "color": 2,
            "thinking_time": 0.024,
            "search_depth": 0
        },
        {
            "turn": 13,
            "player_id": 1,
            "move": [
                11,
                9
            ],
            "color": 1,
            "thinking_time": 0.3239
        },
        {
            "turn": 14,
            "player_id": 2,
            "move": [
                9,
                11
            ],
            "color": 2,
            "thinking_time": 0.0274,
            "search_depth": 0
        },
        {
            "turn": 15,
            "player_id": 1,
            "move": [
                12,
                9
            ],
            "color": 1,
            "thinking_time": 0.3486
        },
        {
            "turn": 16,
            "player_id": 2,
            "move": [
                9,
                9
            ],
            "color": 2,
            "thinking_time": 0.0265,
            "search_depth": 0
        },
        {
            "turn": 17,
            "player_id": 1,
            "move": [
                13,
                9
            ],
            "color": 1,
            "thinking_time": 0.182
        },
        {
            "turn": 18,
            "player_id": 2,
            "move": [
                14,
                9
            ],
            "color": 2,
            "thinking_time": 0.0161,
            "search_depth": 0
        },
        {
            "turn": 19,
            "player_id": 1,
            "move": [
                13,
                7
            ],
            "color": 1,
            "thinking_time": 0.1272
        },
        {
            "turn": 20,
            "player_id": 2,
            "move": [
                14,
                6
            ],
            "color": 2,
            "thinking_time": 0.0165,
            "search_depth": 0
        },
        {
            "turn": 21,
            "player_id": 1,
            "move": [
                9,
                12
            ],
            "color": 1,
            "thinking_time": 0.2481
        },
        {
            "turn": 22,
            "player_id": 2,
            "move": [
                11,
                10
            ],
            "color": 2,
            "thinking_time": 0.0301,
            "search_depth": 0
        },
        {
            "turn": 23,
            "player_id": 1,
            "move": [
                12,
                10
            ],
            "color": 1,
            "thinking_time": 0.1583
        },
        {
            "turn": 24,
            "player_id": 2,
            "move": [
                12,
                7
            ],
            "color": 2,
            "thinking_time": 0.039,
            "search_depth": 0
        },
        {
            "turn": 25,
            "player_id": 1,
            "move": [
                13,
                11
            ],
            "color": 1,
            "thinking_time": 0.0817
        },
        {
            "turn": 26,
            "player_id": 2,
            "move": [
                14,
                12
            ],
            "color": 2,
            "thinking_time": 0.016,
            "search_depth": 0
        },
        {
            "turn": 27,
            "player_id": 1,
            "move": [
                9,
                7
            ],
            "color": 1,
            "thinking_time": 0.016
        }
    ]
}