{
    "game_id": "20250907_083111",
    "winner_id": 1,
    "winner_name": "Gomocup AI",
    "player_setup": {
        "p1_name": "Gomocup AI",
        "p2_name": "Negamax AI"
    },
    "final_colors": {
        "1": 1,
        "2": 2
    },
    "rules": {
        "banned_moves_enabled": false,
        "swap2_enabled": false
    },
    "move_history": [
        {
            "turn": 1,
            "player_id": 1,
            "move": [
                10,
                10
            ],
            "color": 1,
            "thinking_time": 0.016
        },
        {
            "turn": 2,
            "player_id": 2,
            "move": [
                8,
                12
            ],
            "color": 2,
            "thinking_time": 29.3212,
            "search_depth": 5
        },
        {
            "turn": 3,
            "player_id": 1,
            "move": [
                9,
                10
            ],
            "color": 1,
            "thinking_time": 1.3853
        },
        {
            "turn": 4,
            "player_id": 2,
            "move": [
                7,
                12
            ],
            "color": 2,
            "thinking_time": 29.3154,
            "search_depth": 4
        },
        {
            "turn": 5,
            "player_id": 1,
            "move": [
                11,
                10
            ],
            "color": 1,
            "thinking_time": 1.1697
        },
        {
            "turn": 6,
            "player_id": 2,
            "move": [
                8,
                10
            ],
            "color": 2,
            "thinking_time": 0.0229,
            "search_depth": 0
        },
        {
            "turn": 7,
            "player_id": 1,
            "move": [
                12,
                10
            ],
            "color": 1,
            "thinking_time": 0.6873
        },
        {
            "turn": 8,
            "player_id": 2,
            "move": [
                13,
                10
            ],
            "color": 2,
            "thinking_time": 0.0154,
            "search_depth": 0
        },
        {
            "turn": 9,
            "player_id": 1,
            "move": [
                10,
                11
            ],
            "color": 1,
            "thinking_time": 0.4733
        },
        {
            "turn": 10,
            "player_id": 2,
            "move": [
                12,
                9
            ],
            "color": 2,
            "thinking_time": 29.3187,
            "search_depth": 4
        },
        {
            "turn": 11,
            "player_id": 1,
            "move": [
                8,
                9
            ],
            "color": 1,
            "thinking_time": 0.6453
        },
        {
            "turn": 12,
            "player_id": 2,
            "move": [
                11,
                12
            ],
            "color": 2,
            "thinking_time": 0.0317,
            "search_depth": 0
        },
        {
            "turn": 13,
            "player_id": 1,
            "move": [
                9,
                12
            ],
            "color": 1,
            "thinking_time": 0.7042
        },
        {
            "turn": 14,
            "player_id": 2,
            "move": [
                9,
                13
            ],
            "color": 2,
            "thinking_time": 29.3165,
            "search_depth": 4
        },
        {
            "turn": 15,
            "player_id": 1,
            "move": [
                10,
                9
            ],
            "color": 1,
            "thinking_time": 0.5152
        },
        {
            "turn": 16,
            "player_id": 2,
            "move": [
                10,
                8
            ],
            "color": 2,
            "thinking_time": 0.0264,
            "search_depth": 0
        },
        {
            "turn": 17,
            "player_id": 1,
            "move": [
                9,
                9
            ],
            "color": 1,
            "thinking_time": 0.3146
        },
        {
            "turn": 18,
            "player_id": 2,
            "move": [
                7,
                9
            ],
            "color": 2,
            "thinking_time": 0.0254,
            "search_depth": 0
        },
        {
            "turn": 19,
            "player_id": 1,
            "move": [
                9,
                11
            ],
            "color": 1,
            "thinking_time": 0.1454
        },
        {
            "turn": 20,
            "player_id": 2,
            "move": [
                9,
                8
            ],
            "color": 2,
            "thinking_time": 0.0162,
            "search_depth": 0
        },
        {
            "turn": 21,
            "player_id": 1,
            "move": [
                7,
                8
            ],
            "color": 1,
            "thinking_time": 0.2087
        },
        {
            "turn": 22,
            "player_id": 2,
            "move": [
                6,
                7
            ],
            "color": 2,
            "thinking_time": 0.0163,
            "search_depth": 0
        },
        {
            "turn": 23,
            "player_id": 1,
            "move": [
                11,
                11
            ],
            "color": 1,
            "thinking_time": 0.28
        },
        {
            "turn": 24,
            "player_id": 2,
            "move": [
                12,
                11
            ],
            "color": 2,
            "thinking_time": 0.0517,
            "search_depth": 0
        },
        {
            "turn": 25,
            "player_id": 1,
            "move": [
                12,
                12
            ],
            "color": 1,
            "thinking_time": 0.0796
        },
        {
            "turn": 26,
            "player_id": 2,
            "move": [
                8,
                8
            ],
            "color": 2,
            "thinking_time": 0.0164,
            "search_depth": 0
        },
        {
            "turn": 27,
            "player_id": 1,
            "move": [
                13,
                13
            ],
            "color": 1,
            "thinking_time": 0.0162
        }
    ]
}