{
    "game_id": "20250907_092722",
    "winner_id": 1,
    "winner_name": "Gomocup AI",
    "player_setup": {
        "p1_name": "Gomocup AI",
        "p2_name": "Negamax AI"
    },
    "final_colors": {
        "1": 1,
        "2": 2
    },
    "rules": {
        "banned_moves_enabled": false,
        "swap2_enabled": false
    },
    "move_history": [
        {
            "turn": 1,
            "player_id": 1,
            "move": [
                10,
                10
            ],
            "color": 1,
            "thinking_time": 0.015
        },
        {
            "turn": 2,
            "player_id": 2,
            "move": [
                11,
                10
            ],
            "color": 2,
            "thinking_time": 29.3225,
            "search_depth": 4
        },
        {
            "turn": 3,
            "player_id": 1,
            "move": [
                10,
                11
            ],
            "color": 1,
            "thinking_time": 0.5048
        },
        {
            "turn": 4,
            "player_id": 2,
            "move": [
                12,
                11
            ],
            "color": 2,
            "thinking_time": 29.3167,
            "search_depth": 4
        },
        {
            "turn": 5,
            "player_id": 1,
            "move": [
                10,
                13
            ],
            "color": 1,
            "thinking_time": 0.2505
        },
        {
            "turn": 6,
            "player_id": 2,
            "move": [
                10,
                12
            ],
            "color": 2,
            "thinking_time": 0.0206,
            "search_depth": 0
        },
        {
            "turn": 7,
            "player_id": 1,
            "move": [
                9,
                13
            ],
            "color": 1,
            "thinking_time": 0.1959
        },
        {
            "turn": 8,
            "player_id": 2,
            "move": [
                11,
                13
            ],
            "color": 2,
            "thinking_time": 29.3232,
            "search_depth": 4
        },
        {
            "turn": 9,
            "player_id": 1,
            "move": [
                9,
                11
            ],
            "color": 1,
            "thinking_time": 0.9994
        },
        {
            "turn": 10,
            "player_id": 2,
            "move": [
                13,
                12
            ],
            "color": 2,
            "thinking_time": 29.3134,
            "search_depth": 5
        },
        {
            "turn": 11,
            "player_id": 1,
            "move": [
                9,
                12
            ],
            "color": 1,
            "thinking_time": 0.3085
        },
        {
            "turn": 12,
            "player_id": 2,
            "move": [
                8,
                11
            ],
            "color": 2,
            "thinking_time": 0.032,
            "search_depth": 0
        },
        {
            "turn": 13,
            "player_id": 1,
            "move": [
                9,
                10
            ],
            "color": 1,
            "thinking_time": 0.1251
        },
        {
            "turn": 14,
            "player_id": 2,
            "move": [
                9,
                14
            ],
            "color": 2,
            "thinking_time": 0.0136,
            "search_depth": 0
        },
        {
            "turn": 15,
            "player_id": 1,
            "move": [
                9,
                9
            ],
            "color": 1,
            "thinking_time": 0.0145
        }
    ]
}