{
    "game_id": "20250907_092520",
    "winner_id": 1,
    "winner_name": "Gomocup AI",
    "player_setup": {
        "p1_name": "Gomocup AI",
        "p2_name": "Negamax AI"
    },
    "final_colors": {
        "1": 1,
        "2": 2
    },
    "rules": {
        "banned_moves_enabled": false,
        "swap2_enabled": false
    },
    "move_history": [
        {
            "turn": 1,
            "player_id": 1,
            "move": [
                10,
                10
            ],
            "color": 1,
            "thinking_time": 0.012
        },
        {
            "turn": 2,
            "player_id": 2,
            "move": [
                9,
                9
            ],
            "color": 2,
            "thinking_time": 29.3241,
            "search_depth": 4
        },
        {
            "turn": 3,
            "player_id": 1,
            "move": [
                9,
                10
            ],
            "color": 1,
            "thinking_time": 0.4608
        },
        {
            "turn": 4,
            "player_id": 2,
            "move": [
                10,
                8
            ],
            "color": 2,
            "thinking_time": 29.3178,
            "search_depth": 4
        },
        {
            "turn": 5,
            "player_id": 1,
            "move": [
                8,
                10
            ],
            "color": 1,
            "thinking_time": 0.1715
        },
        {
            "turn": 6,
            "player_id": 2,
            "move": [
                7,
                10
            ],
            "color": 2,
            "thinking_time": 0.021,
            "search_depth": 0
        },
        {
            "turn": 7,
            "player_id": 1,
            "move": [
                11,
                10
            ],
            "color": 1,
            "thinking_time": 0.2045
        },
        {
            "turn": 8,
            "player_id": 2,
            "move": [
                12,
                10
            ],
            "color": 2,
            "thinking_time": 0.0134,
            "search_depth": 0
        },
        {
            "turn": 9,
            "player_id": 1,
            "move": [
                8,
                9
            ],
            "color": 1,
            "thinking_time": 0.1884
        },
        {
            "turn": 10,
            "player_id": 2,
            "move": [
                12,
                8
            ],
            "color": 2,
            "thinking_time": 29.3207,
            "search_depth": 4
        },
        {
            "turn": 11,
            "player_id": 1,
            "move": [
                10,
                11
            ],
            "color": 1,
            "thinking_time": 0.1393
        },
        {
            "turn": 12,
            "player_id": 2,
            "move": [
                7,
                8
            ],
            "color": 2,
            "thinking_time": 0.0263,
            "search_depth": 0
        },
        {
            "turn": 13,
            "player_id": 1,
            "move": [
                11,
                12
            ],
            "color": 1,
            "thinking_time": 0.0896
        },
        {
            "turn": 14,
            "player_id": 2,
            "move": [
                12,
                13
            ],
            "color": 2,
            "thinking_time": 0.0161,
            "search_depth": 0
        },
        {
            "turn": 15,
            "player_id": 1,
            "move": [
                10,
                12
            ],
            "color": 1,
            "thinking_time": 0.1089
        },
        {
            "turn": 16,
            "player_id": 2,
            "move": [
                10,
                13
            ],
            "color": 2,
            "thinking_time": 0.0261,
            "search_depth": 0
        },
        {
            "turn": 17,
            "player_id": 1,
            "move": [
                9,
                12
            ],
            "color": 1,
            "thinking_time": 0.0737
        },
        {
            "turn": 18,
            "player_id": 2,
            "move": [
                12,
                12
            ],
            "color": 2,
            "thinking_time": 0.0397,
            "search_depth": 0
        },
        {
            "turn": 19,
            "player_id": 1,
            "move": [
                12,
                9
            ],
            "color": 1,
            "thinking_time": 0.0461
        },
        {
            "turn": 20,
            "player_id": 2,
            "move": [
                13,
                8
            ],
            "color": 2,
            "thinking_time": 0.0167,
            "search_depth": 0
        },
        {
            "turn": 21,
            "player_id": 1,
            "move": [
                8,
                13
            ],
            "color": 1,
            "thinking_time": 0.0156
        }
    ]
}