{
    "game_id": "20250905_094439",
    "winner_id": 1,
    "winner_name": "Negamax AI",
    "player_setup": {
        "p1_name": "Negamax AI",
        "p2_name": "Gomocup AI"
    },
    "final_colors": {
        "1": 1,
        "2": 2
    },
    "rules": {
        "banned_moves_enabled": false,
        "swap2_enabled": false
    },
    "move_history": [
        {
            "turn": 1,
            "player_id": 1,
            "move": [
                7,
                7
            ],
            "color": 1,
            "thinking_time": 0.0205,
            "search_depth": 0
        },
        {
            "turn": 2,
            "player_id": 2,
            "move": [
                11,
                2
            ],
            "color": 2,
            "thinking_time": 0.0157
        },
        {
            "turn": 3,
            "player_id": 1,
            "move": [
                9,
                2
            ],
            "color": 1,
            "thinking_time": 29.3197,
            "search_depth": 4
        },
        {
            "turn": 4,
            "player_id": 2,
            "move": [
                12,
                2
            ],
            "color": 2,
            "thinking_time": 0.0164
        },
        {
            "turn": 5,
            "player_id": 1,
            "move": [
                5,
                9
            ],
            "color": 1,
            "thinking_time": 29.325,
            "search_depth": 4
        },
        {
            "turn": 6,
            "player_id": 2,
            "move": [
                12,
                1
            ],
            "color": 2,
            "thinking_time": 0.0162
        },
        {
            "turn": 7,
            "player_id": 1,
            "move": [
                12,
                4
            ],
            "color": 1,
            "thinking_time": 29.3258,
            "search_depth": 3
        },
        {
            "turn": 8,
            "player_id": 2,
            "move": [
                12,
                0
            ],
            "color": 2,
            "thinking_time": 0.0164
        },
        {
            "turn": 9,
            "player_id": 1,
            "move": [
                10,
                3
            ],
            "color": 1,
            "thinking_time": 29.3168,
            "search_depth": 3
        },
        {
            "turn": 10,
            "player_id": 2,
            "move": [
                14,
                5
            ],
            "color": 2,
            "thinking_time": 0.0158
        },
        {
            "turn": 11,
            "player_id": 1,
            "move": [
                11,
                3
            ],
            "color": 1,
            "thinking_time": 29.3157,
            "search_depth": 3
        },
        {
            "turn": 12,
            "player_id": 2,
            "move": [
                11,
                0
            ],
            "color": 2,
            "thinking_time": 0.016
        },
        {
            "turn": 13,
            "player_id": 1,
            "move": [
                9,
                4
            ],
            "color": 1,
            "thinking_time": 29.3201,
            "search_depth": 3
        },
        {
            "turn": 14,
            "player_id": 2,
            "move": [
                13,
                0
            ],
            "color": 2,
            "thinking_time": 0.016
        },
        {
            "turn": 15,
            "player_id": 1,
            "move": [
                9,
                3
            ],
            "color": 1,
            "thinking_time": 0.0286,
            "search_depth": 0
        },
        {
            "turn": 16,
            "player_id": 2,
            "move": [
                2,
                5
            ],
            "color": 2,
            "thinking_time": 0.0168
        },
        {
            "turn": 17,
            "player_id": 1,
            "move": [
                9,
                5
            ],
            "color": 1,
            "thinking_time": 0.0464,
            "search_depth": 0
        },
        {
            "turn": 18,
            "player_id": 2,
            "move": [
                13,
                1
            ],
            "color": 2,
            "thinking_time": 0.0167
        },
        {
            "turn": 19,
            "player_id": 1,
            "move": [
                9,
                1
            ],
            "color": 1,
            "thinking_time": 0.0158,
            "search_depth": 0
        }
    ]
}