{
    "game_id": "20250905_092615",
    "winner_id": 1,
    "winner_name": "Negamax AI",
    "player_setup": {
        "p1_name": "Negamax AI",
        "p2_name": "Gomocup AI"
    },
    "final_colors": {
        "1": 1,
        "2": 2
    },
    "rules": {
        "banned_moves_enabled": false,
        "swap2_enabled": false
    },
    "move_history": [
        {
            "turn": 1,
            "player_id": 1,
            "move": [
                7,
                7
            ],
            "color": 1,
            "thinking_time": 0.02,
            "search_depth": 0
        },
        {
            "turn": 2,
            "player_id": 2,
            "move": [
                14,
                10
            ],
            "color": 2,
            "thinking_time": 0.0146
        },
        {
            "turn": 3,
            "player_id": 1,
            "move": [
                12,
                10
            ],
            "color": 1,
            "thinking_time": 29.3187,
            "search_depth": 4
        },
        {
            "turn": 4,
            "player_id": 2,
            "move": [
                13,
                9
            ],
            "color": 2,
            "thinking_time": 0.0172
        },
        {
            "turn": 5,
            "player_id": 1,
            "move": [
                8,
                8
            ],
            "color": 1,
            "thinking_time": 29.3201,
            "search_depth": 4
        },
        {
            "turn": 6,
            "player_id": 2,
            "move": [
                10,
                9
            ],
            "color": 2,
            "thinking_time": 0.0171
        },
        {
            "turn": 7,
            "player_id": 1,
            "move": [
                11,
                9
            ],
            "color": 1,
            "thinking_time": 29.3209,
            "search_depth": 4
        },
        {
            "turn": 8,
            "player_id": 2,
            "move": [
                9,
                9
            ],
            "color": 2,
            "thinking_time": 0.016
        },
        {
            "turn": 9,
            "player_id": 1,
            "move": [
                11,
                7
            ],
            "color": 1,
            "thinking_time": 29.3163,
            "search_depth": 3
        },
        {
            "turn": 10,
            "player_id": 2,
            "move": [
                10,
                12
            ],
            "color": 2,
            "thinking_time": 0.018
        },
        {
            "turn": 11,
            "player_id": 1,
            "move": [
                11,
                8
            ],
            "color": 1,
            "thinking_time": 29.3144,
            "search_depth": 5
        },
        {
            "turn": 12,
            "player_id": 2,
            "move": [
                14,
                8
            ],
            "color": 2,
            "thinking_time": 0.0155
        },
        {
            "turn": 13,
            "player_id": 1,
            "move": [
                11,
                10
            ],
            "color": 1,
            "thinking_time": 0.0637,
            "search_depth": 0
        },
        {
            "turn": 14,
            "player_id": 2,
            "move": [
                9,
                13
            ],
            "color": 2,
            "thinking_time": 0.0167
        },
        {
            "turn": 15,
            "player_id": 1,
            "move": [
                11,
                11
            ],
            "color": 1,
            "thinking_time": 0.0155,
            "search_depth": 0
        }
    ]
}