{
    "game_id": "20250905_093145",
    "winner_id": 1,
    "winner_name": "Negamax AI",
    "player_setup": {
        "p1_name": "Negamax AI",
        "p2_name": "Gomocup AI"
    },
    "final_colors": {
        "1": 1,
        "2": 2
    },
    "rules": {
        "banned_moves_enabled": false,
        "swap2_enabled": false
    },
    "move_history": [
        {
            "turn": 1,
            "player_id": 1,
            "move": [
                7,
                7
            ],
            "color": 1,
            "thinking_time": 0.0194,
            "search_depth": 0
        },
        {
            "turn": 2,
            "player_id": 2,
            "move": [
                6,
                12
            ],
            "color": 2,
            "thinking_time": 0.0152
        },
        {
            "turn": 3,
            "player_id": 1,
            "move": [
                5,
                13
            ],
            "color": 1,
            "thinking_time": 29.3194,
            "search_depth": 4
        },
        {
            "turn": 4,
            "player_id": 2,
            "move": [
                8,
                11
            ],
            "color": 2,
            "thinking_time": 0.0168
        },
        {
            "turn": 5,
            "player_id": 1,
            "move": [
                4,
                12
            ],
            "color": 1,
            "thinking_time": 29.3168,
            "search_depth": 3
        },
        {
            "turn": 6,
            "player_id": 2,
            "move": [
                11,
                14
            ],
            "color": 2,
            "thinking_time": 0.0163
        },
        {
            "turn": 7,
            "player_id": 1,
            "move": [
                3,
                11
            ],
            "color": 1,
            "thinking_time": 29.3247,
            "search_depth": 5
        },
        {
            "turn": 8,
            "player_id": 2,
            "move": [
                6,
                13
            ],
            "color": 2,
            "thinking_time": 0.0161
        },
        {
            "turn": 9,
            "player_id": 1,
            "move": [
                2,
                10
            ],
            "color": 1,
            "thinking_time": 1.7885,
            "search_depth": 3
        },
        {
            "turn": 10,
            "player_id": 2,
            "move": [
                7,
                13
            ],
            "color": 2,
            "thinking_time": 0.0164
        },
        {
            "turn": 11,
            "player_id": 1,
            "move": [
                1,
                9
            ],
            "color": 1,
            "thinking_time": 0.0155,
            "search_depth": 0
        }
    ]
}