{
    "game_id": "20250905_061416",
    "winner_id": 1,
    "winner_name": "Negamax AI",
    "player_setup": {
        "p1_name": "Negamax AI",
        "p2_name": "Gomocup AI"
    },
    "final_colors": {
        "1": 1,
        "2": 2
    },
    "rules": {
        "banned_moves_enabled": false,
        "swap2_enabled": false
    },
    "move_history": [
        {
            "turn": 1,
            "player_id": 1,
            "move": [
                7,
                7
            ],
            "color": 1,
            "thinking_time": 0.0217,
            "search_depth": 0
        },
        {
            "turn": 2,
            "player_id": 2,
            "move": [
                14,
                8
            ],
            "color": 2,
            "thinking_time": 0.0153
        },
        {
            "turn": 3,
            "player_id": 1,
            "move": [
                8,
                6
            ],
            "color": 1,
            "thinking_time": 29.3195,
            "search_depth": 4
        },
        {
            "turn": 4,
            "player_id": 2,
            "move": [
                14,
                12
            ],
            "color": 2,
            "thinking_time": 0.0174
        },
        {
            "turn": 5,
            "player_id": 1,
            "move": [
                12,
                7
            ],
            "color": 1,
            "thinking_time": 29.3146,
            "search_depth": 4
        },
        {
            "turn": 6,
            "player_id": 2,
            "move": [
                14,
                13
            ],
            "color": 2,
            "thinking_time": 0.016
        },
        {
            "turn": 7,
            "player_id": 1,
            "move": [
                14,
                11
            ],
            "color": 1,
            "thinking_time": 29.3228,
            "search_depth": 4
        },
        {
            "turn": 8,
            "player_id": 2,
            "move": [
                12,
                2
            ],
            "color": 2,
            "thinking_time": 0.0164
        },
        {
            "turn": 9,
            "player_id": 1,
            "move": [
                6,
                6
            ],
            "color": 1,
            "thinking_time": 29.3243,
            "search_depth": 3
        },
        {
            "turn": 10,
            "player_id": 2,
            "move": [
                10,
                0
            ],
            "color": 2,
            "thinking_time": 0.0164
        },
        {
            "turn": 11,
            "player_id": 1,
            "move": [
                7,
                5
            ],
            "color": 1,
            "thinking_time": 29.3169,
            "search_depth": 4
        },
        {
            "turn": 12,
            "player_id": 2,
            "move": [
                14,
                4
            ],
            "color": 2,
            "thinking_time": 0.015
        },
        {
            "turn": 13,
            "player_id": 1,
            "move": [
                7,
                6
            ],
            "color": 1,
            "thinking_time": 0.0255,
            "search_depth": 0
        },
        {
            "turn": 14,
            "player_id": 2,
            "move": [
                13,
                9
            ],
            "color": 2,
            "thinking_time": 0.0168
        },
        {
            "turn": 15,
            "player_id": 1,
            "move": [
                7,
                8
            ],
            "color": 1,
            "thinking_time": 0.032,
            "search_depth": 0
        },
        {
            "turn": 16,
            "player_id": 2,
            "move": [
                13,
                8
            ],
            "color": 2,
            "thinking_time": 0.0175
        },
        {
            "turn": 17,
            "player_id": 1,
            "move": [
                7,
                9
            ],
            "color": 1,
            "thinking_time": 0.015,
            "search_depth": 0
        }
    ]
}