{
    "game_id": "20250905_053728",
    "winner_id": 1,
    "winner_name": "Negamax AI",
    "player_setup": {
        "p1_name": "Negamax AI",
        "p2_name": "Gomocup AI"
    },
    "final_colors": {
        "1": 1,
        "2": 2
    },
    "rules": {
        "banned_moves_enabled": false,
        "swap2_enabled": false
    },
    "move_history": [
        {
            "turn": 1,
            "player_id": 1,
            "move": [
                7,
                7
            ],
            "color": 1,
            "thinking_time": 0.0155,
            "search_depth": 0
        },
        {
            "turn": 2,
            "player_id": 2,
            "move": [
                6,
                1
            ],
            "color": 2,
            "thinking_time": 0.0156
        },
        {
            "turn": 3,
            "player_id": 1,
            "move": [
                4,
                0
            ],
            "color": 1,
            "thinking_time": 29.3194,
            "search_depth": 4
        },
        {
            "turn": 4,
            "player_id": 2,
            "move": [
                8,
                1
            ],
            "color": 2,
            "thinking_time": 0.017
        },
        {
            "turn": 5,
            "player_id": 1,
            "move": [
                7,
                1
            ],
            "color": 1,
            "thinking_time": 29.3132,
            "search_depth": 4
        },
        {
            "turn": 6,
            "player_id": 2,
            "move": [
                3,
                1
            ],
            "color": 2,
            "thinking_time": 0.017
        },
        {
            "turn": 7,
            "player_id": 1,
            "move": [
                7,
                2
            ],
            "color": 1,
            "thinking_time": 29.3169,
            "search_depth": 4
        },
        {
            "turn": 8,
            "player_id": 2,
            "move": [
                9,
                1
            ],
            "color": 2,
            "thinking_time": 0.0162
        },
        {
            "turn": 9,
            "player_id": 1,
            "move": [
                5,
                2
            ],
            "color": 1,
            "thinking_time": 29.3149,
            "search_depth": 3
        },
        {
            "turn": 10,
            "player_id": 2,
            "move": [
                2,
                1
            ],
            "color": 2,
            "thinking_time": 0.0164
        },
        {
            "turn": 11,
            "player_id": 1,
            "move": [
                4,
                1
            ],
            "color": 1,
            "thinking_time": 0.0245,
            "search_depth": 0
        },
        {
            "turn": 12,
            "player_id": 2,
            "move": [
                1,
                1
            ],
            "color": 2,
            "thinking_time": 0.016
        },
        {
            "turn": 13,
            "player_id": 1,
            "move": [
                7,
                4
            ],
            "color": 1,
            "thinking_time": 0.0269,
            "search_depth": 0
        },
        {
            "turn": 14,
            "player_id": 2,
            "move": [
                10,
                1
            ],
            "color": 2,
            "thinking_time": 0.016
        },
        {
            "turn": 15,
            "player_id": 1,
            "move": [
                6,
                3
            ],
            "color": 1,
            "thinking_time": 0.0411,
            "search_depth": 0
        },
        {
            "turn": 16,
            "player_id": 2,
            "move": [
                11,
                1
            ],
            "color": 2,
            "thinking_time": 0.0164
        },
        {
            "turn": 17,
            "player_id": 1,
            "move": [
                3,
                0
            ],
            "color": 1,
            "thinking_time": 0.0162,
            "search_depth": 0
        }
    ]
}