{
    "game_id": "20250905_055722",
    "winner_id": 1,
    "winner_name": "Negamax AI",
    "player_setup": {
        "p1_name": "Negamax AI",
        "p2_name": "Gomocup AI"
    },
    "final_colors": {
        "1": 1,
        "2": 2
    },
    "rules": {
        "banned_moves_enabled": false,
        "swap2_enabled": false
    },
    "move_history": [
        {
            "turn": 1,
            "player_id": 1,
            "move": [
                7,
                7
            ],
            "color": 1,
            "thinking_time": 0.0205,
            "search_depth": 0
        },
        {
            "turn": 2,
            "player_id": 2,
            "move": [
                1,
                12
            ],
            "color": 2,
            "thinking_time": 0.0152
        },
        {
            "turn": 3,
            "player_id": 1,
            "move": [
                3,
                10
            ],
            "color": 1,
            "thinking_time": 29.3205,
            "search_depth": 4
        },
        {
            "turn": 4,
            "player_id": 2,
            "move": [
                8,
                11
            ],
            "color": 2,
            "thinking_time": 0.0167
        },
        {
            "turn": 5,
            "player_id": 1,
            "move": [
                3,
                12
            ],
            "color": 1,
            "thinking_time": 29.3239,
            "search_depth": 4
        },
        {
            "turn": 6,
            "player_id": 2,
            "move": [
                9,
                11
            ],
            "color": 2,
            "thinking_time": 0.0163
        },
        {
            "turn": 7,
            "player_id": 1,
            "move": [
                7,
                11
            ],
            "color": 1,
            "thinking_time": 29.3248,
            "search_depth": 3
        },
        {
            "turn": 8,
            "player_id": 2,
            "move": [
                10,
                11
            ],
            "color": 2,
            "thinking_time": 0.016
        },
        {
            "turn": 9,
            "player_id": 1,
            "move": [
                7,
                9
            ],
            "color": 1,
            "thinking_time": 29.3253,
            "search_depth": 4
        },
        {
            "turn": 10,
            "player_id": 2,
            "move": [
                12,
                11
            ],
            "color": 2,
            "thinking_time": 0.0166
        },
        {
            "turn": 11,
            "player_id": 1,
            "move": [
                11,
                11
            ],
            "color": 1,
            "thinking_time": 0.0172,
            "search_depth": 0
        },
        {
            "turn": 12,
            "player_id": 2,
            "move": [
                13,
                11
            ],
            "color": 2,
            "thinking_time": 0.016
        },
        {
            "turn": 13,
            "player_id": 1,
            "move": [
                7,
                8
            ],
            "color": 1,
            "thinking_time": 0.0288,
            "search_depth": 0
        },
        {
            "turn": 14,
            "player_id": 2,
            "move": [
                10,
                9
            ],
            "color": 2,
            "thinking_time": 0.016
        },
        {
            "turn": 15,
            "player_id": 1,
            "move": [
                7,
                10
            ],
            "color": 1,
            "thinking_time": 0.0155,
            "search_depth": 0
        }
    ]
}