{
    "game_id": "20250905_054654",
    "winner_id": 1,
    "winner_name": "Negamax AI",
    "player_setup": {
        "p1_name": "Negamax AI",
        "p2_name": "Gomocup AI"
    },
    "final_colors": {
        "1": 1,
        "2": 2
    },
    "rules": {
        "banned_moves_enabled": false,
        "swap2_enabled": false
    },
    "move_history": [
        {
            "turn": 1,
            "player_id": 1,
            "move": [
                7,
                7
            ],
            "color": 1,
            "thinking_time": 0.019,
            "search_depth": 0
        },
        {
            "turn": 2,
            "player_id": 2,
            "move": [
                0,
                12
            ],
            "color": 2,
            "thinking_time": 0.016
        },
        {
            "turn": 3,
            "player_id": 1,
            "move": [
                0,
                11
            ],
            "color": 1,
            "thinking_time": 29.3152,
            "search_depth": 4
        },
        {
            "turn": 4,
            "player_id": 2,
            "move": [
                0,
                13
            ],
            "color": 2,
            "thinking_time": 0.0163
        },
        {
            "turn": 5,
            "player_id": 1,
            "move": [
                1,
                9
            ],
            "color": 1,
            "thinking_time": 29.3163,
            "search_depth": 4
        },
        {
            "turn": 6,
            "player_id": 2,
            "move": [
                0,
                4
            ],
            "color": 2,
            "thinking_time": 0.0172
        },
        {
            "turn": 7,
            "player_id": 1,
            "move": [
                5,
                7
            ],
            "color": 1,
            "thinking_time": 29.3212,
            "search_depth": 4
        },
        {
            "turn": 8,
            "player_id": 2,
            "move": [
                0,
                3
            ],
            "color": 2,
            "thinking_time": 0.016
        },
        {
            "turn": 9,
            "player_id": 1,
            "move": [
                0,
                1
            ],
            "color": 1,
            "thinking_time": 29.3207,
            "search_depth": 4
        },
        {
            "turn": 10,
            "player_id": 2,
            "move": [
                0,
                2
            ],
            "color": 2,
            "thinking_time": 0.017
        },
        {
            "turn": 11,
            "player_id": 1,
            "move": [
                0,
                6
            ],
            "color": 1,
            "thinking_time": 29.3199,
            "search_depth": 5
        },
        {
            "turn": 12,
            "player_id": 2,
            "move": [
                1,
                6
            ],
            "color": 2,
            "thinking_time": 0.0173
        },
        {
            "turn": 13,
            "player_id": 1,
            "move": [
                3,
                7
            ],
            "color": 1,
            "thinking_time": 29.3198,
            "search_depth": 4
        },
        {
            "turn": 14,
            "player_id": 2,
            "move": [
                4,
                6
            ],
            "color": 2,
            "thinking_time": 0.016
        },
        {
            "turn": 15,
            "player_id": 1,
            "move": [
                4,
                7
            ],
            "color": 1,
            "thinking_time": 0.0308,
            "search_depth": 0
        },
        {
            "turn": 16,
            "player_id": 2,
            "move": [
                4,
                3
            ],
            "color": 2,
            "thinking_time": 0.0171
        },
        {
            "turn": 17,
            "player_id": 1,
            "move": [
                6,
                7
            ],
            "color": 1,
            "thinking_time": 0.0157,
            "search_depth": 0
        }
    ]
}