{
    "game_id": "20250905_060121",
    "winner_id": 1,
    "winner_name": "Negamax AI",
    "player_setup": {
        "p1_name": "Negamax AI",
        "p2_name": "Gomocup AI"
    },
    "final_colors": {
        "1": 1,
        "2": 2
    },
    "rules": {
        "banned_moves_enabled": false,
        "swap2_enabled": false
    },
    "move_history": [
        {
            "turn": 1,
            "player_id": 1,
            "move": [
                7,
                7
            ],
            "color": 1,
            "thinking_time": 0.019,
            "search_depth": 0
        },
        {
            "turn": 2,
            "player_id": 2,
            "move": [
                10,
                14
            ],
            "color": 2,
            "thinking_time": 0.0145
        },
        {
            "turn": 3,
            "player_id": 1,
            "move": [
                5,
                7
            ],
            "color": 1,
            "thinking_time": 29.3153,
            "search_depth": 4
        },
        {
            "turn": 4,
            "player_id": 2,
            "move": [
                8,
                14
            ],
            "color": 2,
            "thinking_time": 0.017
        },
        {
            "turn": 5,
            "player_id": 1,
            "move": [
                9,
                14
            ],
            "color": 1,
            "thinking_time": 29.3227,
            "search_depth": 5
        },
        {
            "turn": 6,
            "player_id": 2,
            "move": [
                6,
                14
            ],
            "color": 2,
            "thinking_time": 0.0171
        },
        {
            "turn": 7,
            "player_id": 1,
            "move": [
                6,
                6
            ],
            "color": 1,
            "thinking_time": 29.3141,
            "search_depth": 4
        },
        {
            "turn": 8,
            "player_id": 2,
            "move": [
                11,
                14
            ],
            "color": 2,
            "thinking_time": 0.0175
        },
        {
            "turn": 9,
            "player_id": 1,
            "move": [
                7,
                8
            ],
            "color": 1,
            "thinking_time": 29.3162,
            "search_depth": 4
        },
        {
            "turn": 10,
            "player_id": 2,
            "move": [
                12,
                14
            ],
            "color": 2,
            "thinking_time": 0.0171
        },
        {
            "turn": 11,
            "player_id": 1,
            "move": [
                7,
                5
            ],
            "color": 1,
            "thinking_time": 0.0312,
            "search_depth": 0
        },
        {
            "turn": 12,
            "player_id": 2,
            "move": [
                4,
                14
            ],
            "color": 2,
            "thinking_time": 0.0159
        },
        {
            "turn": 13,
            "player_id": 1,
            "move": [
                5,
                14
            ],
            "color": 1,
            "thinking_time": 0.0368,
            "search_depth": 0
        },
        {
            "turn": 14,
            "player_id": 2,
            "move": [
                3,
                14
            ],
            "color": 2,
            "thinking_time": 0.0164
        },
        {
            "turn": 15,
            "player_id": 1,
            "move": [
                7,
                6
            ],
            "color": 1,
            "thinking_time": 0.0312,
            "search_depth": 0
        },
        {
            "turn": 16,
            "player_id": 2,
            "move": [
                7,
                10
            ],
            "color": 2,
            "thinking_time": 0.0177
        },
        {
            "turn": 17,
            "player_id": 1,
            "move": [
                7,
                9
            ],
            "color": 1,
            "thinking_time": 0.0131,
            "search_depth": 0
        }
    ]
}