{
    "game_id": "20250905_091519",
    "winner_id": 1,
    "winner_name": "Negamax AI",
    "player_setup": {
        "p1_name": "Negamax AI",
        "p2_name": "Gomocup AI"
    },
    "final_colors": {
        "1": 1,
        "2": 2
    },
    "rules": {
        "banned_moves_enabled": false,
        "swap2_enabled": false
    },
    "move_history": [
        {
            "turn": 1,
            "player_id": 1,
            "move": [
                7,
                7
            ],
            "color": 1,
            "thinking_time": 0.021,
            "search_depth": 0
        },
        {
            "turn": 2,
            "player_id": 2,
            "move": [
                5,
                14
            ],
            "color": 2,
            "thinking_time": 0.0156
        },
        {
            "turn": 3,
            "player_id": 1,
            "move": [
                6,
                14
            ],
            "color": 1,
            "thinking_time": 29.3185,
            "search_depth": 5
        },
        {
            "turn": 4,
            "player_id": 2,
            "move": [
                4,
                3
            ],
            "color": 2,
            "thinking_time": 0.016
        },
        {
            "turn": 5,
            "player_id": 1,
            "move": [
                8,
                14
            ],
            "color": 1,
            "thinking_time": 29.3209,
            "search_depth": 4
        },
        {
            "turn": 6,
            "player_id": 2,
            "move": [
                5,
                2
            ],
            "color": 2,
            "thinking_time": 0.0163
        },
        {
            "turn": 7,
            "player_id": 1,
            "move": [
                9,
                14
            ],
            "color": 1,
            "thinking_time": 29.3224,
            "search_depth": 4
        },
        {
            "turn": 8,
            "player_id": 2,
            "move": [
                8,
                5
            ],
            "color": 2,
            "thinking_time": 0.0167
        },
        {
            "turn": 9,
            "player_id": 1,
            "move": [
                10,
                14
            ],
            "color": 1,
            "thinking_time": 0.048,
            "search_depth": 0
        },
        {
            "turn": 10,
            "player_id": 2,
            "move": [
                9,
                6
            ],
            "color": 2,
            "thinking_time": 0.016
        },
        {
            "turn": 11,
            "player_id": 1,
            "move": [
                7,
                14
            ],
            "color": 1,
            "thinking_time": 0.0169,
            "search_depth": 0
        }
    ]
}