{
    "game_id": "20250905_091349",
    "winner_id": 1,
    "winner_name": "Negamax AI",
    "player_setup": {
        "p1_name": "Negamax AI",
        "p2_name": "Gomocup AI"
    },
    "final_colors": {
        "1": 1,
        "2": 2
    },
    "rules": {
        "banned_moves_enabled": false,
        "swap2_enabled": false
    },
    "move_history": [
        {
            "turn": 1,
            "player_id": 1,
            "move": [
                7,
                7
            ],
            "color": 1,
            "thinking_time": 0.019,
            "search_depth": 0
        },
        {
            "turn": 2,
            "player_id": 2,
            "move": [
                0,
                12
            ],
            "color": 2,
            "thinking_time": 0.0152
        },
        {
            "turn": 3,
            "player_id": 1,
            "move": [
                0,
                11
            ],
            "color": 1,
            "thinking_time": 29.321,
            "search_depth": 4
        },
        {
            "turn": 4,
            "player_id": 2,
            "move": [
                0,
                7
            ],
            "color": 2,
            "thinking_time": 0.0167
        },
        {
            "turn": 5,
            "player_id": 1,
            "move": [
                0,
                8
            ],
            "color": 1,
            "thinking_time": 29.3158,
            "search_depth": 4
        },
        {
            "turn": 6,
            "player_id": 2,
            "move": [
                0,
                6
            ],
            "color": 2,
            "thinking_time": 0.0166
        },
        {
            "turn": 7,
            "player_id": 1,
            "move": [
                5,
                7
            ],
            "color": 1,
            "thinking_time": 29.3155,
            "search_depth": 4
        },
        {
            "turn": 8,
            "player_id": 2,
            "move": [
                0,
                5
            ],
            "color": 2,
            "thinking_time": 0.0167
        },
        {
            "turn": 9,
            "player_id": 1,
            "move": [
                6,
                8
            ],
            "color": 1,
            "thinking_time": 29.3215,
            "search_depth": 4
        },
        {
            "turn": 10,
            "player_id": 2,
            "move": [
                0,
                13
            ],
            "color": 2,
            "thinking_time": 0.0172
        },
        {
            "turn": 11,
            "player_id": 1,
            "move": [
                8,
                8
            ],
            "color": 1,
            "thinking_time": 29.3177,
            "search_depth": 4
        },
        {
            "turn": 12,
            "player_id": 2,
            "move": [
                0,
                4
            ],
            "color": 2,
            "thinking_time": 0.0165
        },
        {
            "turn": 13,
            "player_id": 1,
            "move": [
                0,
                3
            ],
            "color": 1,
            "thinking_time": 0.0156,
            "search_depth": 0
        },
        {
            "turn": 14,
            "player_id": 2,
            "move": [
                0,
                14
            ],
            "color": 2,
            "thinking_time": 0.0164
        },
        {
            "turn": 15,
            "player_id": 1,
            "move": [
                4,
                8
            ],
            "color": 1,
            "thinking_time": 29.3214,
            "search_depth": 4
        },
        {
            "turn": 16,
            "player_id": 2,
            "move": [
                3,
                12
            ],
            "color": 2,
            "thinking_time": 0.0176
        },
        {
            "turn": 17,
            "player_id": 1,
            "move": [
                5,
                8
            ],
            "color": 1,
            "thinking_time": 0.0321,
            "search_depth": 0
        },
        {
            "turn": 18,
            "player_id": 2,
            "move": [
                4,
                13
            ],
            "color": 2,
            "thinking_time": 0.0175
        },
        {
            "turn": 19,
            "player_id": 1,
            "move": [
                7,
                8
            ],
            "color": 1,
            "thinking_time": 0.0154,
            "search_depth": 0
        }
    ]
}