{
    "game_id": "20250905_060422",
    "winner_id": 1,
    "winner_name": "Negamax AI",
    "player_setup": {
        "p1_name": "Negamax AI",
        "p2_name": "Gomocup AI"
    },
    "final_colors": {
        "1": 1,
        "2": 2
    },
    "rules": {
        "banned_moves_enabled": false,
        "swap2_enabled": false
    },
    "move_history": [
        {
            "turn": 1,
            "player_id": 1,
            "move": [
                7,
                7
            ],
            "color": 1,
            "thinking_time": 0.0171,
            "search_depth": 0
        },
        {
            "turn": 2,
            "player_id": 2,
            "move": [
                2,
                14
            ],
            "color": 2,
            "thinking_time": 0.0155
        },
        {
            "turn": 3,
            "player_id": 1,
            "move": [
                4,
                12
            ],
            "color": 1,
            "thinking_time": 29.3165,
            "search_depth": 4
        },
        {
            "turn": 4,
            "player_id": 2,
            "move": [
                14,
                11
            ],
            "color": 2,
            "thinking_time": 0.016
        },
        {
            "turn": 5,
            "player_id": 1,
            "move": [
                9,
                5
            ],
            "color": 1,
            "thinking_time": 29.3255,
            "search_depth": 4
        },
        {
            "turn": 6,
            "player_id": 2,
            "move": [
                9,
                4
            ],
            "color": 2,
            "thinking_time": 0.0163
        },
        {
            "turn": 7,
            "player_id": 1,
            "move": [
                10,
                4
            ],
            "color": 1,
            "thinking_time": 29.3271,
            "search_depth": 4
        },
        {
            "turn": 8,
            "player_id": 2,
            "move": [
                10,
                3
            ],
            "color": 2,
            "thinking_time": 0.0166
        },
        {
            "turn": 9,
            "player_id": 1,
            "move": [
                8,
                6
            ],
            "color": 1,
            "thinking_time": 0.0417,
            "search_depth": 0
        },
        {
            "turn": 10,
            "player_id": 2,
            "move": [
                11,
                2
            ],
            "color": 2,
            "thinking_time": 0.0167
        },
        {
            "turn": 11,
            "player_id": 1,
            "move": [
                6,
                8
            ],
            "color": 1,
            "thinking_time": 0.0162,
            "search_depth": 0
        }
    ]
}