{
    "game_id": "20250905_093414",
    "winner_id": 1,
    "winner_name": "Negamax AI",
    "player_setup": {
        "p1_name": "Negamax AI",
        "p2_name": "Gomocup AI"
    },
    "final_colors": {
        "1": 1,
        "2": 2
    },
    "rules": {
        "banned_moves_enabled": false,
        "swap2_enabled": false
    },
    "move_history": [
        {
            "turn": 1,
            "player_id": 1,
            "move": [
                7,
                7
            ],
            "color": 1,
            "thinking_time": 0.019,
            "search_depth": 0
        },
        {
            "turn": 2,
            "player_id": 2,
            "move": [
                7,
                11
            ],
            "color": 2,
            "thinking_time": 0.0158
        },
        {
            "turn": 3,
            "player_id": 1,
            "move": [
                9,
                8
            ],
            "color": 1,
            "thinking_time": 29.314,
            "search_depth": 4
        },
        {
            "turn": 4,
            "player_id": 2,
            "move": [
                12,
                14
            ],
            "color": 2,
            "thinking_time": 0.0166
        },
        {
            "turn": 5,
            "player_id": 1,
            "move": [
                7,
                10
            ],
            "color": 1,
            "thinking_time": 29.3146,
            "search_depth": 4
        },
        {
            "turn": 6,
            "player_id": 2,
            "move": [
                14,
                14
            ],
            "color": 2,
            "thinking_time": 0.0175
        },
        {
            "turn": 7,
            "player_id": 1,
            "move": [
                7,
                9
            ],
            "color": 1,
            "thinking_time": 29.3192,
            "search_depth": 4
        },
        {
            "turn": 8,
            "player_id": 2,
            "move": [
                14,
                12
            ],
            "color": 2,
            "thinking_time": 0.0167
        },
        {
            "turn": 9,
            "player_id": 1,
            "move": [
                9,
                5
            ],
            "color": 1,
            "thinking_time": 29.3214,
            "search_depth": 5
        },
        {
            "turn": 10,
            "player_id": 2,
            "move": [
                8,
                3
            ],
            "color": 2,
            "thinking_time": 0.017
        },
        {
            "turn": 11,
            "player_id": 1,
            "move": [
                6,
                8
            ],
            "color": 1,
            "thinking_time": 29.3148,
            "search_depth": 4
        },
        {
            "turn": 12,
            "player_id": 2,
            "move": [
                7,
                3
            ],
            "color": 2,
            "thinking_time": 0.0167
        },
        {
            "turn": 13,
            "player_id": 1,
            "move": [
                8,
                6
            ],
            "color": 1,
            "thinking_time": 0.0365,
            "search_depth": 0
        },
        {
            "turn": 14,
            "player_id": 2,
            "move": [
                5,
                3
            ],
            "color": 2,
            "thinking_time": 0.0157
        },
        {
            "turn": 15,
            "player_id": 1,
            "move": [
                5,
                9
            ],
            "color": 1,
            "thinking_time": 0.0162,
            "search_depth": 0
        }
    ]
}