{
    "game_id": "20250905_092346",
    "winner_id": 1,
    "winner_name": "Negamax AI",
    "player_setup": {
        "p1_name": "Negamax AI",
        "p2_name": "Gomocup AI"
    },
    "final_colors": {
        "1": 1,
        "2": 2
    },
    "rules": {
        "banned_moves_enabled": false,
        "swap2_enabled": false
    },
    "move_history": [
        {
            "turn": 1,
            "player_id": 1,
            "move": [
                7,
                7
            ],
            "color": 1,
            "thinking_time": 0.0192,
            "search_depth": 0
        },
        {
            "turn": 2,
            "player_id": 2,
            "move": [
                12,
                3
            ],
            "color": 2,
            "thinking_time": 0.0153
        },
        {
            "turn": 3,
            "player_id": 1,
            "move": [
                14,
                4
            ],
            "color": 1,
            "thinking_time": 29.3154,
            "search_depth": 4
        },
        {
            "turn": 4,
            "player_id": 2,
            "move": [
                13,
                2
            ],
            "color": 2,
            "thinking_time": 0.0171
        },
        {
            "turn": 5,
            "player_id": 1,
            "move": [
                11,
                4
            ],
            "color": 1,
            "thinking_time": 29.3224,
            "search_depth": 4
        },
        {
            "turn": 6,
            "player_id": 2,
            "move": [
                14,
                1
            ],
            "color": 2,
            "thinking_time": 0.0157
        },
        {
            "turn": 7,
            "player_id": 1,
            "move": [
                10,
                3
            ],
            "color": 1,
            "thinking_time": 29.3212,
            "search_depth": 3
        },
        {
            "turn": 8,
            "player_id": 2,
            "move": [
                12,
                10
            ],
            "color": 2,
            "thinking_time": 0.0173
        },
        {
            "turn": 9,
            "player_id": 1,
            "move": [
                9,
                5
            ],
            "color": 1,
            "thinking_time": 29.321,
            "search_depth": 3
        },
        {
            "turn": 10,
            "player_id": 2,
            "move": [
                10,
                10
            ],
            "color": 2,
            "thinking_time": 0.0185
        },
        {
            "turn": 11,
            "player_id": 1,
            "move": [
                11,
                3
            ],
            "color": 1,
            "thinking_time": 29.3151,
            "search_depth": 4
        },
        {
            "turn": 12,
            "player_id": 2,
            "move": [
                9,
                10
            ],
            "color": 2,
            "thinking_time": 0.0176
        },
        {
            "turn": 13,
            "player_id": 1,
            "move": [
                11,
                10
            ],
            "color": 1,
            "thinking_time": 0.0355,
            "search_depth": 0
        },
        {
            "turn": 14,
            "player_id": 2,
            "move": [
                7,
                10
            ],
            "color": 2,
            "thinking_time": 0.0171
        },
        {
            "turn": 15,
            "player_id": 1,
            "move": [
                8,
                6
            ],
            "color": 1,
            "thinking_time": 0.0297,
            "search_depth": 0
        },
        {
            "turn": 16,
            "player_id": 2,
            "move": [
                10,
                4
            ],
            "color": 2,
            "thinking_time": 0.016
        },
        {
            "turn": 17,
            "player_id": 1,
            "move": [
                9,
                7
            ],
            "color": 1,
            "thinking_time": 29.3183,
            "search_depth": 4
        },
        {
            "turn": 18,
            "player_id": 2,
            "move": [
                9,
                4
            ],
            "color": 2,
            "thinking_time": 0.0171
        },
        {
            "turn": 19,
            "player_id": 1,
            "move": [
                10,
                6
            ],
            "color": 1,
            "thinking_time": 29.3269,
            "search_depth": 4
        },
        {
            "turn": 20,
            "player_id": 2,
            "move": [
                13,
                4
            ],
            "color": 2,
            "thinking_time": 0.017
        },
        {
            "turn": 21,
            "player_id": 1,
            "move": [
                11,
                5
            ],
            "color": 1,
            "thinking_time": 0.0771,
            "search_depth": 0
        },
        {
            "turn": 22,
            "player_id": 2,
            "move": [
                8,
                4
            ],
            "color": 2,
            "thinking_time": 0.0178
        },
        {
            "turn": 23,
            "player_id": 1,
            "move": [
                11,
                6
            ],
            "color": 1,
            "thinking_time": 0.1062,
            "search_depth": 0
        },
        {
            "turn": 24,
            "player_id": 2,
            "move": [
                6,
                4
            ],
            "color": 2,
            "thinking_time": 0.0169
        },
        {
            "turn": 25,
            "player_id": 1,
            "move": [
                11,
                7
            ],
            "color": 1,
            "thinking_time": 0.0146,
            "search_depth": 0
        }
    ]
}