{
    "game_id": "20250905_061147",
    "winner_id": 1,
    "winner_name": "Negamax AI",
    "player_setup": {
        "p1_name": "Negamax AI",
        "p2_name": "Gomocup AI"
    },
    "final_colors": {
        "1": 1,
        "2": 2
    },
    "rules": {
        "banned_moves_enabled": false,
        "swap2_enabled": false
    },
    "move_history": [
        {
            "turn": 1,
            "player_id": 1,
            "move": [
                7,
                7
            ],
            "color": 1,
            "thinking_time": 0.0209,
            "search_depth": 0
        },
        {
            "turn": 2,
            "player_id": 2,
            "move": [
                9,
                2
            ],
            "color": 2,
            "thinking_time": 0.0144
        },
        {
            "turn": 3,
            "player_id": 1,
            "move": [
                8,
                0
            ],
            "color": 1,
            "thinking_time": 29.3176,
            "search_depth": 4
        },
        {
            "turn": 4,
            "player_id": 2,
            "move": [
                13,
                6
            ],
            "color": 2,
            "thinking_time": 0.0165
        },
        {
            "turn": 5,
            "player_id": 1,
            "move": [
                12,
                7
            ],
            "color": 1,
            "thinking_time": 29.3246,
            "search_depth": 4
        },
        {
            "turn": 6,
            "player_id": 2,
            "move": [
                14,
                7
            ],
            "color": 2,
            "thinking_time": 0.0169
        },
        {
            "turn": 7,
            "player_id": 1,
            "move": [
                12,
                6
            ],
            "color": 1,
            "thinking_time": 29.3231,
            "search_depth": 4
        },
        {
            "turn": 8,
            "player_id": 2,
            "move": [
                11,
                0
            ],
            "color": 2,
            "thinking_time": 0.0169
        },
        {
            "turn": 9,
            "player_id": 1,
            "move": [
                13,
                5
            ],
            "color": 1,
            "thinking_time": 29.3185,
            "search_depth": 4
        },
        {
            "turn": 10,
            "player_id": 2,
            "move": [
                12,
                8
            ],
            "color": 2,
            "thinking_time": 0.0164
        },
        {
            "turn": 11,
            "player_id": 1,
            "move": [
                12,
                4
            ],
            "color": 1,
            "thinking_time": 29.3204,
            "search_depth": 4
        },
        {
            "turn": 12,
            "player_id": 2,
            "move": [
                2,
                12
            ],
            "color": 2,
            "thinking_time": 0.0169
        },
        {
            "turn": 13,
            "player_id": 1,
            "move": [
                9,
                1
            ],
            "color": 1,
            "thinking_time": 29.3185,
            "search_depth": 4
        },
        {
            "turn": 14,
            "player_id": 2,
            "move": [
                2,
                10
            ],
            "color": 2,
            "thinking_time": 0.0159
        },
        {
            "turn": 15,
            "player_id": 1,
            "move": [
                11,
                3
            ],
            "color": 1,
            "thinking_time": 0.0493,
            "search_depth": 0
        },
        {
            "turn": 16,
            "player_id": 2,
            "move": [
                14,
                10
            ],
            "color": 2,
            "thinking_time": 0.016
        },
        {
            "turn": 17,
            "player_id": 1,
            "move": [
                10,
                2
            ],
            "color": 1,
            "thinking_time": 0.016,
            "search_depth": 0
        }
    ]
}