{
    "game_id": "20250905_054924",
    "winner_id": 1,
    "winner_name": "Negamax AI",
    "player_setup": {
        "p1_name": "Negamax AI",
        "p2_name": "Gomocup AI"
    },
    "final_colors": {
        "1": 1,
        "2": 2
    },
    "rules": {
        "banned_moves_enabled": false,
        "swap2_enabled": false
    },
    "move_history": [
        {
            "turn": 1,
            "player_id": 1,
            "move": [
                7,
                7
            ],
            "color": 1,
            "thinking_time": 0.0176,
            "search_depth": 0
        },
        {
            "turn": 2,
            "player_id": 2,
            "move": [
                2,
                5
            ],
            "color": 2,
            "thinking_time": 0.0155
        },
        {
            "turn": 3,
            "player_id": 1,
            "move": [
                4,
                3
            ],
            "color": 1,
            "thinking_time": 29.3197,
            "search_depth": 4
        },
        {
            "turn": 4,
            "player_id": 2,
            "move": [
                1,
                5
            ],
            "color": 2,
            "thinking_time": 0.0171
        },
        {
            "turn": 5,
            "player_id": 1,
            "move": [
                0,
                5
            ],
            "color": 1,
            "thinking_time": 29.3219,
            "search_depth": 4
        },
        {
            "turn": 6,
            "player_id": 2,
            "move": [
                1,
                4
            ],
            "color": 2,
            "thinking_time": 0.0173
        },
        {
            "turn": 7,
            "player_id": 1,
            "move": [
                0,
                3
            ],
            "color": 1,
            "thinking_time": 29.3207,
            "search_depth": 4
        },
        {
            "turn": 8,
            "player_id": 2,
            "move": [
                2,
                4
            ],
            "color": 2,
            "thinking_time": 0.0161
        },
        {
            "turn": 9,
            "player_id": 1,
            "move": [
                2,
                3
            ],
            "color": 1,
            "thinking_time": 29.3181,
            "search_depth": 4
        },
        {
            "turn": 10,
            "player_id": 2,
            "move": [
                1,
                3
            ],
            "color": 2,
            "thinking_time": 0.0173
        },
        {
            "turn": 11,
            "player_id": 1,
            "move": [
                1,
                2
            ],
            "color": 1,
            "thinking_time": 0.0334,
            "search_depth": 0
        },
        {
            "turn": 12,
            "player_id": 2,
            "move": [
                4,
                9
            ],
            "color": 2,
            "thinking_time": 0.0164
        },
        {
            "turn": 13,
            "player_id": 1,
            "move": [
                3,
                4
            ],
            "color": 1,
            "thinking_time": 29.3162,
            "search_depth": 3
        },
        {
            "turn": 14,
            "player_id": 2,
            "move": [
                5,
                10
            ],
            "color": 2,
            "thinking_time": 0.0173
        },
        {
            "turn": 15,
            "player_id": 1,
            "move": [
                4,
                5
            ],
            "color": 1,
            "thinking_time": 0.5109,
            "search_depth": 0
        },
        {
            "turn": 16,
            "player_id": 2,
            "move": [
                2,
                2
            ],
            "color": 2,
            "thinking_time": 0.015
        },
        {
            "turn": 17,
            "player_id": 1,
            "move": [
                5,
                6
            ],
            "color": 1,
            "thinking_time": 0.014,
            "search_depth": 0
        }
    ]
}