{
    "game_id": "20250905_111454",
    "winner_id": 1,
    "winner_name": "Negamax AI",
    "player_setup": {
        "p1_name": "Negamax AI",
        "p2_name": "Gomocup AI"
    },
    "final_colors": {
        "1": 1,
        "2": 2
    },
    "rules": {
        "banned_moves_enabled": false,
        "swap2_enabled": false
    },
    "move_history": [
        {
            "turn": 1,
            "player_id": 1,
            "move": [
                7,
                7
            ],
            "color": 1,
            "thinking_time": 0.012,
            "search_depth": 0
        },
        {
            "turn": 2,
            "player_id": 2,
            "move": [
                1,
                9
            ],
            "color": 2,
            "thinking_time": 0.015
        },
        {
            "turn": 3,
            "player_id": 1,
            "move": [
                8,
                6
            ],
            "color": 1,
            "thinking_time": 29.3269,
            "search_depth": 4
        },
        {
            "turn": 4,
            "player_id": 2,
            "move": [
                1,
                2
            ],
            "color": 2,
            "thinking_time": 0.017
        },
        {
            "turn": 5,
            "player_id": 1,
            "move": [
                10,
                6
            ],
            "color": 1,
            "thinking_time": 29.3169,
            "search_depth": 4
        },
        {
            "turn": 6,
            "player_id": 2,
            "move": [
                1,
                1
            ],
            "color": 2,
            "thinking_time": 0.015
        },
        {
            "turn": 7,
            "player_id": 1,
            "move": [
                1,
                3
            ],
            "color": 1,
            "thinking_time": 29.3247,
            "search_depth": 3
        },
        {
            "turn": 8,
            "player_id": 2,
            "move": [
                1,
                0
            ],
            "color": 2,
            "thinking_time": 0.0146
        },
        {
            "turn": 9,
            "player_id": 1,
            "move": [
                3,
                11
            ],
            "color": 1,
            "thinking_time": 29.3204,
            "search_depth": 3
        },
        {
            "turn": 10,
            "player_id": 2,
            "move": [
                9,
                5
            ],
            "color": 2,
            "thinking_time": 0.0169
        },
        {
            "turn": 11,
            "player_id": 1,
            "move": [
                9,
                7
            ],
            "color": 1,
            "thinking_time": 29.3132,
            "search_depth": 3
        },
        {
            "turn": 12,
            "player_id": 2,
            "move": [
                3,
                1
            ],
            "color": 2,
            "thinking_time": 0.0166
        },
        {
            "turn": 13,
            "player_id": 1,
            "move": [
                2,
                1
            ],
            "color": 1,
            "thinking_time": 29.3293,
            "search_depth": 3
        },
        {
            "turn": 14,
            "player_id": 2,
            "move": [
                4,
                0
            ],
            "color": 2,
            "thinking_time": 0.0136
        },
        {
            "turn": 15,
            "player_id": 1,
            "move": [
                9,
                6
            ],
            "color": 1,
            "thinking_time": 29.324,
            "search_depth": 4
        },
        {
            "turn": 16,
            "player_id": 2,
            "move": [
                3,
                0
            ],
            "color": 2,
            "thinking_time": 0.0167
        },
        {
            "turn": 17,
            "player_id": 1,
            "move": [
                2,
                0
            ],
            "color": 1,
            "thinking_time": 0.0307,
            "search_depth": 0
        },
        {
            "turn": 18,
            "player_id": 2,
            "move": [
                5,
                0
            ],
            "color": 2,
            "thinking_time": 0.0137
        },
        {
            "turn": 19,
            "player_id": 1,
            "move": [
                11,
                6
            ],
            "color": 1,
            "thinking_time": 0.032,
            "search_depth": 0
        },
        {
            "turn": 20,
            "player_id": 2,
            "move": [
                6,
                0
            ],
            "color": 2,
            "thinking_time": 0.0143
        },
        {
            "turn": 21,
            "player_id": 1,
            "move": [
                12,
                6
            ],
            "color": 1,
            "thinking_time": 0.0136,
            "search_depth": 0
        }
    ]
}