{
    "game_id": "20250905_094939",
    "winner_id": 1,
    "winner_name": "Negamax AI",
    "player_setup": {
        "p1_name": "Negamax AI",
        "p2_name": "Gomocup AI"
    },
    "final_colors": {
        "1": 1,
        "2": 2
    },
    "rules": {
        "banned_moves_enabled": false,
        "swap2_enabled": false
    },
    "move_history": [
        {
            "turn": 1,
            "player_id": 1,
            "move": [
                7,
                7
            ],
            "color": 1,
            "thinking_time": 0.0186,
            "search_depth": 0
        },
        {
            "turn": 2,
            "player_id": 2,
            "move": [
                14,
                0
            ],
            "color": 2,
            "thinking_time": 0.015
        },
        {
            "turn": 3,
            "player_id": 1,
            "move": [
                9,
                7
            ],
            "color": 1,
            "thinking_time": 29.3181,
            "search_depth": 4
        },
        {
            "turn": 4,
            "player_id": 2,
            "move": [
                14,
                7
            ],
            "color": 2,
            "thinking_time": 0.0164
        },
        {
            "turn": 5,
            "player_id": 1,
            "move": [
                14,
                1
            ],
            "color": 1,
            "thinking_time": 29.3203,
            "search_depth": 4
        },
        {
            "turn": 6,
            "player_id": 2,
            "move": [
                14,
                6
            ],
            "color": 2,
            "thinking_time": 0.0167
        },
        {
            "turn": 7,
            "player_id": 1,
            "move": [
                14,
                9
            ],
            "color": 1,
            "thinking_time": 29.3261,
            "search_depth": 4
        },
        {
            "turn": 8,
            "player_id": 2,
            "move": [
                6,
                11
            ],
            "color": 2,
            "thinking_time": 0.0172
        },
        {
            "turn": 9,
            "player_id": 1,
            "move": [
                10,
                6
            ],
            "color": 1,
            "thinking_time": 29.3271,
            "search_depth": 3
        },
        {
            "turn": 10,
            "player_id": 2,
            "move": [
                3,
                14
            ],
            "color": 2,
            "thinking_time": 0.0165
        },
        {
            "turn": 11,
            "player_id": 1,
            "move": [
                11,
                7
            ],
            "color": 1,
            "thinking_time": 29.3169,
            "search_depth": 4
        },
        {
            "turn": 12,
            "player_id": 2,
            "move": [
                2,
                14
            ],
            "color": 2,
            "thinking_time": 0.0163
        },
        {
            "turn": 13,
            "player_id": 1,
            "move": [
                8,
                7
            ],
            "color": 1,
            "thinking_time": 0.0417,
            "search_depth": 0
        },
        {
            "turn": 14,
            "player_id": 2,
            "move": [
                4,
                14
            ],
            "color": 2,
            "thinking_time": 0.0166
        },
        {
            "turn": 15,
            "player_id": 1,
            "move": [
                10,
                7
            ],
            "color": 1,
            "thinking_time": 0.0165,
            "search_depth": 0
        }
    ]
}