{
    "game_id": "20250905_093014",
    "winner_id": 1,
    "winner_name": "Negamax AI",
    "player_setup": {
        "p1_name": "Negamax AI",
        "p2_name": "Gomocup AI"
    },
    "final_colors": {
        "1": 1,
        "2": 2
    },
    "rules": {
        "banned_moves_enabled": false,
        "swap2_enabled": false
    },
    "move_history": [
        {
            "turn": 1,
            "player_id": 1,
            "move": [
                7,
                7
            ],
            "color": 1,
            "thinking_time": 0.0196,
            "search_depth": 0
        },
        {
            "turn": 2,
            "player_id": 2,
            "move": [
                13,
                14
            ],
            "color": 2,
            "thinking_time": 0.0149
        },
        {
            "turn": 3,
            "player_id": 1,
            "move": [
                12,
                13
            ],
            "color": 1,
            "thinking_time": 29.3149,
            "search_depth": 4
        },
        {
            "turn": 4,
            "player_id": 2,
            "move": [
                13,
                13
            ],
            "color": 2,
            "thinking_time": 0.0163
        },
        {
            "turn": 5,
            "player_id": 1,
            "move": [
                11,
                12
            ],
            "color": 1,
            "thinking_time": 29.3191,
            "search_depth": 4
        },
        {
            "turn": 6,
            "player_id": 2,
            "move": [
                13,
                12
            ],
            "color": 2,
            "thinking_time": 0.0155
        },
        {
            "turn": 7,
            "player_id": 1,
            "move": [
                12,
                11
            ],
            "color": 1,
            "thinking_time": 29.3153,
            "search_depth": 5
        },
        {
            "turn": 8,
            "player_id": 2,
            "move": [
                9,
                12
            ],
            "color": 2,
            "thinking_time": 0.0168
        },
        {
            "turn": 9,
            "player_id": 1,
            "move": [
                13,
                11
            ],
            "color": 1,
            "thinking_time": 29.3139,
            "search_depth": 4
        },
        {
            "turn": 10,
            "player_id": 2,
            "move": [
                8,
                13
            ],
            "color": 2,
            "thinking_time": 0.0163
        },
        {
            "turn": 11,
            "player_id": 1,
            "move": [
                12,
                12
            ],
            "color": 1,
            "thinking_time": 29.3167,
            "search_depth": 5
        },
        {
            "turn": 12,
            "player_id": 2,
            "move": [
                8,
                12
            ],
            "color": 2,
            "thinking_time": 0.0172
        },
        {
            "turn": 13,
            "player_id": 1,
            "move": [
                10,
                11
            ],
            "color": 1,
            "thinking_time": 0.0309,
            "search_depth": 0
        },
        {
            "turn": 14,
            "player_id": 2,
            "move": [
                14,
                13
            ],
            "color": 2,
            "thinking_time": 0.0166
        },
        {
            "turn": 15,
            "player_id": 1,
            "move": [
                11,
                11
            ],
            "color": 1,
            "thinking_time": 0.0313,
            "search_depth": 0
        },
        {
            "turn": 16,
            "player_id": 2,
            "move": [
                7,
                12
            ],
            "color": 2,
            "thinking_time": 0.0171
        },
        {
            "turn": 17,
            "player_id": 1,
            "move": [
                9,
                11
            ],
            "color": 1,
            "thinking_time": 0.0155,
            "search_depth": 0
        }
    ]
}