{
    "game_id": "20250904_180225",
    "winner_id": 1,
    "winner_name": "Gomocup AI",
    "player_setup": {
        "p1_name": "Gomocup AI",
        "p2_name": "Negamax AI"
    },
    "final_colors": {
        "1": 1,
        "2": 2
    },
    "rules": {
        "banned_moves_enabled": false,
        "swap2_enabled": false
    },
    "move_history": [
        {
            "turn": 1,
            "player_id": 1,
            "move": [
                5,
                5
            ],
            "color": 1,
            "thinking_time": 0.0509
        },
        {
            "turn": 2,
            "player_id": 2,
            "move": [
                7,
                4
            ],
            "color": 2,
            "thinking_time": 29.3211,
            "search_depth": 4
        },
        {
            "turn": 3,
            "player_id": 1,
            "move": [
                4,
                6
            ],
            "color": 1,
            "thinking_time": 0.0715
        },
        {
            "turn": 4,
            "player_id": 2,
            "move": [
                8,
                5
            ],
            "color": 2,
            "thinking_time": 29.3225,
            "search_depth": 4
        },
        {
            "turn": 5,
            "player_id": 1,
            "move": [
                3,
                7
            ],
            "color": 1,
            "thinking_time": 0.0706
        },
        {
            "turn": 6,
            "player_id": 2,
            "move": [
                6,
                4
            ],
            "color": 2,
            "thinking_time": 0.0281,
            "search_depth": 0
        },
        {
            "turn": 7,
            "player_id": 1,
            "move": [
                2,
                8
            ],
            "color": 1,
            "thinking_time": 0.0586
        },
        {
            "turn": 8,
            "player_id": 2,
            "move": [
                1,
                9
            ],
            "color": 2,
            "thinking_time": 0.015,
            "search_depth": 0
        },
        {
            "turn": 9,
            "player_id": 1,
            "move": [
                5,
                4
            ],
            "color": 1,
            "thinking_time": 0.0857
        },
        {
            "turn": 10,
            "player_id": 2,
            "move": [
                8,
                6
            ],
            "color": 2,
            "thinking_time": 29.3193,
            "search_depth": 5
        },
        {
            "turn": 11,
            "player_id": 1,
            "move": [
                5,
                6
            ],
            "color": 1,
            "thinking_time": 0.0892
        },
        {
            "turn": 12,
            "player_id": 2,
            "move": [
                5,
                3
            ],
            "color": 2,
            "thinking_time": 0.027,
            "search_depth": 0
        },
        {
            "turn": 13,
            "player_id": 1,
            "move": [
                5,
                7
            ],
            "color": 1,
            "thinking_time": 0.084
        },
        {
            "turn": 14,
            "player_id": 2,
            "move": [
                5,
                8
            ],
            "color": 2,
            "thinking_time": 0.0162,
            "search_depth": 0
        },
        {
            "turn": 15,
            "player_id": 1,
            "move": [
                7,
                5
            ],
            "color": 1,
            "thinking_time": 0.0876
        },
        {
            "turn": 16,
            "player_id": 2,
            "move": [
                6,
                7
            ],
            "color": 2,
            "thinking_time": 0.0345,
            "search_depth": 0
        },
        {
            "turn": 17,
            "player_id": 1,
            "move": [
                7,
                6
            ],
            "color": 1,
            "thinking_time": 0.0898
        },
        {
            "turn": 18,
            "player_id": 2,
            "move": [
                6,
                6
            ],
            "color": 2,
            "thinking_time": 0.035,
            "search_depth": 0
        },
        {
            "turn": 19,
            "player_id": 1,
            "move": [
                6,
                5
            ],
            "color": 1,
            "thinking_time": 0.0934
        },
        {
            "turn": 20,
            "player_id": 2,
            "move": [
                8,
                7
            ],
            "color": 2,
            "thinking_time": 0.0273,
            "search_depth": 0
        },
        {
            "turn": 21,
            "player_id": 1,
            "move": [
                4,
                5
            ],
            "color": 1,
            "thinking_time": 0.0821
        },
        {
            "turn": 22,
            "player_id": 2,
            "move": [
                3,
                5
            ],
            "color": 2,
            "thinking_time": 0.0161,
            "search_depth": 0
        },
        {
            "turn": 23,
            "player_id": 1,
            "move": [
                4,
                3
            ],
            "color": 1,
            "thinking_time": 0.0862
        },
        {
            "turn": 24,
            "player_id": 2,
            "move": [
                3,
                2
            ],
            "color": 2,
            "thinking_time": 0.016,
            "search_depth": 0
        },
        {
            "turn": 25,
            "player_id": 1,
            "move": [
                4,
                4
            ],
            "color": 1,
            "thinking_time": 0.0985
        },
        {
            "turn": 26,
            "player_id": 2,
            "move": [
                4,
                2
            ],
            "color": 2,
            "thinking_time": 0.0164,
            "search_depth": 0
        },
        {
            "turn": 27,
            "player_id": 1,
            "move": [
                4,
                7
            ],
            "color": 1,
            "thinking_time": 0.0761
        }
    ]
}