{
    "game_id": "20250904_163910",
    "winner_id": 2,
    "winner_name": "Negamax AI",
    "player_setup": {
        "p1_name": "Gomocup AI",
        "p2_name": "Negamax AI"
    },
    "final_colors": {
        "1": 1,
        "2": 2
    },
    "rules": {
        "banned_moves_enabled": false,
        "swap2_enabled": false
    },
    "move_history": [
        {
            "turn": 1,
            "player_id": 1,
            "move": [
                5,
                5
            ],
            "color": 1,
            "thinking_time": 0.0599
        },
        {
            "turn": 2,
            "player_id": 2,
            "move": [
                5,
                4
            ],
            "color": 2,
            "thinking_time": 29.3226,
            "search_depth": 4
        },
        {
            "turn": 3,
            "player_id": 1,
            "move": [
                4,
                6
            ],
            "color": 1,
            "thinking_time": 0.0704
        },
        {
            "turn": 4,
            "player_id": 2,
            "move": [
                7,
                3
            ],
            "color": 2,
            "thinking_time": 29.3133,
            "search_depth": 4
        },
        {
            "turn": 5,
            "player_id": 1,
            "move": [
                3,
                7
            ],
            "color": 1,
            "thinking_time": 0.0631
        },
        {
            "turn": 6,
            "player_id": 2,
            "move": [
                2,
                8
            ],
            "color": 2,
            "thinking_time": 0.0269,
            "search_depth": 0
        },
        {
            "turn": 7,
            "player_id": 1,
            "move": [
                2,
                7
            ],
            "color": 1,
            "thinking_time": 0.0867
        },
        {
            "turn": 8,
            "player_id": 2,
            "move": [
                1,
                7
            ],
            "color": 2,
            "thinking_time": 29.3234,
            "search_depth": 4
        },
        {
            "turn": 9,
            "player_id": 1,
            "move": [
                4,
                7
            ],
            "color": 1,
            "thinking_time": 0.0829
        },
        {
            "turn": 10,
            "player_id": 2,
            "move": [
                3,
                9
            ],
            "color": 2,
            "thinking_time": 29.3209,
            "search_depth": 4
        },
        {
            "turn": 11,
            "player_id": 1,
            "move": [
                5,
                7
            ],
            "color": 1,
            "thinking_time": 0.075
        },
        {
            "turn": 12,
            "player_id": 2,
            "move": [
                6,
                7
            ],
            "color": 2,
            "thinking_time": 0.0164,
            "search_depth": 0
        },
        {
            "turn": 13,
            "player_id": 1,
            "move": [
                4,
                10
            ],
            "color": 1,
            "thinking_time": 0.0746
        },
        {
            "turn": 14,
            "player_id": 2,
            "move": [
                4,
                8
            ],
            "color": 2,
            "thinking_time": 0.027,
            "search_depth": 0
        },
        {
            "turn": 15,
            "player_id": 1,
            "move": [
                6,
                8
            ],
            "color": 1,
            "thinking_time": 0.089
        },
        {
            "turn": 16,
            "player_id": 2,
            "move": [
                3,
                5
            ],
            "color": 2,
            "thinking_time": 0.0294,
            "search_depth": 0
        },
        {
            "turn": 17,
            "player_id": 1,
            "move": [
                7,
                9
            ],
            "color": 1,
            "thinking_time": 0.0735
        },
        {
            "turn": 18,
            "player_id": 2,
            "move": [
                8,
                10
            ],
            "color": 2,
            "thinking_time": 0.0171,
            "search_depth": 0
        },
        {
            "turn": 19,
            "player_id": 1,
            "move": [
                5,
                9
            ],
            "color": 1,
            "thinking_time": 0.105
        },
        {
            "turn": 20,
            "player_id": 2,
            "move": [
                7,
                7
            ],
            "color": 2,
            "thinking_time": 0.0401,
            "search_depth": 0
        },
        {
            "turn": 21,
            "player_id": 1,
            "move": [
                3,
                11
            ],
            "color": 1,
            "thinking_time": 0.0802
        },
        {
            "turn": 22,
            "player_id": 2,
            "move": [
                2,
                12
            ],
            "color": 2,
            "thinking_time": 0.016,
            "search_depth": 0
        },
        {
            "turn": 23,
            "player_id": 1,
            "move": [
                5,
                6
            ],
            "color": 1,
            "thinking_time": 0.0954
        },
        {
            "turn": 24,
            "player_id": 2,
            "move": [
                5,
                8
            ],
            "color": 2,
            "thinking_time": 0.0166,
            "search_depth": 0
        },
        {
            "turn": 25,
            "player_id": 1,
            "move": [
                3,
                8
            ],
            "color": 1,
            "thinking_time": 0.1022
        },
        {
            "turn": 26,
            "player_id": 2,
            "move": [
                6,
                5
            ],
            "color": 2,
            "thinking_time": 0.0337,
            "search_depth": 0
        },
        {
            "turn": 27,
            "player_id": 1,
            "move": [
                2,
                9
            ],
            "color": 1,
            "thinking_time": 0.0891
        },
        {
            "turn": 28,
            "player_id": 2,
            "move": [
                1,
                10
            ],
            "color": 2,
            "thinking_time": 0.0171,
            "search_depth": 0
        },
        {
            "turn": 29,
            "player_id": 1,
            "move": [
                6,
                9
            ],
            "color": 1,
            "thinking_time": 0.1183
        },
        {
            "turn": 30,
            "player_id": 2,
            "move": [
                8,
                9
            ],
            "color": 2,
            "thinking_time": 0.0393,
            "search_depth": 0
        },
        {
            "turn": 31,
            "player_id": 1,
            "move": [
                6,
                10
            ],
            "color": 1,
            "thinking_time": 0.1328
        },
        {
            "turn": 32,
            "player_id": 2,
            "move": [
                7,
                6
            ],
            "color": 2,
            "thinking_time": 0.0384,
            "search_depth": 0
        },
        {
            "turn": 33,
            "player_id": 1,
            "move": [
                6,
                11
            ],
            "color": 1,
            "thinking_time": 0.1102
        },
        {
            "turn": 34,
            "player_id": 2,
            "move": [
                6,
                12
            ],
            "color": 2,
            "thinking_time": 0.0176,
            "search_depth": 0
        },
        {
            "turn": 35,
            "player_id": 1,
            "move": [
                4,
                9
            ],
            "color": 1,
            "thinking_time": 0.1059
        },
        {
            "turn": 36,
            "player_id": 2,
            "move": [
                5,
                10
            ],
            "color": 2,
            "thinking_time": 0.0169,
            "search_depth": 0
        },
        {
            "turn": 37,
            "player_id": 1,
            "move": [
                1,
                6
            ],
            "color": 1,
            "thinking_time": 0.1113
        },
        {
            "turn": 38,
            "player_id": 2,
            "move": [
                0,
                5
            ],
            "color": 2,
            "thinking_time": 0.018,
            "search_depth": 0
        },
        {
            "turn": 39,
            "player_id": 1,
            "move": [
                3,
                6
            ],
            "color": 1,
            "thinking_time": 0.1121
        },
        {
            "turn": 40,
            "player_id": 2,
            "move": [
                2,
                6
            ],
            "color": 2,
            "thinking_time": 0.0185,
            "search_depth": 0
        },
        {
            "turn": 41,
            "player_id": 1,
            "move": [
                4,
                4
            ],
            "color": 1,
            "thinking_time": 0.135
        },
        {
            "turn": 42,
            "player_id": 2,
            "move": [
                5,
                11
            ],
            "color": 2,
            "thinking_time": 0.0357,
            "search_depth": 0
        },
        {
            "turn": 43,
            "player_id": 1,
            "move": [
                4,
                5
            ],
            "color": 1,
            "thinking_time": 0.1214
        },
        {
            "turn": 44,
            "player_id": 2,
            "move": [
                4,
                3
            ],
            "color": 2,
            "thinking_time": 0.0182,
            "search_depth": 0
        },
        {
            "turn": 45,
            "player_id": 1,
            "move": [
                8,
                7
            ],
            "color": 1,
            "thinking_time": 0.1214
        },
        {
            "turn": 46,
            "player_id": 2,
            "move": [
                3,
                2
            ],
            "color": 2,
            "thinking_time": 0.017,
            "search_depth": 0
        }
    ]
}