{
    "game_id": "20250904_164917",
    "winner_id": 2,
    "winner_name": "Negamax AI",
    "player_setup": {
        "p1_name": "Gomocup AI",
        "p2_name": "Negamax AI"
    },
    "final_colors": {
        "1": 1,
        "2": 2
    },
    "rules": {
        "banned_moves_enabled": false,
        "swap2_enabled": false
    },
    "move_history": [
        {
            "turn": 1,
            "player_id": 1,
            "move": [
                5,
                5
            ],
            "color": 1,
            "thinking_time": 0.0488
        },
        {
            "turn": 2,
            "player_id": 2,
            "move": [
                6,
                5
            ],
            "color": 2,
            "thinking_time": 29.3172,
            "search_depth": 4
        },
        {
            "turn": 3,
            "player_id": 1,
            "move": [
                4,
                6
            ],
            "color": 1,
            "thinking_time": 0.0738
        },
        {
            "turn": 4,
            "player_id": 2,
            "move": [
                6,
                6
            ],
            "color": 2,
            "thinking_time": 29.3175,
            "search_depth": 4
        },
        {
            "turn": 5,
            "player_id": 1,
            "move": [
                3,
                7
            ],
            "color": 1,
            "thinking_time": 0.0703
        },
        {
            "turn": 6,
            "player_id": 2,
            "move": [
                6,
                4
            ],
            "color": 2,
            "thinking_time": 0.0259,
            "search_depth": 0
        },
        {
            "turn": 7,
            "player_id": 1,
            "move": [
                2,
                8
            ],
            "color": 1,
            "thinking_time": 0.0584
        },
        {
            "turn": 8,
            "player_id": 2,
            "move": [
                1,
                9
            ],
            "color": 2,
            "thinking_time": 0.0162,
            "search_depth": 0
        },
        {
            "turn": 9,
            "player_id": 1,
            "move": [
                6,
                7
            ],
            "color": 1,
            "thinking_time": 0.0666
        },
        {
            "turn": 10,
            "player_id": 2,
            "move": [
                8,
                4
            ],
            "color": 2,
            "thinking_time": 29.3208,
            "search_depth": 4
        },
        {
            "turn": 11,
            "player_id": 1,
            "move": [
                6,
                3
            ],
            "color": 1,
            "thinking_time": 0.0767
        },
        {
            "turn": 12,
            "player_id": 2,
            "move": [
                8,
                6
            ],
            "color": 2,
            "thinking_time": 29.3204,
            "search_depth": 5
        },
        {
            "turn": 13,
            "player_id": 1,
            "move": [
                2,
                7
            ],
            "color": 1,
            "thinking_time": 0.0935
        },
        {
            "turn": 14,
            "player_id": 2,
            "move": [
                4,
                7
            ],
            "color": 2,
            "thinking_time": 0.0262,
            "search_depth": 0
        },
        {
            "turn": 15,
            "player_id": 1,
            "move": [
                2,
                9
            ],
            "color": 1,
            "thinking_time": 0.0881
        },
        {
            "turn": 16,
            "player_id": 2,
            "move": [
                2,
                6
            ],
            "color": 2,
            "thinking_time": 0.0347,
            "search_depth": 0
        },
        {
            "turn": 17,
            "player_id": 1,
            "move": [
                2,
                10
            ],
            "color": 1,
            "thinking_time": 0.0752
        },
        {
            "turn": 18,
            "player_id": 2,
            "move": [
                2,
                11
            ],
            "color": 2,
            "thinking_time": 0.0166,
            "search_depth": 0
        },
        {
            "turn": 19,
            "player_id": 1,
            "move": [
                3,
                6
            ],
            "color": 1,
            "thinking_time": 0.0968
        },
        {
            "turn": 20,
            "player_id": 2,
            "move": [
                3,
                8
            ],
            "color": 2,
            "thinking_time": 0.0275,
            "search_depth": 0
        },
        {
            "turn": 21,
            "player_id": 1,
            "move": [
                4,
                5
            ],
            "color": 1,
            "thinking_time": 0.091
        },
        {
            "turn": 22,
            "player_id": 2,
            "move": [
                5,
                4
            ],
            "color": 2,
            "thinking_time": 0.018,
            "search_depth": 0
        },
        {
            "turn": 23,
            "player_id": 1,
            "move": [
                1,
                8
            ],
            "color": 1,
            "thinking_time": 0.0925
        },
        {
            "turn": 24,
            "player_id": 2,
            "move": [
                0,
                9
            ],
            "color": 2,
            "thinking_time": 0.0164,
            "search_depth": 0
        },
        {
            "turn": 25,
            "player_id": 1,
            "move": [
                5,
                6
            ],
            "color": 1,
            "thinking_time": 0.1018
        },
        {
            "turn": 26,
            "player_id": 2,
            "move": [
                3,
                4
            ],
            "color": 2,
            "thinking_time": 0.0306,
            "search_depth": 0
        },
        {
            "turn": 27,
            "player_id": 1,
            "move": [
                7,
                8
            ],
            "color": 1,
            "thinking_time": 0.0917
        },
        {
            "turn": 28,
            "player_id": 2,
            "move": [
                8,
                9
            ],
            "color": 2,
            "thinking_time": 0.0178,
            "search_depth": 0
        },
        {
            "turn": 29,
            "player_id": 1,
            "move": [
                4,
                4
            ],
            "color": 1,
            "thinking_time": 0.1232
        },
        {
            "turn": 30,
            "player_id": 2,
            "move": [
                7,
                5
            ],
            "color": 2,
            "thinking_time": 0.0501,
            "search_depth": 0
        },
        {
            "turn": 31,
            "player_id": 1,
            "move": [
                4,
                3
            ],
            "color": 1,
            "thinking_time": 0.1113
        },
        {
            "turn": 32,
            "player_id": 2,
            "move": [
                4,
                2
            ],
            "color": 2,
            "thinking_time": 0.0179,
            "search_depth": 0
        },
        {
            "turn": 33,
            "player_id": 1,
            "move": [
                5,
                3
            ],
            "color": 1,
            "thinking_time": 0.1034
        },
        {
            "turn": 34,
            "player_id": 2,
            "move": [
                3,
                3
            ],
            "color": 2,
            "thinking_time": 0.0337,
            "search_depth": 0
        },
        {
            "turn": 35,
            "player_id": 1,
            "move": [
                7,
                3
            ],
            "color": 1,
            "thinking_time": 0.1171
        },
        {
            "turn": 36,
            "player_id": 2,
            "move": [
                8,
                3
            ],
            "color": 2,
            "thinking_time": 0.0177,
            "search_depth": 0
        },
        {
            "turn": 37,
            "player_id": 1,
            "move": [
                9,
                3
            ],
            "color": 1,
            "thinking_time": 0.1175
        },
        {
            "turn": 38,
            "player_id": 2,
            "move": [
                8,
                5
            ],
            "color": 2,
            "thinking_time": 0.0979,
            "search_depth": 0
        },
        {
            "turn": 39,
            "player_id": 1,
            "move": [
                8,
                7
            ],
            "color": 1,
            "thinking_time": 0.1036
        },
        {
            "turn": 40,
            "player_id": 2,
            "move": [
                8,
                2
            ],
            "color": 2,
            "thinking_time": 0.0175,
            "search_depth": 0
        }
    ]
}