{
    "game_id": "20250904_155925",
    "winner_id": 2,
    "winner_name": "Negamax AI",
    "player_setup": {
        "p1_name": "Gomocup AI",
        "p2_name": "Negamax AI"
    },
    "final_colors": {
        "1": 1,
        "2": 2
    },
    "rules": {
        "banned_moves_enabled": false,
        "swap2_enabled": false
    },
    "move_history": [
        {
            "turn": 1,
            "player_id": 1,
            "move": [
                5,
                5
            ],
            "color": 1,
            "thinking_time": 0.052
        },
        {
            "turn": 2,
            "player_id": 2,
            "move": [
                4,
                6
            ],
            "color": 2,
            "thinking_time": 29.318,
            "search_depth": 4
        },
        {
            "turn": 3,
            "player_id": 1,
            "move": [
                4,
                5
            ],
            "color": 1,
            "thinking_time": 0.061
        },
        {
            "turn": 4,
            "player_id": 2,
            "move": [
                3,
                5
            ],
            "color": 2,
            "thinking_time": 29.3175,
            "search_depth": 4
        },
        {
            "turn": 5,
            "player_id": 1,
            "move": [
                6,
                5
            ],
            "color": 1,
            "thinking_time": 0.0711
        },
        {
            "turn": 6,
            "player_id": 2,
            "move": [
                8,
                5
            ],
            "color": 2,
            "thinking_time": 29.3185,
            "search_depth": 5
        },
        {
            "turn": 7,
            "player_id": 1,
            "move": [
                5,
                7
            ],
            "color": 1,
            "thinking_time": 0.071
        },
        {
            "turn": 8,
            "player_id": 2,
            "move": [
                3,
                6
            ],
            "color": 2,
            "thinking_time": 29.3161,
            "search_depth": 5
        },
        {
            "turn": 9,
            "player_id": 1,
            "move": [
                5,
                6
            ],
            "color": 1,
            "thinking_time": 0.081
        },
        {
            "turn": 10,
            "player_id": 2,
            "move": [
                5,
                8
            ],
            "color": 2,
            "thinking_time": 0.0312,
            "search_depth": 0
        },
        {
            "turn": 11,
            "player_id": 1,
            "move": [
                5,
                4
            ],
            "color": 1,
            "thinking_time": 0.0691
        },
        {
            "turn": 12,
            "player_id": 2,
            "move": [
                5,
                3
            ],
            "color": 2,
            "thinking_time": 0.0161,
            "search_depth": 0
        },
        {
            "turn": 13,
            "player_id": 1,
            "move": [
                4,
                7
            ],
            "color": 1,
            "thinking_time": 0.0933
        },
        {
            "turn": 14,
            "player_id": 2,
            "move": [
                7,
                4
            ],
            "color": 2,
            "thinking_time": 0.036,
            "search_depth": 0
        },
        {
            "turn": 15,
            "player_id": 1,
            "move": [
                3,
                8
            ],
            "color": 1,
            "thinking_time": 0.07
        },
        {
            "turn": 16,
            "player_id": 2,
            "move": [
                2,
                9
            ],
            "color": 2,
            "thinking_time": 0.014,
            "search_depth": 0
        },
        {
            "turn": 17,
            "player_id": 1,
            "move": [
                3,
                7
            ],
            "color": 1,
            "thinking_time": 0.1149
        },
        {
            "turn": 18,
            "player_id": 2,
            "move": [
                6,
                7
            ],
            "color": 2,
            "thinking_time": 0.029,
            "search_depth": 0
        },
        {
            "turn": 19,
            "player_id": 1,
            "move": [
                2,
                7
            ],
            "color": 1,
            "thinking_time": 0.077
        },
        {
            "turn": 20,
            "player_id": 2,
            "move": [
                1,
                7
            ],
            "color": 2,
            "thinking_time": 0.008,
            "search_depth": 0
        },
        {
            "turn": 21,
            "player_id": 1,
            "move": [
                7,
                6
            ],
            "color": 1,
            "thinking_time": 0.1052
        },
        {
            "turn": 22,
            "player_id": 2,
            "move": [
                4,
                3
            ],
            "color": 2,
            "thinking_time": 0.0243,
            "search_depth": 0
        },
        {
            "turn": 23,
            "player_id": 1,
            "move": [
                8,
                7
            ],
            "color": 1,
            "thinking_time": 0.0905
        },
        {
            "turn": 24,
            "player_id": 2,
            "move": [
                9,
                8
            ],
            "color": 2,
            "thinking_time": 0.0167,
            "search_depth": 0
        },
        {
            "turn": 25,
            "player_id": 1,
            "move": [
                2,
                6
            ],
            "color": 1,
            "thinking_time": 0.1137
        },
        {
            "turn": 26,
            "player_id": 2,
            "move": [
                6,
                3
            ],
            "color": 2,
            "thinking_time": 0.1197,
            "search_depth": 0
        },
        {
            "turn": 27,
            "player_id": 1,
            "move": [
                7,
                3
            ],
            "color": 1,
            "thinking_time": 0.099
        },
        {
            "turn": 28,
            "player_id": 2,
            "move": [
                5,
                2
            ],
            "color": 2,
            "thinking_time": 0.117,
            "search_depth": 0
        },
        {
            "turn": 29,
            "player_id": 1,
            "move": [
                9,
                6
            ],
            "color": 1,
            "thinking_time": 0.089
        },
        {
            "turn": 30,
            "player_id": 2,
            "move": [
                4,
                1
            ],
            "color": 2,
            "thinking_time": 0.0161,
            "search_depth": 0
        }
    ]
}