{
    "game_id": "20250904_172310",
    "winner_id": 2,
    "winner_name": "Negamax AI",
    "player_setup": {
        "p1_name": "Gomocup AI",
        "p2_name": "Negamax AI"
    },
    "final_colors": {
        "1": 1,
        "2": 2
    },
    "rules": {
        "banned_moves_enabled": false,
        "swap2_enabled": false
    },
    "move_history": [
        {
            "turn": 1,
            "player_id": 1,
            "move": [
                5,
                5
            ],
            "color": 1,
            "thinking_time": 0.0513
        },
        {
            "turn": 2,
            "player_id": 2,
            "move": [
                5,
                7
            ],
            "color": 2,
            "thinking_time": 29.3246,
            "search_depth": 4
        },
        {
            "turn": 3,
            "player_id": 1,
            "move": [
                4,
                6
            ],
            "color": 1,
            "thinking_time": 0.073
        },
        {
            "turn": 4,
            "player_id": 2,
            "move": [
                3,
                7
            ],
            "color": 2,
            "thinking_time": 29.3172,
            "search_depth": 4
        },
        {
            "turn": 5,
            "player_id": 1,
            "move": [
                6,
                4
            ],
            "color": 1,
            "thinking_time": 0.0744
        },
        {
            "turn": 6,
            "player_id": 2,
            "move": [
                5,
                9
            ],
            "color": 2,
            "thinking_time": 29.3223,
            "search_depth": 4
        },
        {
            "turn": 7,
            "player_id": 1,
            "move": [
                7,
                3
            ],
            "color": 1,
            "thinking_time": 0.0694
        },
        {
            "turn": 8,
            "player_id": 2,
            "move": [
                8,
                2
            ],
            "color": 2,
            "thinking_time": 0.0155,
            "search_depth": 0
        },
        {
            "turn": 9,
            "player_id": 1,
            "move": [
                4,
                7
            ],
            "color": 1,
            "thinking_time": 0.0774
        },
        {
            "turn": 10,
            "player_id": 2,
            "move": [
                3,
                6
            ],
            "color": 2,
            "thinking_time": 29.3229,
            "search_depth": 5
        },
        {
            "turn": 11,
            "player_id": 1,
            "move": [
                4,
                8
            ],
            "color": 1,
            "thinking_time": 0.079
        },
        {
            "turn": 12,
            "player_id": 2,
            "move": [
                4,
                5
            ],
            "color": 2,
            "thinking_time": 0.0277,
            "search_depth": 0
        },
        {
            "turn": 13,
            "player_id": 1,
            "move": [
                4,
                9
            ],
            "color": 1,
            "thinking_time": 0.0781
        },
        {
            "turn": 14,
            "player_id": 2,
            "move": [
                4,
                10
            ],
            "color": 2,
            "thinking_time": 0.0163,
            "search_depth": 0
        },
        {
            "turn": 15,
            "player_id": 1,
            "move": [
                3,
                11
            ],
            "color": 1,
            "thinking_time": 0.1
        },
        {
            "turn": 16,
            "player_id": 2,
            "move": [
                5,
                8
            ],
            "color": 2,
            "thinking_time": 29.3219,
            "search_depth": 4
        },
        {
            "turn": 17,
            "player_id": 1,
            "move": [
                5,
                10
            ],
            "color": 1,
            "thinking_time": 0.0901
        },
        {
            "turn": 18,
            "player_id": 2,
            "move": [
                6,
                8
            ],
            "color": 2,
            "thinking_time": 29.314,
            "search_depth": 4
        },
        {
            "turn": 19,
            "player_id": 1,
            "move": [
                7,
                7
            ],
            "color": 1,
            "thinking_time": 0.0994
        },
        {
            "turn": 20,
            "player_id": 2,
            "move": [
                5,
                4
            ],
            "color": 2,
            "thinking_time": 29.3264,
            "search_depth": 4
        },
        {
            "turn": 21,
            "player_id": 1,
            "move": [
                6,
                3
            ],
            "color": 1,
            "thinking_time": 0.0946
        },
        {
            "turn": 22,
            "player_id": 2,
            "move": [
                6,
                6
            ],
            "color": 2,
            "thinking_time": 0.0286,
            "search_depth": 0
        },
        {
            "turn": 23,
            "player_id": 1,
            "move": [
                2,
                7
            ],
            "color": 1,
            "thinking_time": 0.1082
        },
        {
            "turn": 24,
            "player_id": 2,
            "move": [
                3,
                8
            ],
            "color": 2,
            "thinking_time": 0.0285,
            "search_depth": 0
        },
        {
            "turn": 25,
            "player_id": 1,
            "move": [
                3,
                9
            ],
            "color": 1,
            "thinking_time": 0.1142
        },
        {
            "turn": 26,
            "player_id": 2,
            "move": [
                6,
                5
            ],
            "color": 2,
            "thinking_time": 29.3152,
            "search_depth": 4
        },
        {
            "turn": 27,
            "player_id": 1,
            "move": [
                6,
                7
            ],
            "color": 1,
            "thinking_time": 0.1099
        },
        {
            "turn": 28,
            "player_id": 2,
            "move": [
                8,
                7
            ],
            "color": 2,
            "thinking_time": 29.3176,
            "search_depth": 4
        },
        {
            "turn": 29,
            "player_id": 1,
            "move": [
                3,
                5
            ],
            "color": 1,
            "thinking_time": 0.1252
        },
        {
            "turn": 30,
            "player_id": 2,
            "move": [
                7,
                6
            ],
            "color": 2,
            "thinking_time": 0.0533,
            "search_depth": 0
        },
        {
            "turn": 31,
            "player_id": 1,
            "move": [
                9,
                8
            ],
            "color": 1,
            "thinking_time": 0.099
        },
        {
            "turn": 32,
            "player_id": 2,
            "move": [
                4,
                3
            ],
            "color": 2,
            "thinking_time": 0.0164,
            "search_depth": 0
        }
    ]
}