{
    "game_id": "20250904_175921",
    "winner_id": 2,
    "winner_name": "Negamax AI",
    "player_setup": {
        "p1_name": "Gomocup AI",
        "p2_name": "Negamax AI"
    },
    "final_colors": {
        "1": 1,
        "2": 2
    },
    "rules": {
        "banned_moves_enabled": false,
        "swap2_enabled": false
    },
    "move_history": [
        {
            "turn": 1,
            "player_id": 1,
            "move": [
                5,
                5
            ],
            "color": 1,
            "thinking_time": 0.0504
        },
        {
            "turn": 2,
            "player_id": 2,
            "move": [
                3,
                7
            ],
            "color": 2,
            "thinking_time": 29.3207,
            "search_depth": 4
        },
        {
            "turn": 3,
            "player_id": 1,
            "move": [
                4,
                6
            ],
            "color": 1,
            "thinking_time": 0.0643
        },
        {
            "turn": 4,
            "player_id": 2,
            "move": [
                5,
                7
            ],
            "color": 2,
            "thinking_time": 29.3187,
            "search_depth": 4
        },
        {
            "turn": 5,
            "player_id": 1,
            "move": [
                6,
                4
            ],
            "color": 1,
            "thinking_time": 0.0657
        },
        {
            "turn": 6,
            "player_id": 2,
            "move": [
                4,
                7
            ],
            "color": 2,
            "thinking_time": 29.3146,
            "search_depth": 4
        },
        {
            "turn": 7,
            "player_id": 1,
            "move": [
                7,
                3
            ],
            "color": 1,
            "thinking_time": 0.06
        },
        {
            "turn": 8,
            "player_id": 2,
            "move": [
                8,
                2
            ],
            "color": 2,
            "thinking_time": 0.0156,
            "search_depth": 0
        },
        {
            "turn": 9,
            "player_id": 1,
            "move": [
                6,
                7
            ],
            "color": 1,
            "thinking_time": 0.0769
        },
        {
            "turn": 10,
            "player_id": 2,
            "move": [
                3,
                8
            ],
            "color": 2,
            "thinking_time": 29.3172,
            "search_depth": 4
        },
        {
            "turn": 11,
            "player_id": 1,
            "move": [
                2,
                7
            ],
            "color": 1,
            "thinking_time": 0.0855
        },
        {
            "turn": 12,
            "player_id": 2,
            "move": [
                1,
                10
            ],
            "color": 2,
            "thinking_time": 29.315,
            "search_depth": 5
        },
        {
            "turn": 13,
            "player_id": 1,
            "move": [
                2,
                9
            ],
            "color": 1,
            "thinking_time": 0.086
        },
        {
            "turn": 14,
            "player_id": 2,
            "move": [
                5,
                8
            ],
            "color": 2,
            "thinking_time": 29.3139,
            "search_depth": 5
        },
        {
            "turn": 15,
            "player_id": 1,
            "move": [
                2,
                8
            ],
            "color": 1,
            "thinking_time": 0.098
        },
        {
            "turn": 16,
            "player_id": 2,
            "move": [
                2,
                6
            ],
            "color": 2,
            "thinking_time": 0.0277,
            "search_depth": 0
        },
        {
            "turn": 17,
            "player_id": 1,
            "move": [
                2,
                10
            ],
            "color": 1,
            "thinking_time": 0.0748
        },
        {
            "turn": 18,
            "player_id": 2,
            "move": [
                2,
                11
            ],
            "color": 2,
            "thinking_time": 0.0167,
            "search_depth": 0
        },
        {
            "turn": 19,
            "player_id": 1,
            "move": [
                6,
                5
            ],
            "color": 1,
            "thinking_time": 0.1087
        },
        {
            "turn": 20,
            "player_id": 2,
            "move": [
                6,
                6
            ],
            "color": 2,
            "thinking_time": 0.036,
            "search_depth": 0
        },
        {
            "turn": 21,
            "player_id": 1,
            "move": [
                4,
                5
            ],
            "color": 1,
            "thinking_time": 0.1037
        },
        {
            "turn": 22,
            "player_id": 2,
            "move": [
                3,
                5
            ],
            "color": 2,
            "thinking_time": 0.0302,
            "search_depth": 0
        },
        {
            "turn": 23,
            "player_id": 1,
            "move": [
                7,
                5
            ],
            "color": 1,
            "thinking_time": 0.0865
        },
        {
            "turn": 24,
            "player_id": 2,
            "move": [
                8,
                5
            ],
            "color": 2,
            "thinking_time": 0.0157,
            "search_depth": 0
        },
        {
            "turn": 25,
            "player_id": 1,
            "move": [
                3,
                6
            ],
            "color": 1,
            "thinking_time": 0.1051
        },
        {
            "turn": 26,
            "player_id": 2,
            "move": [
                5,
                4
            ],
            "color": 2,
            "thinking_time": 0.029,
            "search_depth": 0
        },
        {
            "turn": 27,
            "player_id": 1,
            "move": [
                1,
                8
            ],
            "color": 1,
            "thinking_time": 0.0904
        },
        {
            "turn": 28,
            "player_id": 2,
            "move": [
                0,
                9
            ],
            "color": 2,
            "thinking_time": 0.0185,
            "search_depth": 0
        },
        {
            "turn": 29,
            "player_id": 1,
            "move": [
                3,
                12
            ],
            "color": 1,
            "thinking_time": 0.1107
        },
        {
            "turn": 30,
            "player_id": 2,
            "move": [
                5,
                9
            ],
            "color": 2,
            "thinking_time": 2.0308,
            "search_depth": 0
        },
        {
            "turn": 31,
            "player_id": 1,
            "move": [
                5,
                10
            ],
            "color": 1,
            "thinking_time": 0.1153
        },
        {
            "turn": 32,
            "player_id": 2,
            "move": [
                3,
                4
            ],
            "color": 2,
            "thinking_time": 0.0337,
            "search_depth": 0
        },
        {
            "turn": 33,
            "player_id": 1,
            "move": [
                4,
                8
            ],
            "color": 1,
            "thinking_time": 0.1221
        },
        {
            "turn": 34,
            "player_id": 2,
            "move": [
                4,
                11
            ],
            "color": 2,
            "thinking_time": 0.0312,
            "search_depth": 0
        },
        {
            "turn": 35,
            "player_id": 1,
            "move": [
                3,
                9
            ],
            "color": 1,
            "thinking_time": 0.1289
        },
        {
            "turn": 36,
            "player_id": 2,
            "move": [
                6,
                9
            ],
            "color": 2,
            "thinking_time": 29.3279,
            "search_depth": 5
        },
        {
            "turn": 37,
            "player_id": 1,
            "move": [
                1,
                11
            ],
            "color": 1,
            "thinking_time": 0.1036
        },
        {
            "turn": 38,
            "player_id": 2,
            "move": [
                0,
                12
            ],
            "color": 2,
            "thinking_time": 0.0157,
            "search_depth": 0
        },
        {
            "turn": 39,
            "player_id": 1,
            "move": [
                7,
                10
            ],
            "color": 1,
            "thinking_time": 0.129
        },
        {
            "turn": 40,
            "player_id": 2,
            "move": [
                4,
                10
            ],
            "color": 2,
            "thinking_time": 0.0321,
            "search_depth": 0
        },
        {
            "turn": 41,
            "player_id": 1,
            "move": [
                6,
                10
            ],
            "color": 1,
            "thinking_time": 0.1451
        },
        {
            "turn": 42,
            "player_id": 2,
            "move": [
                8,
                3
            ],
            "color": 2,
            "thinking_time": 29.3198,
            "search_depth": 4
        },
        {
            "turn": 43,
            "player_id": 1,
            "move": [
                8,
                10
            ],
            "color": 1,
            "thinking_time": 0.1124
        },
        {
            "turn": 44,
            "player_id": 2,
            "move": [
                9,
                10
            ],
            "color": 2,
            "thinking_time": 0.0185,
            "search_depth": 0
        },
        {
            "turn": 45,
            "player_id": 1,
            "move": [
                8,
                4
            ],
            "color": 1,
            "thinking_time": 0.1597
        },
        {
            "turn": 46,
            "player_id": 2,
            "move": [
                4,
                12
            ],
            "color": 2,
            "thinking_time": 29.3206,
            "search_depth": 4
        },
        {
            "turn": 47,
            "player_id": 1,
            "move": [
                4,
                13
            ],
            "color": 1,
            "thinking_time": 0.1326
        },
        {
            "turn": 48,
            "player_id": 2,
            "move": [
                2,
                12
            ],
            "color": 2,
            "thinking_time": 29.3219,
            "search_depth": 4
        },
        {
            "turn": 49,
            "player_id": 1,
            "move": [
                3,
                11
            ],
            "color": 1,
            "thinking_time": 0.1491
        },
        {
            "turn": 50,
            "player_id": 2,
            "move": [
                5,
                3
            ],
            "color": 2,
            "thinking_time": 0.0332,
            "search_depth": 0
        },
        {
            "turn": 51,
            "player_id": 1,
            "move": [
                3,
                10
            ],
            "color": 1,
            "thinking_time": 0.1264
        },
        {
            "turn": 52,
            "player_id": 2,
            "move": [
                3,
                13
            ],
            "color": 2,
            "thinking_time": 0.0164,
            "search_depth": 0
        },
        {
            "turn": 53,
            "player_id": 1,
            "move": [
                4,
                4
            ],
            "color": 1,
            "thinking_time": 0.1601
        },
        {
            "turn": 54,
            "player_id": 2,
            "move": [
                7,
                4
            ],
            "color": 2,
            "thinking_time": 29.3181,
            "search_depth": 4
        },
        {
            "turn": 55,
            "player_id": 1,
            "move": [
                4,
                3
            ],
            "color": 1,
            "thinking_time": 0.1381
        },
        {
            "turn": 56,
            "player_id": 2,
            "move": [
                4,
                2
            ],
            "color": 2,
            "thinking_time": 0.0158,
            "search_depth": 0
        },
        {
            "turn": 57,
            "player_id": 1,
            "move": [
                3,
                14
            ],
            "color": 1,
            "thinking_time": 0.1821
        },
        {
            "turn": 58,
            "player_id": 2,
            "move": [
                0,
                11
            ],
            "color": 2,
            "thinking_time": 29.3292,
            "search_depth": 3
        },
        {
            "turn": 59,
            "player_id": 1,
            "move": [
                5,
                12
            ],
            "color": 1,
            "thinking_time": 0.1385
        },
        {
            "turn": 60,
            "player_id": 2,
            "move": [
                6,
                11
            ],
            "color": 2,
            "thinking_time": 0.0184,
            "search_depth": 0
        },
        {
            "turn": 61,
            "player_id": 1,
            "move": [
                0,
                10
            ],
            "color": 1,
            "thinking_time": 0.188
        },
        {
            "turn": 62,
            "player_id": 2,
            "move": [
                10,
                7
            ],
            "color": 2,
            "thinking_time": 29.3229,
            "search_depth": 4
        },
        {
            "turn": 63,
            "player_id": 1,
            "move": [
                9,
                6
            ],
            "color": 1,
            "thinking_time": 0.1901
        },
        {
            "turn": 64,
            "player_id": 2,
            "move": [
                9,
                8
            ],
            "color": 2,
            "thinking_time": 29.3224,
            "search_depth": 4
        },
        {
            "turn": 65,
            "player_id": 1,
            "move": [
                5,
                11
            ],
            "color": 1,
            "thinking_time": 0.205
        },
        {
            "turn": 66,
            "player_id": 2,
            "move": [
                6,
                2
            ],
            "color": 2,
            "thinking_time": 29.3226,
            "search_depth": 4
        },
        {
            "turn": 67,
            "player_id": 1,
            "move": [
                5,
                13
            ],
            "color": 1,
            "thinking_time": 0.1563
        },
        {
            "turn": 68,
            "player_id": 2,
            "move": [
                5,
                14
            ],
            "color": 2,
            "thinking_time": 0.0184,
            "search_depth": 0
        },
        {
            "turn": 69,
            "player_id": 1,
            "move": [
                5,
                2
            ],
            "color": 1,
            "thinking_time": 0.2354
        },
        {
            "turn": 70,
            "player_id": 2,
            "move": [
                10,
                9
            ],
            "color": 2,
            "thinking_time": 29.3205,
            "search_depth": 4
        },
        {
            "turn": 71,
            "player_id": 1,
            "move": [
                4,
                14
            ],
            "color": 1,
            "thinking_time": 0.2202
        },
        {
            "turn": 72,
            "player_id": 2,
            "move": [
                8,
                11
            ],
            "color": 2,
            "thinking_time": 29.3146,
            "search_depth": 4
        },
        {
            "turn": 73,
            "player_id": 1,
            "move": [
                6,
                12
            ],
            "color": 1,
            "thinking_time": 0.16
        },
        {
            "turn": 74,
            "player_id": 2,
            "move": [
                7,
                11
            ],
            "color": 2,
            "thinking_time": 0.0191,
            "search_depth": 0
        },
        {
            "turn": 75,
            "player_id": 1,
            "move": [
                11,
                8
            ],
            "color": 1,
            "thinking_time": 0.1863
        },
        {
            "turn": 76,
            "player_id": 2,
            "move": [
                9,
                11
            ],
            "color": 2,
            "thinking_time": 0.0361,
            "search_depth": 0
        },
        {
            "turn": 77,
            "player_id": 1,
            "move": [
                10,
                11
            ],
            "color": 1,
            "thinking_time": 0.1525
        },
        {
            "turn": 78,
            "player_id": 2,
            "move": [
                9,
                9
            ],
            "color": 2,
            "thinking_time": 0.0386,
            "search_depth": 0
        },
        {
            "turn": 79,
            "player_id": 1,
            "move": [
                9,
                12
            ],
            "color": 1,
            "thinking_time": 0.1603
        },
        {
            "turn": 80,
            "player_id": 2,
            "move": [
                9,
                7
            ],
            "color": 2,
            "thinking_time": 0.0185,
            "search_depth": 0
        }
    ]
}