{
    "game_id": "20250904_163128",
    "winner_id": 2,
    "winner_name": "Negamax AI",
    "player_setup": {
        "p1_name": "Gomocup AI",
        "p2_name": "Negamax AI"
    },
    "final_colors": {
        "1": 1,
        "2": 2
    },
    "rules": {
        "banned_moves_enabled": false,
        "swap2_enabled": false
    },
    "move_history": [
        {
            "turn": 1,
            "player_id": 1,
            "move": [
                5,
                5
            ],
            "color": 1,
            "thinking_time": 0.0503
        },
        {
            "turn": 2,
            "player_id": 2,
            "move": [
                7,
                3
            ],
            "color": 2,
            "thinking_time": 29.3157,
            "search_depth": 4
        },
        {
            "turn": 3,
            "player_id": 1,
            "move": [
                4,
                6
            ],
            "color": 1,
            "thinking_time": 0.0728
        },
        {
            "turn": 4,
            "player_id": 2,
            "move": [
                9,
                5
            ],
            "color": 2,
            "thinking_time": 29.3143,
            "search_depth": 4
        },
        {
            "turn": 5,
            "player_id": 1,
            "move": [
                3,
                7
            ],
            "color": 1,
            "thinking_time": 0.0744
        },
        {
            "turn": 6,
            "player_id": 2,
            "move": [
                2,
                8
            ],
            "color": 2,
            "thinking_time": 0.0344,
            "search_depth": 0
        },
        {
            "turn": 7,
            "player_id": 1,
            "move": [
                8,
                4
            ],
            "color": 1,
            "thinking_time": 0.0735
        },
        {
            "turn": 8,
            "player_id": 2,
            "move": [
                9,
                3
            ],
            "color": 2,
            "thinking_time": 29.3135,
            "search_depth": 4
        },
        {
            "turn": 9,
            "player_id": 1,
            "move": [
                8,
                3
            ],
            "color": 1,
            "thinking_time": 0.0782
        },
        {
            "turn": 10,
            "player_id": 2,
            "move": [
                4,
                8
            ],
            "color": 2,
            "thinking_time": 29.3242,
            "search_depth": 4
        },
        {
            "turn": 11,
            "player_id": 1,
            "move": [
                8,
                5
            ],
            "color": 1,
            "thinking_time": 0.0894
        },
        {
            "turn": 12,
            "player_id": 2,
            "move": [
                8,
                2
            ],
            "color": 2,
            "thinking_time": 0.0276,
            "search_depth": 0
        },
        {
            "turn": 13,
            "player_id": 1,
            "move": [
                8,
                6
            ],
            "color": 1,
            "thinking_time": 0.0795
        },
        {
            "turn": 14,
            "player_id": 2,
            "move": [
                8,
                7
            ],
            "color": 2,
            "thinking_time": 0.016,
            "search_depth": 0
        },
        {
            "turn": 15,
            "player_id": 1,
            "move": [
                5,
                6
            ],
            "color": 1,
            "thinking_time": 0.0974
        },
        {
            "turn": 16,
            "player_id": 2,
            "move": [
                5,
                8
            ],
            "color": 2,
            "thinking_time": 0.0263,
            "search_depth": 0
        },
        {
            "turn": 17,
            "player_id": 1,
            "move": [
                6,
                6
            ],
            "color": 1,
            "thinking_time": 0.0771
        },
        {
            "turn": 18,
            "player_id": 2,
            "move": [
                7,
                6
            ],
            "color": 2,
            "thinking_time": 0.0171,
            "search_depth": 0
        },
        {
            "turn": 19,
            "player_id": 1,
            "move": [
                3,
                6
            ],
            "color": 1,
            "thinking_time": 0.0794
        },
        {
            "turn": 20,
            "player_id": 2,
            "move": [
                2,
                6
            ],
            "color": 2,
            "thinking_time": 0.0164,
            "search_depth": 0
        },
        {
            "turn": 21,
            "player_id": 1,
            "move": [
                3,
                8
            ],
            "color": 1,
            "thinking_time": 0.1045
        },
        {
            "turn": 22,
            "player_id": 2,
            "move": [
                3,
                5
            ],
            "color": 2,
            "thinking_time": 0.0391,
            "search_depth": 0
        },
        {
            "turn": 23,
            "player_id": 1,
            "move": [
                3,
                9
            ],
            "color": 1,
            "thinking_time": 0.0909
        },
        {
            "turn": 24,
            "player_id": 2,
            "move": [
                3,
                10
            ],
            "color": 2,
            "thinking_time": 0.0169,
            "search_depth": 0
        },
        {
            "turn": 25,
            "player_id": 1,
            "move": [
                4,
                9
            ],
            "color": 1,
            "thinking_time": 0.1116
        },
        {
            "turn": 26,
            "player_id": 2,
            "move": [
                2,
                9
            ],
            "color": 2,
            "thinking_time": 0.0399,
            "search_depth": 0
        },
        {
            "turn": 27,
            "player_id": 1,
            "move": [
                2,
                7
            ],
            "color": 1,
            "thinking_time": 0.1082
        },
        {
            "turn": 28,
            "player_id": 2,
            "move": [
                5,
                10
            ],
            "color": 2,
            "thinking_time": 0.03,
            "search_depth": 0
        },
        {
            "turn": 29,
            "player_id": 1,
            "move": [
                1,
                6
            ],
            "color": 1,
            "thinking_time": 0.1057
        },
        {
            "turn": 30,
            "player_id": 2,
            "move": [
                0,
                5
            ],
            "color": 2,
            "thinking_time": 0.0161,
            "search_depth": 0
        },
        {
            "turn": 31,
            "player_id": 1,
            "move": [
                1,
                8
            ],
            "color": 1,
            "thinking_time": 0.1214
        },
        {
            "turn": 32,
            "player_id": 2,
            "move": [
                4,
                5
            ],
            "color": 2,
            "thinking_time": 0.0312,
            "search_depth": 0
        },
        {
            "turn": 33,
            "player_id": 1,
            "move": [
                2,
                5
            ],
            "color": 1,
            "thinking_time": 0.1314
        },
        {
            "turn": 34,
            "player_id": 2,
            "move": [
                1,
                7
            ],
            "color": 2,
            "thinking_time": 0.0404,
            "search_depth": 0
        },
        {
            "turn": 35,
            "player_id": 1,
            "move": [
                4,
                4
            ],
            "color": 1,
            "thinking_time": 0.1122
        },
        {
            "turn": 36,
            "player_id": 2,
            "move": [
                7,
                7
            ],
            "color": 2,
            "thinking_time": 0.0316,
            "search_depth": 0
        },
        {
            "turn": 37,
            "player_id": 1,
            "move": [
                3,
                3
            ],
            "color": 1,
            "thinking_time": 0.1202
        },
        {
            "turn": 38,
            "player_id": 2,
            "move": [
                2,
                2
            ],
            "color": 2,
            "thinking_time": 0.0167,
            "search_depth": 0
        },
        {
            "turn": 39,
            "player_id": 1,
            "move": [
                7,
                5
            ],
            "color": 1,
            "thinking_time": 0.1446
        },
        {
            "turn": 40,
            "player_id": 2,
            "move": [
                5,
                3
            ],
            "color": 2,
            "thinking_time": 0.0317,
            "search_depth": 0
        },
        {
            "turn": 41,
            "player_id": 1,
            "move": [
                5,
                9
            ],
            "color": 1,
            "thinking_time": 0.1455
        },
        {
            "turn": 42,
            "player_id": 2,
            "move": [
                6,
                9
            ],
            "color": 2,
            "thinking_time": 29.3166,
            "search_depth": 4
        },
        {
            "turn": 43,
            "player_id": 1,
            "move": [
                7,
                8
            ],
            "color": 1,
            "thinking_time": 0.1462
        },
        {
            "turn": 44,
            "player_id": 2,
            "move": [
                7,
                1
            ],
            "color": 2,
            "thinking_time": 29.3222,
            "search_depth": 4
        },
        {
            "turn": 45,
            "player_id": 1,
            "move": [
                10,
                4
            ],
            "color": 1,
            "thinking_time": 0.1461
        },
        {
            "turn": 46,
            "player_id": 2,
            "move": [
                9,
                7
            ],
            "color": 2,
            "thinking_time": 0.0413,
            "search_depth": 0
        },
        {
            "turn": 47,
            "player_id": 1,
            "move": [
                10,
                7
            ],
            "color": 1,
            "thinking_time": 0.145
        },
        {
            "turn": 48,
            "player_id": 2,
            "move": [
                7,
                4
            ],
            "color": 2,
            "thinking_time": 0.0434,
            "search_depth": 0
        },
        {
            "turn": 49,
            "player_id": 1,
            "move": [
                6,
                7
            ],
            "color": 1,
            "thinking_time": 0.1697
        },
        {
            "turn": 50,
            "player_id": 2,
            "move": [
                9,
                4
            ],
            "color": 2,
            "thinking_time": 2.0299,
            "search_depth": 0
        },
        {
            "turn": 51,
            "player_id": 1,
            "move": [
                9,
                6
            ],
            "color": 1,
            "thinking_time": 0.1287
        },
        {
            "turn": 52,
            "player_id": 2,
            "move": [
                9,
                1
            ],
            "color": 2,
            "thinking_time": 2.0279,
            "search_depth": 0
        },
        {
            "turn": 53,
            "player_id": 1,
            "move": [
                9,
                2
            ],
            "color": 1,
            "thinking_time": 0.124
        },
        {
            "turn": 54,
            "player_id": 2,
            "move": [
                9,
                10
            ],
            "color": 2,
            "thinking_time": 29.3217,
            "search_depth": 4
        },
        {
            "turn": 55,
            "player_id": 1,
            "move": [
                4,
                7
            ],
            "color": 1,
            "thinking_time": 0.1358
        },
        {
            "turn": 56,
            "player_id": 2,
            "move": [
                5,
                7
            ],
            "color": 2,
            "thinking_time": 0.0185,
            "search_depth": 0
        },
        {
            "turn": 57,
            "player_id": 1,
            "move": [
                11,
                8
            ],
            "color": 1,
            "thinking_time": 0.1513
        },
        {
            "turn": 58,
            "player_id": 2,
            "move": [
                12,
                9
            ],
            "color": 2,
            "thinking_time": 0.0193,
            "search_depth": 0
        },
        {
            "turn": 59,
            "player_id": 1,
            "move": [
                1,
                4
            ],
            "color": 1,
            "thinking_time": 0.1492
        },
        {
            "turn": 60,
            "player_id": 2,
            "move": [
                0,
                3
            ],
            "color": 2,
            "thinking_time": 0.0186,
            "search_depth": 0
        },
        {
            "turn": 61,
            "player_id": 1,
            "move": [
                10,
                0
            ],
            "color": 1,
            "thinking_time": 0.1676
        },
        {
            "turn": 62,
            "player_id": 2,
            "move": [
                10,
                6
            ],
            "color": 2,
            "thinking_time": 0.0446,
            "search_depth": 0
        },
        {
            "turn": 63,
            "player_id": 1,
            "move": [
                7,
                2
            ],
            "color": 1,
            "thinking_time": 0.2215
        },
        {
            "turn": 64,
            "player_id": 2,
            "move": [
                3,
                4
            ],
            "color": 2,
            "thinking_time": 0.034,
            "search_depth": 0
        },
        {
            "turn": 65,
            "player_id": 1,
            "move": [
                8,
                8
            ],
            "color": 1,
            "thinking_time": 0.2055
        },
        {
            "turn": 66,
            "player_id": 2,
            "move": [
                9,
                8
            ],
            "color": 2,
            "thinking_time": 0.0343,
            "search_depth": 0
        },
        {
            "turn": 67,
            "player_id": 1,
            "move": [
                10,
                9
            ],
            "color": 1,
            "thinking_time": 0.1771
        },
        {
            "turn": 68,
            "player_id": 2,
            "move": [
                0,
                6
            ],
            "color": 2,
            "thinking_time": 29.3191,
            "search_depth": 4
        },
        {
            "turn": 69,
            "player_id": 1,
            "move": [
                9,
                9
            ],
            "color": 1,
            "thinking_time": 0.1969
        },
        {
            "turn": 70,
            "player_id": 2,
            "move": [
                0,
                4
            ],
            "color": 2,
            "thinking_time": 0.0869,
            "search_depth": 0
        },
        {
            "turn": 71,
            "player_id": 1,
            "move": [
                0,
                7
            ],
            "color": 1,
            "thinking_time": 0.1465
        },
        {
            "turn": 72,
            "player_id": 2,
            "move": [
                0,
                2
            ],
            "color": 2,
            "thinking_time": 0.0171,
            "search_depth": 0
        }
    ]
}