{
    "game_id": "20250904_173422",
    "winner_id": 2,
    "winner_name": "Negamax AI",
    "player_setup": {
        "p1_name": "Gomocup AI",
        "p2_name": "Negamax AI"
    },
    "final_colors": {
        "1": 1,
        "2": 2
    },
    "rules": {
        "banned_moves_enabled": false,
        "swap2_enabled": false
    },
    "move_history": [
        {
            "turn": 1,
            "player_id": 1,
            "move": [
                5,
                5
            ],
            "color": 1,
            "thinking_time": 0.0508
        },
        {
            "turn": 2,
            "player_id": 2,
            "move": [
                5,
                4
            ],
            "color": 2,
            "thinking_time": 29.3222,
            "search_depth": 4
        },
        {
            "turn": 3,
            "player_id": 1,
            "move": [
                4,
                6
            ],
            "color": 1,
            "thinking_time": 0.0633
        },
        {
            "turn": 4,
            "player_id": 2,
            "move": [
                4,
                3
            ],
            "color": 2,
            "thinking_time": 29.3198,
            "search_depth": 4
        },
        {
            "turn": 5,
            "player_id": 1,
            "move": [
                3,
                7
            ],
            "color": 1,
            "thinking_time": 0.0642
        },
        {
            "turn": 6,
            "player_id": 2,
            "move": [
                6,
                4
            ],
            "color": 2,
            "thinking_time": 0.0235,
            "search_depth": 0
        },
        {
            "turn": 7,
            "player_id": 1,
            "move": [
                2,
                8
            ],
            "color": 1,
            "thinking_time": 0.0589
        },
        {
            "turn": 8,
            "player_id": 2,
            "move": [
                1,
                9
            ],
            "color": 2,
            "thinking_time": 0.015,
            "search_depth": 0
        },
        {
            "turn": 9,
            "player_id": 1,
            "move": [
                4,
                4
            ],
            "color": 1,
            "thinking_time": 0.0793
        },
        {
            "turn": 10,
            "player_id": 2,
            "move": [
                6,
                6
            ],
            "color": 2,
            "thinking_time": 29.3209,
            "search_depth": 4
        },
        {
            "turn": 11,
            "player_id": 1,
            "move": [
                4,
                5
            ],
            "color": 1,
            "thinking_time": 0.0801
        },
        {
            "turn": 12,
            "player_id": 2,
            "move": [
                6,
                5
            ],
            "color": 2,
            "thinking_time": 0.0383,
            "search_depth": 0
        },
        {
            "turn": 13,
            "player_id": 1,
            "move": [
                4,
                7
            ],
            "color": 1,
            "thinking_time": 0.0698
        },
        {
            "turn": 14,
            "player_id": 2,
            "move": [
                4,
                8
            ],
            "color": 2,
            "thinking_time": 0.0154,
            "search_depth": 0
        },
        {
            "turn": 15,
            "player_id": 1,
            "move": [
                6,
                7
            ],
            "color": 1,
            "thinking_time": 0.0811
        },
        {
            "turn": 16,
            "player_id": 2,
            "move": [
                5,
                7
            ],
            "color": 2,
            "thinking_time": 0.0346,
            "search_depth": 0
        },
        {
            "turn": 17,
            "player_id": 1,
            "move": [
                7,
                5
            ],
            "color": 1,
            "thinking_time": 0.0823
        },
        {
            "turn": 18,
            "player_id": 2,
            "move": [
                7,
                6
            ],
            "color": 2,
            "thinking_time": 0.0349,
            "search_depth": 0
        },
        {
            "turn": 19,
            "player_id": 1,
            "move": [
                8,
                7
            ],
            "color": 1,
            "thinking_time": 0.0744
        },
        {
            "turn": 20,
            "player_id": 2,
            "move": [
                3,
                2
            ],
            "color": 2,
            "thinking_time": 0.0159,
            "search_depth": 0
        }
    ]
}