{
    "game_id": "20250904_163434",
    "winner_id": 2,
    "winner_name": "Negamax AI",
    "player_setup": {
        "p1_name": "Gomocup AI",
        "p2_name": "Negamax AI"
    },
    "final_colors": {
        "1": 1,
        "2": 2
    },
    "rules": {
        "banned_moves_enabled": false,
        "swap2_enabled": false
    },
    "move_history": [
        {
            "turn": 1,
            "player_id": 1,
            "move": [
                5,
                5
            ],
            "color": 1,
            "thinking_time": 0.0523
        },
        {
            "turn": 2,
            "player_id": 2,
            "move": [
                5,
                6
            ],
            "color": 2,
            "thinking_time": 29.3217,
            "search_depth": 4
        },
        {
            "turn": 3,
            "player_id": 1,
            "move": [
                4,
                6
            ],
            "color": 1,
            "thinking_time": 0.0727
        },
        {
            "turn": 4,
            "player_id": 2,
            "move": [
                4,
                5
            ],
            "color": 2,
            "thinking_time": 29.3199,
            "search_depth": 4
        },
        {
            "turn": 5,
            "player_id": 1,
            "move": [
                3,
                7
            ],
            "color": 1,
            "thinking_time": 0.0744
        },
        {
            "turn": 6,
            "player_id": 2,
            "move": [
                6,
                4
            ],
            "color": 2,
            "thinking_time": 0.0216,
            "search_depth": 0
        },
        {
            "turn": 7,
            "player_id": 1,
            "move": [
                2,
                8
            ],
            "color": 1,
            "thinking_time": 0.0596
        },
        {
            "turn": 8,
            "player_id": 2,
            "move": [
                1,
                9
            ],
            "color": 2,
            "thinking_time": 0.015,
            "search_depth": 0
        },
        {
            "turn": 9,
            "player_id": 1,
            "move": [
                6,
                7
            ],
            "color": 1,
            "thinking_time": 0.0783
        },
        {
            "turn": 10,
            "player_id": 2,
            "move": [
                3,
                4
            ],
            "color": 2,
            "thinking_time": 29.3221,
            "search_depth": 4
        },
        {
            "turn": 11,
            "player_id": 1,
            "move": [
                2,
                3
            ],
            "color": 1,
            "thinking_time": 0.0827
        },
        {
            "turn": 12,
            "player_id": 2,
            "move": [
                4,
                7
            ],
            "color": 2,
            "thinking_time": 29.3139,
            "search_depth": 4
        },
        {
            "turn": 13,
            "player_id": 1,
            "move": [
                3,
                8
            ],
            "color": 1,
            "thinking_time": 0.0962
        },
        {
            "turn": 14,
            "player_id": 2,
            "move": [
                6,
                3
            ],
            "color": 2,
            "thinking_time": 29.3253,
            "search_depth": 4
        },
        {
            "turn": 15,
            "player_id": 1,
            "move": [
                1,
                8
            ],
            "color": 1,
            "thinking_time": 0.0926
        },
        {
            "turn": 16,
            "player_id": 2,
            "move": [
                4,
                8
            ],
            "color": 2,
            "thinking_time": 0.0276,
            "search_depth": 0
        },
        {
            "turn": 17,
            "player_id": 1,
            "move": [
                3,
                9
            ],
            "color": 1,
            "thinking_time": 0.092
        },
        {
            "turn": 18,
            "player_id": 2,
            "move": [
                3,
                6
            ],
            "color": 2,
            "thinking_time": 0.029,
            "search_depth": 0
        },
        {
            "turn": 19,
            "player_id": 1,
            "move": [
                3,
                10
            ],
            "color": 1,
            "thinking_time": 0.0772
        },
        {
            "turn": 20,
            "player_id": 2,
            "move": [
                3,
                11
            ],
            "color": 2,
            "thinking_time": 0.0136,
            "search_depth": 0
        },
        {
            "turn": 21,
            "player_id": 1,
            "move": [
                5,
                4
            ],
            "color": 1,
            "thinking_time": 0.1112
        },
        {
            "turn": 22,
            "player_id": 2,
            "move": [
                4,
                3
            ],
            "color": 2,
            "thinking_time": 29.3161,
            "search_depth": 4
        },
        {
            "turn": 23,
            "player_id": 1,
            "move": [
                2,
                11
            ],
            "color": 1,
            "thinking_time": 0.1041
        },
        {
            "turn": 24,
            "player_id": 2,
            "move": [
                2,
                9
            ],
            "color": 2,
            "thinking_time": 0.0351,
            "search_depth": 0
        },
        {
            "turn": 25,
            "player_id": 1,
            "move": [
                4,
                9
            ],
            "color": 1,
            "thinking_time": 0.0965
        },
        {
            "turn": 26,
            "player_id": 2,
            "move": [
                5,
                8
            ],
            "color": 2,
            "thinking_time": 0.0169,
            "search_depth": 0
        },
        {
            "turn": 27,
            "player_id": 1,
            "move": [
                1,
                12
            ],
            "color": 1,
            "thinking_time": 0.0991
        },
        {
            "turn": 28,
            "player_id": 2,
            "move": [
                0,
                13
            ],
            "color": 2,
            "thinking_time": 0.0165,
            "search_depth": 0
        },
        {
            "turn": 29,
            "player_id": 1,
            "move": [
                6,
                9
            ],
            "color": 1,
            "thinking_time": 0.1043
        },
        {
            "turn": 30,
            "player_id": 2,
            "move": [
                2,
                5
            ],
            "color": 2,
            "thinking_time": 1.8473,
            "search_depth": 0
        },
        {
            "turn": 31,
            "player_id": 1,
            "move": [
                1,
                4
            ],
            "color": 1,
            "thinking_time": 0.0908
        },
        {
            "turn": 32,
            "player_id": 2,
            "move": [
                1,
                6
            ],
            "color": 2,
            "thinking_time": 2.0335,
            "search_depth": 0
        },
        {
            "turn": 33,
            "player_id": 1,
            "move": [
                0,
                7
            ],
            "color": 1,
            "thinking_time": 0.091
        },
        {
            "turn": 34,
            "player_id": 2,
            "move": [
                5,
                2
            ],
            "color": 2,
            "thinking_time": 0.0163,
            "search_depth": 0
        }
    ]
}