{
    "game_id": "20250906_234436",
    "winner_id": 1,
    "winner_name": "Negamax AI",
    "player_setup": {
        "p1_name": "Negamax AI",
        "p2_name": "Gomocup AI"
    },
    "final_colors": {
        "1": 1,
        "2": 2
    },
    "rules": {
        "banned_moves_enabled": false,
        "swap2_enabled": false
    },
    "move_history": [
        {
            "turn": 1,
            "player_id": 1,
            "move": [
                7,
                7
            ],
            "color": 1,
            "thinking_time": 0.0182,
            "search_depth": 0
        },
        {
            "turn": 2,
            "player_id": 2,
            "move": [
                6,
                6
            ],
            "color": 2,
            "thinking_time": 2.7581
        },
        {
            "turn": 3,
            "player_id": 1,
            "move": [
                4,
                8
            ],
            "color": 1,
            "thinking_time": 29.3136,
            "search_depth": 4
        },
        {
            "turn": 4,
            "player_id": 2,
            "move": [
                8,
                6
            ],
            "color": 2,
            "thinking_time": 1.1182
        },
        {
            "turn": 5,
            "player_id": 1,
            "move": [
                5,
                6
            ],
            "color": 1,
            "thinking_time": 29.3178,
            "search_depth": 4
        },
        {
            "turn": 6,
            "player_id": 2,
            "move": [
                6,
                4
            ],
            "color": 2,
            "thinking_time": 0.7587
        },
        {
            "turn": 7,
            "player_id": 1,
            "move": [
                8,
                4
            ],
            "color": 1,
            "thinking_time": 29.3215,
            "search_depth": 4
        },
        {
            "turn": 8,
            "player_id": 2,
            "move": [
                6,
                7
            ],
            "color": 2,
            "thinking_time": 0.2358
        },
        {
            "turn": 9,
            "player_id": 1,
            "move": [
                6,
                5
            ],
            "color": 1,
            "thinking_time": 0.0246,
            "search_depth": 0
        },
        {
            "turn": 10,
            "player_id": 2,
            "move": [
                7,
                5
            ],
            "color": 2,
            "thinking_time": 0.2266
        },
        {
            "turn": 11,
            "player_id": 1,
            "move": [
                9,
                7
            ],
            "color": 1,
            "thinking_time": 0.0244,
            "search_depth": 0
        },
        {
            "turn": 12,
            "player_id": 2,
            "move": [
                4,
                2
            ],
            "color": 2,
            "thinking_time": 0.1583
        },
        {
            "turn": 13,
            "player_id": 1,
            "move": [
                5,
                3
            ],
            "color": 1,
            "thinking_time": 0.0161,
            "search_depth": 0
        },
        {
            "turn": 14,
            "player_id": 2,
            "move": [
                4,
                4
            ],
            "color": 2,
            "thinking_time": 0.3624
        },
        {
            "turn": 15,
            "player_id": 1,
            "move": [
                4,
                5
            ],
            "color": 1,
            "thinking_time": 29.3231,
            "search_depth": 3
        },
        {
            "turn": 16,
            "player_id": 2,
            "move": [
                5,
                5
            ],
            "color": 2,
            "thinking_time": 0.3062
        },
        {
            "turn": 17,
            "player_id": 1,
            "move": [
                2,
                3
            ],
            "color": 1,
            "thinking_time": 29.3255,
            "search_depth": 3
        },
        {
            "turn": 18,
            "player_id": 2,
            "move": [
                3,
                3
            ],
            "color": 2,
            "thinking_time": 0.0693
        },
        {
            "turn": 19,
            "player_id": 1,
            "move": [
                2,
                2
            ],
            "color": 1,
            "thinking_time": 0.0159,
            "search_depth": 0
        },
        {
            "turn": 20,
            "player_id": 2,
            "move": [
                2,
                4
            ],
            "color": 2,
            "thinking_time": 0.0847
        },
        {
            "turn": 21,
            "player_id": 1,
            "move": [
                5,
                1
            ],
            "color": 1,
            "thinking_time": 0.0292,
            "search_depth": 0
        },
        {
            "turn": 22,
            "player_id": 2,
            "move": [
                7,
                3
            ],
            "color": 2,
            "thinking_time": 0.0424
        },
        {
            "turn": 23,
            "player_id": 1,
            "move": [
                4,
                6
            ],
            "color": 1,
            "thinking_time": 0.0311,
            "search_depth": 0
        },
        {
            "turn": 24,
            "player_id": 2,
            "move": [
                7,
                4
            ],
            "color": 2,
            "thinking_time": 0.0235
        },
        {
            "turn": 25,
            "player_id": 1,
            "move": [
                7,
                2
            ],
            "color": 1,
            "thinking_time": 0.0287,
            "search_depth": 0
        },
        {
            "turn": 26,
            "player_id": 2,
            "move": [
                3,
                4
            ],
            "color": 2,
            "thinking_time": 0.0197
        },
        {
            "turn": 27,
            "player_id": 1,
            "move": [
                5,
                4
            ],
            "color": 1,
            "thinking_time": 0.0165,
            "search_depth": 0
        },
        {
            "turn": 28,
            "player_id": 2,
            "move": [
                3,
                6
            ],
            "color": 2,
            "thinking_time": 0.0367
        },
        {
            "turn": 29,
            "player_id": 1,
            "move": [
                3,
                5
            ],
            "color": 1,
            "thinking_time": 0.0294,
            "search_depth": 0
        },
        {
            "turn": 30,
            "player_id": 2,
            "move": [
                1,
                4
            ],
            "color": 2,
            "thinking_time": 0.0199
        },
        {
            "turn": 31,
            "player_id": 1,
            "move": [
                0,
                4
            ],
            "color": 1,
            "thinking_time": 0.0177,
            "search_depth": 0
        },
        {
            "turn": 32,
            "player_id": 2,
            "move": [
                4,
                7
            ],
            "color": 2,
            "thinking_time": 0.0186
        },
        {
            "turn": 33,
            "player_id": 1,
            "move": [
                2,
                5
            ],
            "color": 1,
            "thinking_time": 0.0388,
            "search_depth": 0
        },
        {
            "turn": 34,
            "player_id": 2,
            "move": [
                1,
                5
            ],
            "color": 2,
            "thinking_time": 0.0182
        },
        {
            "turn": 35,
            "player_id": 1,
            "move": [
                0,
                6
            ],
            "color": 1,
            "thinking_time": 0.0171,
            "search_depth": 0
        },
        {
            "turn": 36,
            "player_id": 2,
            "move": [
                1,
                7
            ],
            "color": 2,
            "thinking_time": 0.0576
        },
        {
            "turn": 37,
            "player_id": 1,
            "move": [
                1,
                6
            ],
            "color": 1,
            "thinking_time": 0.0313,
            "search_depth": 0
        },
        {
            "turn": 38,
            "player_id": 2,
            "move": [
                8,
                2
            ],
            "color": 2,
            "thinking_time": 0.044
        },
        {
            "turn": 39,
            "player_id": 1,
            "move": [
                9,
                1
            ],
            "color": 1,
            "thinking_time": 0.0187,
            "search_depth": 0
        },
        {
            "turn": 40,
            "player_id": 2,
            "move": [
                2,
                7
            ],
            "color": 2,
            "thinking_time": 0.0841
        },
        {
            "turn": 41,
            "player_id": 1,
            "move": [
                3,
                7
            ],
            "color": 1,
            "thinking_time": 0.0401,
            "search_depth": 0
        },
        {
            "turn": 42,
            "player_id": 2,
            "move": [
                0,
                5
            ],
            "color": 2,
            "thinking_time": 0.1315
        },
        {
            "turn": 43,
            "player_id": 1,
            "move": [
                5,
                2
            ],
            "color": 1,
            "thinking_time": 29.3148,
            "search_depth": 4
        },
        {
            "turn": 44,
            "player_id": 2,
            "move": [
                5,
                0
            ],
            "color": 2,
            "thinking_time": 0.0153
        },
        {
            "turn": 45,
            "player_id": 1,
            "move": [
                7,
                9
            ],
            "color": 1,
            "thinking_time": 29.316,
            "search_depth": 5
        },
        {
            "turn": 46,
            "player_id": 2,
            "move": [
                4,
                0
            ],
            "color": 2,
            "thinking_time": 0.0767
        },
        {
            "turn": 47,
            "player_id": 1,
            "move": [
                6,
                10
            ],
            "color": 1,
            "thinking_time": 0.043,
            "search_depth": 0
        },
        {
            "turn": 48,
            "player_id": 2,
            "move": [
                5,
                9
            ],
            "color": 2,
            "thinking_time": 0.0165
        },
        {
            "turn": 49,
            "player_id": 1,
            "move": [
                8,
                8
            ],
            "color": 1,
            "thinking_time": 0.0466,
            "search_depth": 0
        },
        {
            "turn": 50,
            "player_id": 2,
            "move": [
                10,
                6
            ],
            "color": 2,
            "thinking_time": 0.0165
        },
        {
            "turn": 51,
            "player_id": 1,
            "move": [
                5,
                11
            ],
            "color": 1,
            "thinking_time": 0.0176,
            "search_depth": 0
        }
    ]
}