{
    "game_id": "20250907_001912",
    "winner_id": 1,
    "winner_name": "Negamax AI",
    "player_setup": {
        "p1_name": "Negamax AI",
        "p2_name": "Gomocup AI"
    },
    "final_colors": {
        "1": 1,
        "2": 2
    },
    "rules": {
        "banned_moves_enabled": false,
        "swap2_enabled": false
    },
    "move_history": [
        {
            "turn": 1,
            "player_id": 1,
            "move": [
                7,
                7
            ],
            "color": 1,
            "thinking_time": 0.0176,
            "search_depth": 0
        },
        {
            "turn": 2,
            "player_id": 2,
            "move": [
                6,
                6
            ],
            "color": 2,
            "thinking_time": 2.756
        },
        {
            "turn": 3,
            "player_id": 1,
            "move": [
                4,
                6
            ],
            "color": 1,
            "thinking_time": 29.3157,
            "search_depth": 4
        },
        {
            "turn": 4,
            "player_id": 2,
            "move": [
                8,
                6
            ],
            "color": 2,
            "thinking_time": 1.0807
        },
        {
            "turn": 5,
            "player_id": 1,
            "move": [
                8,
                4
            ],
            "color": 1,
            "thinking_time": 29.3165,
            "search_depth": 4
        },
        {
            "turn": 6,
            "player_id": 2,
            "move": [
                6,
                4
            ],
            "color": 2,
            "thinking_time": 0.5192
        },
        {
            "turn": 7,
            "player_id": 1,
            "move": [
                5,
                6
            ],
            "color": 1,
            "thinking_time": 29.3225,
            "search_depth": 4
        },
        {
            "turn": 8,
            "player_id": 2,
            "move": [
                6,
                7
            ],
            "color": 2,
            "thinking_time": 0.227
        },
        {
            "turn": 9,
            "player_id": 1,
            "move": [
                6,
                5
            ],
            "color": 1,
            "thinking_time": 0.0243,
            "search_depth": 0
        },
        {
            "turn": 10,
            "player_id": 2,
            "move": [
                7,
                5
            ],
            "color": 2,
            "thinking_time": 0.195
        },
        {
            "turn": 11,
            "player_id": 1,
            "move": [
                9,
                7
            ],
            "color": 1,
            "thinking_time": 0.0301,
            "search_depth": 0
        },
        {
            "turn": 12,
            "player_id": 2,
            "move": [
                4,
                2
            ],
            "color": 2,
            "thinking_time": 0.1355
        },
        {
            "turn": 13,
            "player_id": 1,
            "move": [
                5,
                3
            ],
            "color": 1,
            "thinking_time": 0.0157,
            "search_depth": 0
        },
        {
            "turn": 14,
            "player_id": 2,
            "move": [
                4,
                4
            ],
            "color": 2,
            "thinking_time": 0.3282
        },
        {
            "turn": 15,
            "player_id": 1,
            "move": [
                4,
                3
            ],
            "color": 1,
            "thinking_time": 29.3176,
            "search_depth": 3
        },
        {
            "turn": 16,
            "player_id": 2,
            "move": [
                3,
                3
            ],
            "color": 2,
            "thinking_time": 0.1292
        },
        {
            "turn": 17,
            "player_id": 1,
            "move": [
                5,
                4
            ],
            "color": 1,
            "thinking_time": 0.0493,
            "search_depth": 0
        },
        {
            "turn": 18,
            "player_id": 2,
            "move": [
                5,
                5
            ],
            "color": 2,
            "thinking_time": 0.0154
        },
        {
            "turn": 19,
            "player_id": 1,
            "move": [
                2,
                2
            ],
            "color": 1,
            "thinking_time": 0.0167,
            "search_depth": 0
        },
        {
            "turn": 20,
            "player_id": 2,
            "move": [
                3,
                2
            ],
            "color": 2,
            "thinking_time": 0.0509
        },
        {
            "turn": 21,
            "player_id": 1,
            "move": [
                5,
                1
            ],
            "color": 1,
            "thinking_time": 29.3239,
            "search_depth": 4
        },
        {
            "turn": 22,
            "player_id": 2,
            "move": [
                3,
                4
            ],
            "color": 2,
            "thinking_time": 0.0936
        },
        {
            "turn": 23,
            "player_id": 1,
            "move": [
                3,
                1
            ],
            "color": 1,
            "thinking_time": 0.0385,
            "search_depth": 0
        },
        {
            "turn": 24,
            "player_id": 2,
            "move": [
                3,
                6
            ],
            "color": 2,
            "thinking_time": 0.079
        },
        {
            "turn": 25,
            "player_id": 1,
            "move": [
                3,
                5
            ],
            "color": 1,
            "thinking_time": 0.0162,
            "search_depth": 0
        },
        {
            "turn": 26,
            "player_id": 2,
            "move": [
                7,
                3
            ],
            "color": 2,
            "thinking_time": 0.113
        },
        {
            "turn": 27,
            "player_id": 1,
            "move": [
                1,
                3
            ],
            "color": 1,
            "thinking_time": 29.323,
            "search_depth": 3
        },
        {
            "turn": 28,
            "player_id": 2,
            "move": [
                2,
                4
            ],
            "color": 2,
            "thinking_time": 0.0435
        },
        {
            "turn": 29,
            "player_id": 1,
            "move": [
                5,
                7
            ],
            "color": 1,
            "thinking_time": 29.3221,
            "search_depth": 5
        },
        {
            "turn": 30,
            "player_id": 2,
            "move": [
                1,
                4
            ],
            "color": 2,
            "thinking_time": 0.0217
        },
        {
            "turn": 31,
            "player_id": 1,
            "move": [
                0,
                4
            ],
            "color": 1,
            "thinking_time": 0.0174,
            "search_depth": 0
        },
        {
            "turn": 32,
            "player_id": 2,
            "move": [
                4,
                0
            ],
            "color": 2,
            "thinking_time": 0.0145
        },
        {
            "turn": 33,
            "player_id": 1,
            "move": [
                7,
                6
            ],
            "color": 1,
            "thinking_time": 29.3215,
            "search_depth": 4
        },
        {
            "turn": 34,
            "player_id": 2,
            "move": [
                8,
                7
            ],
            "color": 2,
            "thinking_time": 0.015
        },
        {
            "turn": 35,
            "player_id": 1,
            "move": [
                7,
                9
            ],
            "color": 1,
            "thinking_time": 29.3169,
            "search_depth": 4
        },
        {
            "turn": 36,
            "player_id": 2,
            "move": [
                6,
                8
            ],
            "color": 2,
            "thinking_time": 0.0157
        },
        {
            "turn": 37,
            "player_id": 1,
            "move": [
                5,
                0
            ],
            "color": 1,
            "thinking_time": 29.3266,
            "search_depth": 4
        },
        {
            "turn": 38,
            "player_id": 2,
            "move": [
                5,
                2
            ],
            "color": 2,
            "thinking_time": 0.0152
        },
        {
            "turn": 39,
            "player_id": 1,
            "move": [
                7,
                10
            ],
            "color": 1,
            "thinking_time": 29.3142,
            "search_depth": 4
        },
        {
            "turn": 40,
            "player_id": 2,
            "move": [
                7,
                8
            ],
            "color": 2,
            "thinking_time": 0.0156
        },
        {
            "turn": 41,
            "player_id": 1,
            "move": [
                8,
                8
            ],
            "color": 1,
            "thinking_time": 0.03,
            "search_depth": 0
        },
        {
            "turn": 42,
            "player_id": 2,
            "move": [
                6,
                10
            ],
            "color": 2,
            "thinking_time": 0.0472
        },
        {
            "turn": 43,
            "player_id": 1,
            "move": [
                6,
                9
            ],
            "color": 1,
            "thinking_time": 0.0173,
            "search_depth": 0
        },
        {
            "turn": 44,
            "player_id": 2,
            "move": [
                8,
                2
            ],
            "color": 2,
            "thinking_time": 0.0407
        },
        {
            "turn": 45,
            "player_id": 1,
            "move": [
                9,
                1
            ],
            "color": 1,
            "thinking_time": 0.0177,
            "search_depth": 0
        },
        {
            "turn": 46,
            "player_id": 2,
            "move": [
                7,
                2
            ],
            "color": 2,
            "thinking_time": 0.052
        },
        {
            "turn": 47,
            "player_id": 1,
            "move": [
                6,
                2
            ],
            "color": 1,
            "thinking_time": 0.0149,
            "search_depth": 0
        },
        {
            "turn": 48,
            "player_id": 2,
            "move": [
                7,
                4
            ],
            "color": 2,
            "thinking_time": 0.0506
        },
        {
            "turn": 49,
            "player_id": 1,
            "move": [
                7,
                1
            ],
            "color": 1,
            "thinking_time": 0.0186,
            "search_depth": 0
        },
        {
            "turn": 50,
            "player_id": 2,
            "move": [
                4,
                1
            ],
            "color": 2,
            "thinking_time": 0.072
        },
        {
            "turn": 51,
            "player_id": 1,
            "move": [
                6,
                3
            ],
            "color": 1,
            "thinking_time": 0.0314,
            "search_depth": 0
        },
        {
            "turn": 52,
            "player_id": 2,
            "move": [
                2,
                5
            ],
            "color": 2,
            "thinking_time": 0.0702
        },
        {
            "turn": 53,
            "player_id": 1,
            "move": [
                4,
                7
            ],
            "color": 1,
            "thinking_time": 0.0318,
            "search_depth": 0
        },
        {
            "turn": 54,
            "player_id": 2,
            "move": [
                2,
                3
            ],
            "color": 2,
            "thinking_time": 0.0507
        },
        {
            "turn": 55,
            "player_id": 1,
            "move": [
                0,
                5
            ],
            "color": 1,
            "thinking_time": 0.0186,
            "search_depth": 0
        },
        {
            "turn": 56,
            "player_id": 2,
            "move": [
                0,
                6
            ],
            "color": 2,
            "thinking_time": 0.0497
        },
        {
            "turn": 57,
            "player_id": 1,
            "move": [
                1,
                5
            ],
            "color": 1,
            "thinking_time": 0.0188,
            "search_depth": 0
        },
        {
            "turn": 58,
            "player_id": 2,
            "move": [
                2,
                7
            ],
            "color": 2,
            "thinking_time": 0.0667
        },
        {
            "turn": 59,
            "player_id": 1,
            "move": [
                2,
                6
            ],
            "color": 1,
            "thinking_time": 0.0177,
            "search_depth": 0
        },
        {
            "turn": 60,
            "player_id": 2,
            "move": [
                4,
                9
            ],
            "color": 2,
            "thinking_time": 0.072
        },
        {
            "turn": 61,
            "player_id": 1,
            "move": [
                8,
                1
            ],
            "color": 1,
            "thinking_time": 0.047,
            "search_depth": 0
        },
        {
            "turn": 62,
            "player_id": 2,
            "move": [
                6,
                1
            ],
            "color": 2,
            "thinking_time": 0.0149
        },
        {
            "turn": 63,
            "player_id": 1,
            "move": [
                8,
                11
            ],
            "color": 1,
            "thinking_time": 0.047,
            "search_depth": 0
        },
        {
            "turn": 64,
            "player_id": 2,
            "move": [
                5,
                8
            ],
            "color": 2,
            "thinking_time": 0.0166
        },
        {
            "turn": 65,
            "player_id": 1,
            "move": [
                3,
                8
            ],
            "color": 1,
            "thinking_time": 0.0314,
            "search_depth": 0
        },
        {
            "turn": 66,
            "player_id": 2,
            "move": [
                2,
                9
            ],
            "color": 2,
            "thinking_time": 0.0157
        },
        {
            "turn": 67,
            "player_id": 1,
            "move": [
                3,
                10
            ],
            "color": 1,
            "thinking_time": 29.3252,
            "search_depth": 4
        },
        {
            "turn": 68,
            "player_id": 2,
            "move": [
                3,
                9
            ],
            "color": 2,
            "thinking_time": 0.122
        },
        {
            "turn": 69,
            "player_id": 1,
            "move": [
                1,
                9
            ],
            "color": 1,
            "thinking_time": 0.0534,
            "search_depth": 0
        },
        {
            "turn": 70,
            "player_id": 2,
            "move": [
                9,
                9
            ],
            "color": 2,
            "thinking_time": 0.0683
        },
        {
            "turn": 71,
            "player_id": 1,
            "move": [
                3,
                7
            ],
            "color": 1,
            "thinking_time": 29.3159,
            "search_depth": 4
        },
        {
            "turn": 72,
            "player_id": 2,
            "move": [
                4,
                8
            ],
            "color": 2,
            "thinking_time": 0.0168
        },
        {
            "turn": 73,
            "player_id": 1,
            "move": [
                1,
                8
            ],
            "color": 1,
            "thinking_time": 29.3189,
            "search_depth": 5
        },
        {
            "turn": 74,
            "player_id": 2,
            "move": [
                2,
                8
            ],
            "color": 2,
            "thinking_time": 0.0431
        },
        {
            "turn": 75,
            "player_id": 1,
            "move": [
                5,
                11
            ],
            "color": 1,
            "thinking_time": 0.0312,
            "search_depth": 0
        },
        {
            "turn": 76,
            "player_id": 2,
            "move": [
                2,
                10
            ],
            "color": 2,
            "thinking_time": 0.0313
        },
        {
            "turn": 77,
            "player_id": 1,
            "move": [
                2,
                11
            ],
            "color": 1,
            "thinking_time": 0.0185,
            "search_depth": 0
        },
        {
            "turn": 78,
            "player_id": 2,
            "move": [
                1,
                11
            ],
            "color": 2,
            "thinking_time": 0.0478
        },
        {
            "turn": 79,
            "player_id": 1,
            "move": [
                0,
                12
            ],
            "color": 1,
            "thinking_time": 0.0187,
            "search_depth": 0
        },
        {
            "turn": 80,
            "player_id": 2,
            "move": [
                4,
                10
            ],
            "color": 2,
            "thinking_time": 0.0434
        },
        {
            "turn": 81,
            "player_id": 1,
            "move": [
                1,
                7
            ],
            "color": 1,
            "thinking_time": 0.0186,
            "search_depth": 0
        },
        {
            "turn": 82,
            "player_id": 2,
            "move": [
                1,
                6
            ],
            "color": 2,
            "thinking_time": 0.016
        },
        {
            "turn": 83,
            "player_id": 1,
            "move": [
                10,
                13
            ],
            "color": 1,
            "thinking_time": 29.3161,
            "search_depth": 5
        },
        {
            "turn": 84,
            "player_id": 2,
            "move": [
                9,
                12
            ],
            "color": 2,
            "thinking_time": 0.0166
        },
        {
            "turn": 85,
            "player_id": 1,
            "move": [
                11,
                1
            ],
            "color": 1,
            "thinking_time": 29.3243,
            "search_depth": 5
        },
        {
            "turn": 86,
            "player_id": 2,
            "move": [
                10,
                1
            ],
            "color": 2,
            "thinking_time": 0.0159
        },
        {
            "turn": 87,
            "player_id": 1,
            "move": [
                4,
                11
            ],
            "color": 1,
            "thinking_time": 29.3222,
            "search_depth": 4
        },
        {
            "turn": 88,
            "player_id": 2,
            "move": [
                9,
                10
            ],
            "color": 2,
            "thinking_time": 0.0328
        },
        {
            "turn": 89,
            "player_id": 1,
            "move": [
                9,
                11
            ],
            "color": 1,
            "thinking_time": 0.0375,
            "search_depth": 0
        },
        {
            "turn": 90,
            "player_id": 2,
            "move": [
                10,
                11
            ],
            "color": 2,
            "thinking_time": 0.0324
        },
        {
            "turn": 91,
            "player_id": 1,
            "move": [
                8,
                9
            ],
            "color": 1,
            "thinking_time": 0.0187,
            "search_depth": 0
        },
        {
            "turn": 92,
            "player_id": 2,
            "move": [
                11,
                10
            ],
            "color": 2,
            "thinking_time": 0.0693
        },
        {
            "turn": 93,
            "player_id": 1,
            "move": [
                8,
                13
            ],
            "color": 1,
            "thinking_time": 0.0416,
            "search_depth": 0
        },
        {
            "turn": 94,
            "player_id": 2,
            "move": [
                10,
                10
            ],
            "color": 2,
            "thinking_time": 0.05
        },
        {
            "turn": 95,
            "player_id": 1,
            "move": [
                12,
                10
            ],
            "color": 1,
            "thinking_time": 0.0444,
            "search_depth": 0
        },
        {
            "turn": 96,
            "player_id": 2,
            "move": [
                10,
                8
            ],
            "color": 2,
            "thinking_time": 0.0886
        },
        {
            "turn": 97,
            "player_id": 1,
            "move": [
                10,
                9
            ],
            "color": 1,
            "thinking_time": 0.0476,
            "search_depth": 0
        },
        {
            "turn": 98,
            "player_id": 2,
            "move": [
                13,
                8
            ],
            "color": 2,
            "thinking_time": 0.0682
        },
        {
            "turn": 99,
            "player_id": 1,
            "move": [
                12,
                9
            ],
            "color": 1,
            "thinking_time": 0.0184,
            "search_depth": 0
        },
        {
            "turn": 100,
            "player_id": 2,
            "move": [
                12,
                8
            ],
            "color": 2,
            "thinking_time": 0.1127
        },
        {
            "turn": 101,
            "player_id": 1,
            "move": [
                11,
                8
            ],
            "color": 1,
            "thinking_time": 0.0387,
            "search_depth": 0
        },
        {
            "turn": 102,
            "player_id": 2,
            "move": [
                11,
                7
            ],
            "color": 2,
            "thinking_time": 0.0556
        },
        {
            "turn": 103,
            "player_id": 1,
            "move": [
                12,
                6
            ],
            "color": 1,
            "thinking_time": 0.0422,
            "search_depth": 0
        },
        {
            "turn": 104,
            "player_id": 2,
            "move": [
                7,
                11
            ],
            "color": 2,
            "thinking_time": 0.039
        },
        {
            "turn": 105,
            "player_id": 1,
            "move": [
                8,
                10
            ],
            "color": 1,
            "thinking_time": 0.0189,
            "search_depth": 0
        },
        {
            "turn": 106,
            "player_id": 2,
            "move": [
                8,
                12
            ],
            "color": 2,
            "thinking_time": 0.0157
        },
        {
            "turn": 107,
            "player_id": 1,
            "move": [
                5,
                9
            ],
            "color": 1,
            "thinking_time": 0.0201,
            "search_depth": 0
        },
        {
            "turn": 108,
            "player_id": 2,
            "move": [
                10,
                6
            ],
            "color": 2,
            "thinking_time": 0.0491
        },
        {
            "turn": 109,
            "player_id": 1,
            "move": [
                13,
                9
            ],
            "color": 1,
            "thinking_time": 0.0487,
            "search_depth": 0
        },
        {
            "turn": 110,
            "player_id": 2,
            "move": [
                10,
                12
            ],
            "color": 2,
            "thinking_time": 0.0482
        },
        {
            "turn": 111,
            "player_id": 1,
            "move": [
                11,
                12
            ],
            "color": 1,
            "thinking_time": 0.0424,
            "search_depth": 0
        },
        {
            "turn": 112,
            "player_id": 2,
            "move": [
                9,
                13
            ],
            "color": 2,
            "thinking_time": 0.0343
        },
        {
            "turn": 113,
            "player_id": 1,
            "move": [
                10,
                14
            ],
            "color": 1,
            "thinking_time": 0.0193,
            "search_depth": 0
        },
        {
            "turn": 114,
            "player_id": 2,
            "move": [
                6,
                12
            ],
            "color": 2,
            "thinking_time": 0.0408
        },
        {
            "turn": 115,
            "player_id": 1,
            "move": [
                7,
                12
            ],
            "color": 1,
            "thinking_time": 0.0191,
            "search_depth": 0
        },
        {
            "turn": 116,
            "player_id": 2,
            "move": [
                12,
                12
            ],
            "color": 2,
            "thinking_time": 0.0437
        },
        {
            "turn": 117,
            "player_id": 1,
            "move": [
                6,
                11
            ],
            "color": 1,
            "thinking_time": 0.039,
            "search_depth": 0
        },
        {
            "turn": 118,
            "player_id": 2,
            "move": [
                3,
                11
            ],
            "color": 2,
            "thinking_time": 0.0167
        },
        {
            "turn": 119,
            "player_id": 1,
            "move": [
                5,
                12
            ],
            "color": 1,
            "thinking_time": 0.0554,
            "search_depth": 0
        },
        {
            "turn": 120,
            "player_id": 2,
            "move": [
                9,
                8
            ],
            "color": 2,
            "thinking_time": 0.0159
        },
        {
            "turn": 121,
            "player_id": 1,
            "move": [
                4,
                13
            ],
            "color": 1,
            "thinking_time": 0.0193,
            "search_depth": 0
        }
    ]
}