{
    "game_id": "20250906_232740",
    "winner_id": 2,
    "winner_name": "Gomocup AI",
    "player_setup": {
        "p1_name": "Negamax AI",
        "p2_name": "Gomocup AI"
    },
    "final_colors": {
        "1": 1,
        "2": 2
    },
    "rules": {
        "banned_moves_enabled": false,
        "swap2_enabled": false
    },
    "move_history": [
        {
            "turn": 1,
            "player_id": 1,
            "move": [
                7,
                7
            ],
            "color": 1,
            "thinking_time": 0.015,
            "search_depth": 0
        },
        {
            "turn": 2,
            "player_id": 2,
            "move": [
                6,
                6
            ],
            "color": 2,
            "thinking_time": 2.7529
        },
        {
            "turn": 3,
            "player_id": 1,
            "move": [
                4,
                8
            ],
            "color": 1,
            "thinking_time": 29.3183,
            "search_depth": 4
        },
        {
            "turn": 4,
            "player_id": 2,
            "move": [
                8,
                6
            ],
            "color": 2,
            "thinking_time": 1.1313
        },
        {
            "turn": 5,
            "player_id": 1,
            "move": [
                7,
                6
            ],
            "color": 1,
            "thinking_time": 29.3168,
            "search_depth": 3
        },
        {
            "turn": 6,
            "player_id": 2,
            "move": [
                7,
                5
            ],
            "color": 2,
            "thinking_time": 0.2184
        },
        {
            "turn": 7,
            "player_id": 1,
            "move": [
                6,
                4
            ],
            "color": 1,
            "thinking_time": 29.318,
            "search_depth": 4
        },
        {
            "turn": 8,
            "player_id": 2,
            "move": [
                8,
                4
            ],
            "color": 2,
            "thinking_time": 0.4975
        },
        {
            "turn": 9,
            "player_id": 1,
            "move": [
                9,
                3
            ],
            "color": 1,
            "thinking_time": 0.0247,
            "search_depth": 0
        },
        {
            "turn": 10,
            "player_id": 2,
            "move": [
                8,
                5
            ],
            "color": 2,
            "thinking_time": 0.4447
        },
        {
            "turn": 11,
            "player_id": 1,
            "move": [
                8,
                7
            ],
            "color": 1,
            "thinking_time": 0.0257,
            "search_depth": 0
        },
        {
            "turn": 12,
            "player_id": 2,
            "move": [
                6,
                5
            ],
            "color": 2,
            "thinking_time": 0.0849
        },
        {
            "turn": 13,
            "player_id": 1,
            "move": [
                9,
                5
            ],
            "color": 1,
            "thinking_time": 0.0327,
            "search_depth": 0
        },
        {
            "turn": 14,
            "player_id": 2,
            "move": [
                5,
                5
            ],
            "color": 2,
            "thinking_time": 0.0577
        },
        {
            "turn": 15,
            "player_id": 1,
            "move": [
                4,
                5
            ],
            "color": 1,
            "thinking_time": 0.0167,
            "search_depth": 0
        },
        {
            "turn": 16,
            "player_id": 2,
            "move": [
                8,
                3
            ],
            "color": 2,
            "thinking_time": 0.1737
        },
        {
            "turn": 17,
            "player_id": 1,
            "move": [
                8,
                2
            ],
            "color": 1,
            "thinking_time": 0.0165,
            "search_depth": 0
        },
        {
            "turn": 18,
            "player_id": 2,
            "move": [
                5,
                6
            ],
            "color": 2,
            "thinking_time": 0.301
        },
        {
            "turn": 19,
            "player_id": 1,
            "move": [
                7,
                4
            ],
            "color": 1,
            "thinking_time": 0.0274,
            "search_depth": 0
        },
        {
            "turn": 20,
            "player_id": 2,
            "move": [
                5,
                7
            ],
            "color": 2,
            "thinking_time": 0.2738
        },
        {
            "turn": 21,
            "player_id": 1,
            "move": [
                5,
                4
            ],
            "color": 1,
            "thinking_time": 0.034,
            "search_depth": 0
        },
        {
            "turn": 22,
            "player_id": 2,
            "move": [
                5,
                9
            ],
            "color": 2,
            "thinking_time": 0.1383
        },
        {
            "turn": 23,
            "player_id": 1,
            "move": [
                5,
                8
            ],
            "color": 1,
            "thinking_time": 0.0163,
            "search_depth": 0
        },
        {
            "turn": 24,
            "player_id": 2,
            "move": [
                4,
                4
            ],
            "color": 2,
            "thinking_time": 0.1598
        },
        {
            "turn": 25,
            "player_id": 1,
            "move": [
                2,
                2
            ],
            "color": 1,
            "thinking_time": 29.3146,
            "search_depth": 3
        },
        {
            "turn": 26,
            "player_id": 2,
            "move": [
                6,
                8
            ],
            "color": 2,
            "thinking_time": 0.2507
        },
        {
            "turn": 27,
            "player_id": 1,
            "move": [
                7,
                9
            ],
            "color": 1,
            "thinking_time": 29.3163,
            "search_depth": 4
        },
        {
            "turn": 28,
            "player_id": 2,
            "move": [
                6,
                9
            ],
            "color": 2,
            "thinking_time": 0.076
        },
        {
            "turn": 29,
            "player_id": 1,
            "move": [
                6,
                7
            ],
            "color": 1,
            "thinking_time": 0.0173,
            "search_depth": 0
        },
        {
            "turn": 30,
            "player_id": 2,
            "move": [
                2,
                9
            ],
            "color": 2,
            "thinking_time": 0.0596
        },
        {
            "turn": 31,
            "player_id": 1,
            "move": [
                4,
                9
            ],
            "color": 1,
            "thinking_time": 29.3258,
            "search_depth": 4
        },
        {
            "turn": 32,
            "player_id": 2,
            "move": [
                3,
                10
            ],
            "color": 2,
            "thinking_time": 0.0156
        },
        {
            "turn": 33,
            "player_id": 1,
            "move": [
                4,
                7
            ],
            "color": 1,
            "thinking_time": 0.0392,
            "search_depth": 0
        },
        {
            "turn": 34,
            "player_id": 2,
            "move": [
                4,
                6
            ],
            "color": 2,
            "thinking_time": 0.0155
        },
        {
            "turn": 35,
            "player_id": 1,
            "move": [
                3,
                6
            ],
            "color": 1,
            "thinking_time": 29.3232,
            "search_depth": 3
        },
        {
            "turn": 36,
            "player_id": 2,
            "move": [
                6,
                3
            ],
            "color": 2,
            "thinking_time": 0.0258
        },
        {
            "turn": 37,
            "player_id": 1,
            "move": [
                3,
                5
            ],
            "color": 1,
            "thinking_time": 29.3208,
            "search_depth": 5
        },
        {
            "turn": 38,
            "player_id": 2,
            "move": [
                4,
                11
            ],
            "color": 2,
            "thinking_time": 0.0187
        },
        {
            "turn": 39,
            "player_id": 1,
            "move": [
                1,
                8
            ],
            "color": 1,
            "thinking_time": 0.0321,
            "search_depth": 0
        },
        {
            "turn": 40,
            "player_id": 2,
            "move": [
                2,
                7
            ],
            "color": 2,
            "thinking_time": 0.0151
        },
        {
            "turn": 41,
            "player_id": 1,
            "move": [
                3,
                8
            ],
            "color": 1,
            "thinking_time": 0.0922,
            "search_depth": 0
        },
        {
            "turn": 42,
            "player_id": 2,
            "move": [
                2,
                8
            ],
            "color": 2,
            "thinking_time": 0.0139
        },
        {
            "turn": 43,
            "player_id": 1,
            "move": [
                2,
                10
            ],
            "color": 1,
            "thinking_time": 0.0347,
            "search_depth": 0
        },
        {
            "turn": 44,
            "player_id": 2,
            "move": [
                3,
                7
            ],
            "color": 2,
            "thinking_time": 0.0161
        },
        {
            "turn": 45,
            "player_id": 1,
            "move": [
                1,
                9
            ],
            "color": 1,
            "thinking_time": 0.015,
            "search_depth": 0
        },
        {
            "turn": 46,
            "player_id": 2,
            "move": [
                3,
                12
            ],
            "color": 2,
            "thinking_time": 0.0264
        },
        {
            "turn": 47,
            "player_id": 1,
            "move": [
                5,
                10
            ],
            "color": 1,
            "thinking_time": 0.0335,
            "search_depth": 0
        },
        {
            "turn": 48,
            "player_id": 2,
            "move": [
                3,
                11
            ],
            "color": 2,
            "thinking_time": 0.0374
        },
        {
            "turn": 49,
            "player_id": 1,
            "move": [
                3,
                13
            ],
            "color": 1,
            "thinking_time": 0.0422,
            "search_depth": 0
        },
        {
            "turn": 50,
            "player_id": 2,
            "move": [
                6,
                11
            ],
            "color": 2,
            "thinking_time": 0.023
        },
        {
            "turn": 51,
            "player_id": 1,
            "move": [
                5,
                11
            ],
            "color": 1,
            "thinking_time": 0.0337,
            "search_depth": 0
        },
        {
            "turn": 52,
            "player_id": 2,
            "move": [
                5,
                12
            ],
            "color": 2,
            "thinking_time": 0.0165
        },
        {
            "turn": 53,
            "player_id": 1,
            "move": [
                6,
                13
            ],
            "color": 1,
            "thinking_time": 0.0189,
            "search_depth": 0
        },
        {
            "turn": 54,
            "player_id": 2,
            "move": [
                6,
                12
            ],
            "color": 2,
            "thinking_time": 0.0199
        },
        {
            "turn": 55,
            "player_id": 1,
            "move": [
                6,
                10
            ],
            "color": 1,
            "thinking_time": 0.0181,
            "search_depth": 0
        },
        {
            "turn": 56,
            "player_id": 2,
            "move": [
                4,
                12
            ],
            "color": 2,
            "thinking_time": 0.0157
        },
        {
            "turn": 57,
            "player_id": 1,
            "move": [
                7,
                12
            ],
            "color": 1,
            "thinking_time": 0.0186,
            "search_depth": 0
        },
        {
            "turn": 58,
            "player_id": 2,
            "move": [
                2,
                12
            ],
            "color": 2,
            "thinking_time": 0.0151
        }
    ]
}