{
    "game_id": "20250907_012408",
    "winner_id": 1,
    "winner_name": "Negamax AI",
    "player_setup": {
        "p1_name": "Negamax AI",
        "p2_name": "Gomocup AI"
    },
    "final_colors": {
        "1": 1,
        "2": 2
    },
    "rules": {
        "banned_moves_enabled": false,
        "swap2_enabled": false
    },
    "move_history": [
        {
            "turn": 1,
            "player_id": 1,
            "move": [
                7,
                7
            ],
            "color": 1,
            "thinking_time": 0.0175,
            "search_depth": 0
        },
        {
            "turn": 2,
            "player_id": 2,
            "move": [
                6,
                6
            ],
            "color": 2,
            "thinking_time": 2.7421
        },
        {
            "turn": 3,
            "player_id": 1,
            "move": [
                6,
                7
            ],
            "color": 1,
            "thinking_time": 29.3186,
            "search_depth": 4
        },
        {
            "turn": 4,
            "player_id": 2,
            "move": [
                5,
                7
            ],
            "color": 2,
            "thinking_time": 0.2924
        },
        {
            "turn": 5,
            "player_id": 1,
            "move": [
                9,
                7
            ],
            "color": 1,
            "thinking_time": 29.3143,
            "search_depth": 4
        },
        {
            "turn": 6,
            "player_id": 2,
            "move": [
                7,
                5
            ],
            "color": 2,
            "thinking_time": 0.0746
        },
        {
            "turn": 7,
            "player_id": 1,
            "move": [
                8,
                4
            ],
            "color": 1,
            "thinking_time": 0.0226,
            "search_depth": 0
        },
        {
            "turn": 8,
            "player_id": 2,
            "move": [
                3,
                9
            ],
            "color": 2,
            "thinking_time": 0.0176
        },
        {
            "turn": 9,
            "player_id": 1,
            "move": [
                4,
                8
            ],
            "color": 1,
            "thinking_time": 0.0142,
            "search_depth": 0
        },
        {
            "turn": 10,
            "player_id": 2,
            "move": [
                5,
                5
            ],
            "color": 2,
            "thinking_time": 0.079
        },
        {
            "turn": 11,
            "player_id": 1,
            "move": [
                8,
                5
            ],
            "color": 1,
            "thinking_time": 29.3195,
            "search_depth": 4
        },
        {
            "turn": 12,
            "player_id": 2,
            "move": [
                5,
                6
            ],
            "color": 2,
            "thinking_time": 0.1124
        },
        {
            "turn": 13,
            "player_id": 1,
            "move": [
                5,
                8
            ],
            "color": 1,
            "thinking_time": 0.026,
            "search_depth": 0
        },
        {
            "turn": 14,
            "player_id": 2,
            "move": [
                7,
                6
            ],
            "color": 2,
            "thinking_time": 0.0443
        },
        {
            "turn": 15,
            "player_id": 1,
            "move": [
                8,
                6
            ],
            "color": 1,
            "thinking_time": 0.0329,
            "search_depth": 0
        },
        {
            "turn": 16,
            "player_id": 2,
            "move": [
                8,
                3
            ],
            "color": 2,
            "thinking_time": 0.0407
        },
        {
            "turn": 17,
            "player_id": 1,
            "move": [
                8,
                7
            ],
            "color": 1,
            "thinking_time": 0.0331,
            "search_depth": 0
        },
        {
            "turn": 18,
            "player_id": 2,
            "move": [
                10,
                7
            ],
            "color": 2,
            "thinking_time": 0.0143
        },
        {
            "turn": 19,
            "player_id": 1,
            "move": [
                8,
                8
            ],
            "color": 1,
            "thinking_time": 0.0154,
            "search_depth": 0
        }
    ]
}