{
    "game_id": "20250907_012545",
    "winner_id": 2,
    "winner_name": "Gomocup AI",
    "player_setup": {
        "p1_name": "Negamax AI",
        "p2_name": "Gomocup AI"
    },
    "final_colors": {
        "1": 1,
        "2": 2
    },
    "rules": {
        "banned_moves_enabled": false,
        "swap2_enabled": false
    },
    "move_history": [
        {
            "turn": 1,
            "player_id": 1,
            "move": [
                7,
                7
            ],
            "color": 1,
            "thinking_time": 0.0204,
            "search_depth": 0
        },
        {
            "turn": 2,
            "player_id": 2,
            "move": [
                6,
                6
            ],
            "color": 2,
            "thinking_time": 2.7418
        },
        {
            "turn": 3,
            "player_id": 1,
            "move": [
                4,
                8
            ],
            "color": 1,
            "thinking_time": 29.3218,
            "search_depth": 4
        },
        {
            "turn": 4,
            "player_id": 2,
            "move": [
                8,
                6
            ],
            "color": 2,
            "thinking_time": 1.1134
        },
        {
            "turn": 5,
            "player_id": 1,
            "move": [
                9,
                7
            ],
            "color": 1,
            "thinking_time": 29.3161,
            "search_depth": 4
        },
        {
            "turn": 6,
            "player_id": 2,
            "move": [
                7,
                6
            ],
            "color": 2,
            "thinking_time": 0.1981
        },
        {
            "turn": 7,
            "player_id": 1,
            "move": [
                9,
                6
            ],
            "color": 1,
            "thinking_time": 0.0307,
            "search_depth": 0
        },
        {
            "turn": 8,
            "player_id": 2,
            "move": [
                5,
                6
            ],
            "color": 2,
            "thinking_time": 0.1143
        },
        {
            "turn": 9,
            "player_id": 1,
            "move": [
                4,
                6
            ],
            "color": 1,
            "thinking_time": 0.0155,
            "search_depth": 0
        },
        {
            "turn": 10,
            "player_id": 2,
            "move": [
                6,
                7
            ],
            "color": 2,
            "thinking_time": 0.2921
        },
        {
            "turn": 11,
            "player_id": 1,
            "move": [
                7,
                8
            ],
            "color": 1,
            "thinking_time": 29.3139,
            "search_depth": 3
        },
        {
            "turn": 12,
            "player_id": 2,
            "move": [
                6,
                5
            ],
            "color": 2,
            "thinking_time": 0.1121
        },
        {
            "turn": 13,
            "player_id": 1,
            "move": [
                6,
                8
            ],
            "color": 1,
            "thinking_time": 0.027,
            "search_depth": 0
        },
        {
            "turn": 14,
            "player_id": 2,
            "move": [
                5,
                8
            ],
            "color": 2,
            "thinking_time": 0.0406
        },
        {
            "turn": 15,
            "player_id": 1,
            "move": [
                4,
                9
            ],
            "color": 1,
            "thinking_time": 0.0284,
            "search_depth": 0
        },
        {
            "turn": 16,
            "player_id": 2,
            "move": [
                4,
                7
            ],
            "color": 2,
            "thinking_time": 0.0408
        },
        {
            "turn": 17,
            "player_id": 1,
            "move": [
                7,
                4
            ],
            "color": 1,
            "thinking_time": 0.0343,
            "search_depth": 0
        },
        {
            "turn": 18,
            "player_id": 2,
            "move": [
                8,
                5
            ],
            "color": 2,
            "thinking_time": 0.0322
        },
        {
            "turn": 19,
            "player_id": 1,
            "move": [
                9,
                4
            ],
            "color": 1,
            "thinking_time": 0.0154,
            "search_depth": 0
        },
        {
            "turn": 20,
            "player_id": 2,
            "move": [
                9,
                5
            ],
            "color": 2,
            "thinking_time": 0.0385
        },
        {
            "turn": 21,
            "player_id": 1,
            "move": [
                7,
                5
            ],
            "color": 1,
            "thinking_time": 0.0271,
            "search_depth": 0
        },
        {
            "turn": 22,
            "player_id": 2,
            "move": [
                8,
                7
            ],
            "color": 2,
            "thinking_time": 0.0441
        },
        {
            "turn": 23,
            "player_id": 1,
            "move": [
                8,
                4
            ],
            "color": 1,
            "thinking_time": 0.0337,
            "search_depth": 0
        },
        {
            "turn": 24,
            "player_id": 2,
            "move": [
                5,
                4
            ],
            "color": 2,
            "thinking_time": 0.016
        },
        {
            "turn": 25,
            "player_id": 1,
            "move": [
                4,
                3
            ],
            "color": 1,
            "thinking_time": 0.0161,
            "search_depth": 0
        },
        {
            "turn": 26,
            "player_id": 2,
            "move": [
                9,
                8
            ],
            "color": 2,
            "thinking_time": 0.0152
        }
    ]
}