{
    "game_id": "20250907_010315",
    "winner_id": 2,
    "winner_name": "Gomocup AI",
    "player_setup": {
        "p1_name": "Negamax AI",
        "p2_name": "Gomocup AI"
    },
    "final_colors": {
        "1": 1,
        "2": 2
    },
    "rules": {
        "banned_moves_enabled": false,
        "swap2_enabled": false
    },
    "move_history": [
        {
            "turn": 1,
            "player_id": 1,
            "move": [
                7,
                7
            ],
            "color": 1,
            "thinking_time": 0.0166,
            "search_depth": 0
        },
        {
            "turn": 2,
            "player_id": 2,
            "move": [
                6,
                6
            ],
            "color": 2,
            "thinking_time": 2.7332
        },
        {
            "turn": 3,
            "player_id": 1,
            "move": [
                4,
                8
            ],
            "color": 1,
            "thinking_time": 29.3149,
            "search_depth": 4
        },
        {
            "turn": 4,
            "player_id": 2,
            "move": [
                8,
                6
            ],
            "color": 2,
            "thinking_time": 1.1152
        },
        {
            "turn": 5,
            "player_id": 1,
            "move": [
                7,
                6
            ],
            "color": 1,
            "thinking_time": 29.3158,
            "search_depth": 3
        },
        {
            "turn": 6,
            "player_id": 2,
            "move": [
                7,
                5
            ],
            "color": 2,
            "thinking_time": 0.216
        },
        {
            "turn": 7,
            "player_id": 1,
            "move": [
                6,
                4
            ],
            "color": 1,
            "thinking_time": 29.3233,
            "search_depth": 4
        },
        {
            "turn": 8,
            "player_id": 2,
            "move": [
                8,
                4
            ],
            "color": 2,
            "thinking_time": 0.502
        },
        {
            "turn": 9,
            "player_id": 1,
            "move": [
                9,
                3
            ],
            "color": 1,
            "thinking_time": 0.0242,
            "search_depth": 0
        },
        {
            "turn": 10,
            "player_id": 2,
            "move": [
                8,
                5
            ],
            "color": 2,
            "thinking_time": 0.4468
        },
        {
            "turn": 11,
            "player_id": 1,
            "move": [
                8,
                7
            ],
            "color": 1,
            "thinking_time": 0.0332,
            "search_depth": 0
        },
        {
            "turn": 12,
            "player_id": 2,
            "move": [
                6,
                5
            ],
            "color": 2,
            "thinking_time": 0.0832
        },
        {
            "turn": 13,
            "player_id": 1,
            "move": [
                9,
                5
            ],
            "color": 1,
            "thinking_time": 0.0253,
            "search_depth": 0
        },
        {
            "turn": 14,
            "player_id": 2,
            "move": [
                5,
                5
            ],
            "color": 2,
            "thinking_time": 0.0572
        },
        {
            "turn": 15,
            "player_id": 1,
            "move": [
                4,
                5
            ],
            "color": 1,
            "thinking_time": 0.0144,
            "search_depth": 0
        },
        {
            "turn": 16,
            "player_id": 2,
            "move": [
                8,
                3
            ],
            "color": 2,
            "thinking_time": 0.1724
        },
        {
            "turn": 17,
            "player_id": 1,
            "move": [
                8,
                2
            ],
            "color": 1,
            "thinking_time": 0.016,
            "search_depth": 0
        },
        {
            "turn": 18,
            "player_id": 2,
            "move": [
                5,
                6
            ],
            "color": 2,
            "thinking_time": 0.3102
        },
        {
            "turn": 19,
            "player_id": 1,
            "move": [
                7,
                4
            ],
            "color": 1,
            "thinking_time": 0.0277,
            "search_depth": 0
        },
        {
            "turn": 20,
            "player_id": 2,
            "move": [
                5,
                7
            ],
            "color": 2,
            "thinking_time": 0.2823
        },
        {
            "turn": 21,
            "player_id": 1,
            "move": [
                5,
                4
            ],
            "color": 1,
            "thinking_time": 0.0267,
            "search_depth": 0
        },
        {
            "turn": 22,
            "player_id": 2,
            "move": [
                5,
                9
            ],
            "color": 2,
            "thinking_time": 0.1392
        },
        {
            "turn": 23,
            "player_id": 1,
            "move": [
                5,
                8
            ],
            "color": 1,
            "thinking_time": 0.0165,
            "search_depth": 0
        },
        {
            "turn": 24,
            "player_id": 2,
            "move": [
                4,
                4
            ],
            "color": 2,
            "thinking_time": 0.1601
        },
        {
            "turn": 25,
            "player_id": 1,
            "move": [
                2,
                2
            ],
            "color": 1,
            "thinking_time": 29.318,
            "search_depth": 3
        },
        {
            "turn": 26,
            "player_id": 2,
            "move": [
                6,
                8
            ],
            "color": 2,
            "thinking_time": 0.2472
        },
        {
            "turn": 27,
            "player_id": 1,
            "move": [
                7,
                9
            ],
            "color": 1,
            "thinking_time": 29.3279,
            "search_depth": 4
        },
        {
            "turn": 28,
            "player_id": 2,
            "move": [
                6,
                9
            ],
            "color": 2,
            "thinking_time": 0.0679
        },
        {
            "turn": 29,
            "player_id": 1,
            "move": [
                6,
                7
            ],
            "color": 1,
            "thinking_time": 0.0173,
            "search_depth": 0
        },
        {
            "turn": 30,
            "player_id": 2,
            "move": [
                2,
                9
            ],
            "color": 2,
            "thinking_time": 0.07
        },
        {
            "turn": 31,
            "player_id": 1,
            "move": [
                10,
                7
            ],
            "color": 1,
            "thinking_time": 29.3284,
            "search_depth": 6
        },
        {
            "turn": 32,
            "player_id": 2,
            "move": [
                9,
                7
            ],
            "color": 2,
            "thinking_time": 0.0152
        },
        {
            "turn": 33,
            "player_id": 1,
            "move": [
                7,
                8
            ],
            "color": 1,
            "thinking_time": 29.3162,
            "search_depth": 6
        },
        {
            "turn": 34,
            "player_id": 2,
            "move": [
                7,
                10
            ],
            "color": 2,
            "thinking_time": 0.0166
        },
        {
            "turn": 35,
            "player_id": 1,
            "move": [
                4,
                9
            ],
            "color": 1,
            "thinking_time": 29.3144,
            "search_depth": 6
        },
        {
            "turn": 36,
            "player_id": 2,
            "move": [
                3,
                10
            ],
            "color": 2,
            "thinking_time": 0.015
        },
        {
            "turn": 37,
            "player_id": 1,
            "move": [
                4,
                7
            ],
            "color": 1,
            "thinking_time": 0.0536,
            "search_depth": 0
        },
        {
            "turn": 38,
            "player_id": 2,
            "move": [
                4,
                6
            ],
            "color": 2,
            "thinking_time": 0.0151
        },
        {
            "turn": 39,
            "player_id": 1,
            "move": [
                4,
                10
            ],
            "color": 1,
            "thinking_time": 29.3201,
            "search_depth": 5
        },
        {
            "turn": 40,
            "player_id": 2,
            "move": [
                4,
                11
            ],
            "color": 2,
            "thinking_time": 0.0154
        },
        {
            "turn": 41,
            "player_id": 1,
            "move": [
                1,
                8
            ],
            "color": 1,
            "thinking_time": 0.0331,
            "search_depth": 0
        },
        {
            "turn": 42,
            "player_id": 2,
            "move": [
                2,
                6
            ],
            "color": 2,
            "thinking_time": 0.015
        },
        {
            "turn": 43,
            "player_id": 1,
            "move": [
                3,
                6
            ],
            "color": 1,
            "thinking_time": 0.0181,
            "search_depth": 0
        },
        {
            "turn": 44,
            "player_id": 2,
            "move": [
                2,
                7
            ],
            "color": 2,
            "thinking_time": 0.0152
        },
        {
            "turn": 45,
            "player_id": 1,
            "move": [
                2,
                8
            ],
            "color": 1,
            "thinking_time": 0.0334,
            "search_depth": 0
        },
        {
            "turn": 46,
            "player_id": 2,
            "move": [
                3,
                8
            ],
            "color": 2,
            "thinking_time": 0.0154
        },
        {
            "turn": 47,
            "player_id": 1,
            "move": [
                1,
                7
            ],
            "color": 1,
            "thinking_time": 0.0411,
            "search_depth": 0
        },
        {
            "turn": 48,
            "player_id": 2,
            "move": [
                3,
                9
            ],
            "color": 2,
            "thinking_time": 0.0397
        },
        {
            "turn": 49,
            "player_id": 1,
            "move": [
                3,
                11
            ],
            "color": 1,
            "thinking_time": 0.0337,
            "search_depth": 0
        },
        {
            "turn": 50,
            "player_id": 2,
            "move": [
                5,
                12
            ],
            "color": 2,
            "thinking_time": 0.0321
        },
        {
            "turn": 51,
            "player_id": 1,
            "move": [
                6,
                13
            ],
            "color": 1,
            "thinking_time": 0.0174,
            "search_depth": 0
        },
        {
            "turn": 52,
            "player_id": 2,
            "move": [
                2,
                4
            ],
            "color": 2,
            "thinking_time": 0.0471
        },
        {
            "turn": 53,
            "player_id": 1,
            "move": [
                3,
                5
            ],
            "color": 1,
            "thinking_time": 0.0184,
            "search_depth": 0
        },
        {
            "turn": 54,
            "player_id": 2,
            "move": [
                2,
                5
            ],
            "color": 2,
            "thinking_time": 0.0337
        },
        {
            "turn": 55,
            "player_id": 1,
            "move": [
                2,
                3
            ],
            "color": 1,
            "thinking_time": 0.0197,
            "search_depth": 0
        },
        {
            "turn": 56,
            "player_id": 2,
            "move": [
                6,
                11
            ],
            "color": 2,
            "thinking_time": 0.0713
        },
        {
            "turn": 57,
            "player_id": 1,
            "move": [
                4,
                13
            ],
            "color": 1,
            "thinking_time": 0.0377,
            "search_depth": 0
        },
        {
            "turn": 58,
            "player_id": 2,
            "move": [
                6,
                10
            ],
            "color": 2,
            "thinking_time": 0.0562
        },
        {
            "turn": 59,
            "player_id": 1,
            "move": [
                6,
                12
            ],
            "color": 1,
            "thinking_time": 0.0196,
            "search_depth": 0
        },
        {
            "turn": 60,
            "player_id": 2,
            "move": [
                9,
                10
            ],
            "color": 2,
            "thinking_time": 0.0789
        },
        {
            "turn": 61,
            "player_id": 1,
            "move": [
                8,
                10
            ],
            "color": 1,
            "thinking_time": 0.0347,
            "search_depth": 0
        },
        {
            "turn": 62,
            "player_id": 2,
            "move": [
                9,
                8
            ],
            "color": 2,
            "thinking_time": 0.068
        },
        {
            "turn": 63,
            "player_id": 1,
            "move": [
                8,
                9
            ],
            "color": 1,
            "thinking_time": 0.0185,
            "search_depth": 0
        },
        {
            "turn": 64,
            "player_id": 2,
            "move": [
                9,
                9
            ],
            "color": 2,
            "thinking_time": 0.0155
        },
        {
            "turn": 65,
            "player_id": 1,
            "move": [
                9,
                11
            ],
            "color": 1,
            "thinking_time": 0.0196,
            "search_depth": 0
        },
        {
            "turn": 66,
            "player_id": 2,
            "move": [
                9,
                6
            ],
            "color": 2,
            "thinking_time": 0.016
        }
    ]
}