{
    "game_id": "20250906_232332",
    "winner_id": 2,
    "winner_name": "Gomocup AI",
    "player_setup": {
        "p1_name": "Negamax AI",
        "p2_name": "Gomocup AI"
    },
    "final_colors": {
        "1": 1,
        "2": 2
    },
    "rules": {
        "banned_moves_enabled": false,
        "swap2_enabled": false
    },
    "move_history": [
        {
            "turn": 1,
            "player_id": 1,
            "move": [
                7,
                7
            ],
            "color": 1,
            "thinking_time": 0.008,
            "search_depth": 0
        },
        {
            "turn": 2,
            "player_id": 2,
            "move": [
                6,
                6
            ],
            "color": 2,
            "thinking_time": 2.8108
        },
        {
            "turn": 3,
            "player_id": 1,
            "move": [
                4,
                8
            ],
            "color": 1,
            "thinking_time": 29.3135,
            "search_depth": 4
        },
        {
            "turn": 4,
            "player_id": 2,
            "move": [
                8,
                6
            ],
            "color": 2,
            "thinking_time": 1.1327
        },
        {
            "turn": 5,
            "player_id": 1,
            "move": [
                9,
                7
            ],
            "color": 1,
            "thinking_time": 29.3187,
            "search_depth": 4
        },
        {
            "turn": 6,
            "player_id": 2,
            "move": [
                7,
                6
            ],
            "color": 2,
            "thinking_time": 0.1982
        },
        {
            "turn": 7,
            "player_id": 1,
            "move": [
                9,
                6
            ],
            "color": 1,
            "thinking_time": 0.0239,
            "search_depth": 0
        },
        {
            "turn": 8,
            "player_id": 2,
            "move": [
                5,
                6
            ],
            "color": 2,
            "thinking_time": 0.1246
        },
        {
            "turn": 9,
            "player_id": 1,
            "move": [
                4,
                6
            ],
            "color": 1,
            "thinking_time": 0.0162,
            "search_depth": 0
        },
        {
            "turn": 10,
            "player_id": 2,
            "move": [
                6,
                7
            ],
            "color": 2,
            "thinking_time": 0.3042
        },
        {
            "turn": 11,
            "player_id": 1,
            "move": [
                7,
                8
            ],
            "color": 1,
            "thinking_time": 29.3219,
            "search_depth": 3
        },
        {
            "turn": 12,
            "player_id": 2,
            "move": [
                6,
                5
            ],
            "color": 2,
            "thinking_time": 0.1115
        },
        {
            "turn": 13,
            "player_id": 1,
            "move": [
                6,
                8
            ],
            "color": 1,
            "thinking_time": 0.0275,
            "search_depth": 0
        },
        {
            "turn": 14,
            "player_id": 2,
            "move": [
                5,
                8
            ],
            "color": 2,
            "thinking_time": 0.0419
        },
        {
            "turn": 15,
            "player_id": 1,
            "move": [
                4,
                9
            ],
            "color": 1,
            "thinking_time": 0.0351,
            "search_depth": 0
        },
        {
            "turn": 16,
            "player_id": 2,
            "move": [
                4,
                7
            ],
            "color": 2,
            "thinking_time": 0.0516
        },
        {
            "turn": 17,
            "player_id": 1,
            "move": [
                7,
                4
            ],
            "color": 1,
            "thinking_time": 0.0338,
            "search_depth": 0
        },
        {
            "turn": 18,
            "player_id": 2,
            "move": [
                8,
                5
            ],
            "color": 2,
            "thinking_time": 0.028
        },
        {
            "turn": 19,
            "player_id": 1,
            "move": [
                9,
                4
            ],
            "color": 1,
            "thinking_time": 0.0133,
            "search_depth": 0
        },
        {
            "turn": 20,
            "player_id": 2,
            "move": [
                9,
                5
            ],
            "color": 2,
            "thinking_time": 0.0388
        },
        {
            "turn": 21,
            "player_id": 1,
            "move": [
                7,
                5
            ],
            "color": 1,
            "thinking_time": 0.0282,
            "search_depth": 0
        },
        {
            "turn": 22,
            "player_id": 2,
            "move": [
                8,
                7
            ],
            "color": 2,
            "thinking_time": 0.0538
        },
        {
            "turn": 23,
            "player_id": 1,
            "move": [
                8,
                4
            ],
            "color": 1,
            "thinking_time": 0.0338,
            "search_depth": 0
        },
        {
            "turn": 24,
            "player_id": 2,
            "move": [
                5,
                4
            ],
            "color": 2,
            "thinking_time": 0.0154
        },
        {
            "turn": 25,
            "player_id": 1,
            "move": [
                4,
                3
            ],
            "color": 1,
            "thinking_time": 0.0172,
            "search_depth": 0
        },
        {
            "turn": 26,
            "player_id": 2,
            "move": [
                9,
                8
            ],
            "color": 2,
            "thinking_time": 0.0157
        }
    ]
}