{
    "game_id": "20250906_235159",
    "winner_id": 1,
    "winner_name": "Negamax AI",
    "player_setup": {
        "p1_name": "Negamax AI",
        "p2_name": "Gomocup AI"
    },
    "final_colors": {
        "1": 1,
        "2": 2
    },
    "rules": {
        "banned_moves_enabled": false,
        "swap2_enabled": false
    },
    "move_history": [
        {
            "turn": 1,
            "player_id": 1,
            "move": [
                7,
                7
            ],
            "color": 1,
            "thinking_time": 0.0176,
            "search_depth": 0
        },
        {
            "turn": 2,
            "player_id": 2,
            "move": [
                6,
                6
            ],
            "color": 2,
            "thinking_time": 2.7664
        },
        {
            "turn": 3,
            "player_id": 1,
            "move": [
                4,
                8
            ],
            "color": 1,
            "thinking_time": 29.3219,
            "search_depth": 4
        },
        {
            "turn": 4,
            "player_id": 2,
            "move": [
                8,
                6
            ],
            "color": 2,
            "thinking_time": 1.1145
        },
        {
            "turn": 5,
            "player_id": 1,
            "move": [
                9,
                7
            ],
            "color": 1,
            "thinking_time": 29.3215,
            "search_depth": 4
        },
        {
            "turn": 6,
            "player_id": 2,
            "move": [
                7,
                6
            ],
            "color": 2,
            "thinking_time": 0.1885
        },
        {
            "turn": 7,
            "player_id": 1,
            "move": [
                9,
                6
            ],
            "color": 1,
            "thinking_time": 0.0235,
            "search_depth": 0
        },
        {
            "turn": 8,
            "player_id": 2,
            "move": [
                5,
                6
            ],
            "color": 2,
            "thinking_time": 0.1134
        },
        {
            "turn": 9,
            "player_id": 1,
            "move": [
                4,
                6
            ],
            "color": 1,
            "thinking_time": 0.0161,
            "search_depth": 0
        },
        {
            "turn": 10,
            "player_id": 2,
            "move": [
                6,
                7
            ],
            "color": 2,
            "thinking_time": 0.294
        },
        {
            "turn": 11,
            "player_id": 1,
            "move": [
                6,
                8
            ],
            "color": 1,
            "thinking_time": 29.321,
            "search_depth": 3
        },
        {
            "turn": 12,
            "player_id": 2,
            "move": [
                5,
                8
            ],
            "color": 2,
            "thinking_time": 0.1173
        },
        {
            "turn": 13,
            "player_id": 1,
            "move": [
                4,
                9
            ],
            "color": 1,
            "thinking_time": 0.036,
            "search_depth": 0
        },
        {
            "turn": 14,
            "player_id": 2,
            "move": [
                4,
                5
            ],
            "color": 2,
            "thinking_time": 0.1219
        },
        {
            "turn": 15,
            "player_id": 1,
            "move": [
                7,
                8
            ],
            "color": 1,
            "thinking_time": 0.0272,
            "search_depth": 0
        },
        {
            "turn": 16,
            "player_id": 2,
            "move": [
                5,
                5
            ],
            "color": 2,
            "thinking_time": 0.0479
        },
        {
            "turn": 17,
            "player_id": 1,
            "move": [
                5,
                7
            ],
            "color": 1,
            "thinking_time": 0.0281,
            "search_depth": 0
        },
        {
            "turn": 18,
            "player_id": 2,
            "move": [
                3,
                5
            ],
            "color": 2,
            "thinking_time": 0.055
        },
        {
            "turn": 19,
            "player_id": 1,
            "move": [
                6,
                5
            ],
            "color": 1,
            "thinking_time": 0.027,
            "search_depth": 0
        },
        {
            "turn": 20,
            "player_id": 2,
            "move": [
                8,
                5
            ],
            "color": 2,
            "thinking_time": 0.056
        },
        {
            "turn": 21,
            "player_id": 1,
            "move": [
                9,
                4
            ],
            "color": 1,
            "thinking_time": 0.0171,
            "search_depth": 0
        },
        {
            "turn": 22,
            "player_id": 2,
            "move": [
                9,
                5
            ],
            "color": 2,
            "thinking_time": 0.0426
        },
        {
            "turn": 23,
            "player_id": 1,
            "move": [
                4,
                10
            ],
            "color": 1,
            "thinking_time": 0.162,
            "search_depth": 0
        },
        {
            "turn": 24,
            "player_id": 2,
            "move": [
                4,
                7
            ],
            "color": 2,
            "thinking_time": 0.015
        },
        {
            "turn": 25,
            "player_id": 1,
            "move": [
                5,
                9
            ],
            "color": 1,
            "thinking_time": 29.3151,
            "search_depth": 5
        },
        {
            "turn": 26,
            "player_id": 2,
            "move": [
                3,
                11
            ],
            "color": 2,
            "thinking_time": 0.0166
        },
        {
            "turn": 27,
            "player_id": 1,
            "move": [
                7,
                9
            ],
            "color": 1,
            "thinking_time": 2.0288,
            "search_depth": 0
        },
        {
            "turn": 28,
            "player_id": 2,
            "move": [
                8,
                10
            ],
            "color": 2,
            "thinking_time": 0.015
        },
        {
            "turn": 29,
            "player_id": 1,
            "move": [
                6,
                9
            ],
            "color": 1,
            "thinking_time": 2.0356,
            "search_depth": 0
        },
        {
            "turn": 30,
            "player_id": 2,
            "move": [
                3,
                9
            ],
            "color": 2,
            "thinking_time": 0.0151
        },
        {
            "turn": 31,
            "player_id": 1,
            "move": [
                8,
                9
            ],
            "color": 1,
            "thinking_time": 0.0164,
            "search_depth": 0
        }
    ]
}