{
    "game_id": "20250907_011418",
    "winner_id": 1,
    "winner_name": "Negamax AI",
    "player_setup": {
        "p1_name": "Negamax AI",
        "p2_name": "Gomocup AI"
    },
    "final_colors": {
        "1": 1,
        "2": 2
    },
    "rules": {
        "banned_moves_enabled": false,
        "swap2_enabled": false
    },
    "move_history": [
        {
            "turn": 1,
            "player_id": 1,
            "move": [
                7,
                7
            ],
            "color": 1,
            "thinking_time": 0.019,
            "search_depth": 0
        },
        {
            "turn": 2,
            "player_id": 2,
            "move": [
                6,
                6
            ],
            "color": 2,
            "thinking_time": 2.7455
        },
        {
            "turn": 3,
            "player_id": 1,
            "move": [
                8,
                8
            ],
            "color": 1,
            "thinking_time": 29.3215,
            "search_depth": 4
        },
        {
            "turn": 4,
            "player_id": 2,
            "move": [
                8,
                6
            ],
            "color": 2,
            "thinking_time": 0.9912
        },
        {
            "turn": 5,
            "player_id": 1,
            "move": [
                9,
                6
            ],
            "color": 1,
            "thinking_time": 29.3248,
            "search_depth": 5
        },
        {
            "turn": 6,
            "player_id": 2,
            "move": [
                7,
                5
            ],
            "color": 2,
            "thinking_time": 0.583
        },
        {
            "turn": 7,
            "player_id": 1,
            "move": [
                6,
                4
            ],
            "color": 1,
            "thinking_time": 29.3215,
            "search_depth": 4
        },
        {
            "turn": 8,
            "player_id": 2,
            "move": [
                8,
                4
            ],
            "color": 2,
            "thinking_time": 0.3626
        },
        {
            "turn": 9,
            "player_id": 1,
            "move": [
                5,
                7
            ],
            "color": 1,
            "thinking_time": 0.0306,
            "search_depth": 0
        },
        {
            "turn": 10,
            "player_id": 2,
            "move": [
                8,
                5
            ],
            "color": 2,
            "thinking_time": 0.1441
        },
        {
            "turn": 11,
            "player_id": 1,
            "move": [
                8,
                3
            ],
            "color": 1,
            "thinking_time": 0.0264,
            "search_depth": 0
        },
        {
            "turn": 12,
            "player_id": 2,
            "move": [
                5,
                5
            ],
            "color": 2,
            "thinking_time": 0.1459
        },
        {
            "turn": 13,
            "player_id": 1,
            "move": [
                6,
                5
            ],
            "color": 1,
            "thinking_time": 0.0263,
            "search_depth": 0
        },
        {
            "turn": 14,
            "player_id": 2,
            "move": [
                10,
                2
            ],
            "color": 2,
            "thinking_time": 0.2538
        },
        {
            "turn": 15,
            "player_id": 1,
            "move": [
                9,
                3
            ],
            "color": 1,
            "thinking_time": 0.0155,
            "search_depth": 0
        },
        {
            "turn": 16,
            "player_id": 2,
            "move": [
                3,
                3
            ],
            "color": 2,
            "thinking_time": 0.5907
        },
        {
            "turn": 17,
            "player_id": 1,
            "move": [
                10,
                10
            ],
            "color": 1,
            "thinking_time": 29.3246,
            "search_depth": 4
        },
        {
            "turn": 18,
            "player_id": 2,
            "move": [
                4,
                4
            ],
            "color": 2,
            "thinking_time": 0.1325
        },
        {
            "turn": 19,
            "player_id": 1,
            "move": [
                2,
                2
            ],
            "color": 1,
            "thinking_time": 0.0185,
            "search_depth": 0
        },
        {
            "turn": 20,
            "player_id": 2,
            "move": [
                11,
                11
            ],
            "color": 2,
            "thinking_time": 0.1412
        },
        {
            "turn": 21,
            "player_id": 1,
            "move": [
                7,
                6
            ],
            "color": 1,
            "thinking_time": 29.3153,
            "search_depth": 3
        },
        {
            "turn": 22,
            "player_id": 2,
            "move": [
                4,
                3
            ],
            "color": 2,
            "thinking_time": 0.1653
        },
        {
            "turn": 23,
            "player_id": 1,
            "move": [
                8,
                7
            ],
            "color": 1,
            "thinking_time": 0.2383,
            "search_depth": 0
        },
        {
            "turn": 24,
            "player_id": 2,
            "move": [
                6,
                7
            ],
            "color": 2,
            "thinking_time": 0.0154
        },
        {
            "turn": 25,
            "player_id": 1,
            "move": [
                9,
                8
            ],
            "color": 1,
            "thinking_time": 0.2343,
            "search_depth": 0
        },
        {
            "turn": 26,
            "player_id": 2,
            "move": [
                5,
                4
            ],
            "color": 2,
            "thinking_time": 0.0149
        },
        {
            "turn": 27,
            "player_id": 1,
            "move": [
                10,
                9
            ],
            "color": 1,
            "thinking_time": 0.0164,
            "search_depth": 0
        }
    ]
}