{
    "game_id": "20250907_002848",
    "winner_id": 2,
    "winner_name": "Gomocup AI",
    "player_setup": {
        "p1_name": "Negamax AI",
        "p2_name": "Gomocup AI"
    },
    "final_colors": {
        "1": 1,
        "2": 2
    },
    "rules": {
        "banned_moves_enabled": false,
        "swap2_enabled": false
    },
    "move_history": [
        {
            "turn": 1,
            "player_id": 1,
            "move": [
                7,
                7
            ],
            "color": 1,
            "thinking_time": 0.0189,
            "search_depth": 0
        },
        {
            "turn": 2,
            "player_id": 2,
            "move": [
                6,
                6
            ],
            "color": 2,
            "thinking_time": 2.7476
        },
        {
            "turn": 3,
            "player_id": 1,
            "move": [
                6,
                7
            ],
            "color": 1,
            "thinking_time": 29.3167,
            "search_depth": 4
        },
        {
            "turn": 4,
            "player_id": 2,
            "move": [
                5,
                7
            ],
            "color": 2,
            "thinking_time": 0.2946
        },
        {
            "turn": 5,
            "player_id": 1,
            "move": [
                9,
                7
            ],
            "color": 1,
            "thinking_time": 29.3219,
            "search_depth": 4
        },
        {
            "turn": 6,
            "player_id": 2,
            "move": [
                7,
                5
            ],
            "color": 2,
            "thinking_time": 0.0745
        },
        {
            "turn": 7,
            "player_id": 1,
            "move": [
                4,
                8
            ],
            "color": 1,
            "thinking_time": 0.023,
            "search_depth": 0
        },
        {
            "turn": 8,
            "player_id": 2,
            "move": [
                8,
                4
            ],
            "color": 2,
            "thinking_time": 0.0174
        },
        {
            "turn": 9,
            "player_id": 1,
            "move": [
                9,
                3
            ],
            "color": 1,
            "thinking_time": 0.0157,
            "search_depth": 0
        },
        {
            "turn": 10,
            "player_id": 2,
            "move": [
                5,
                5
            ],
            "color": 2,
            "thinking_time": 0.0782
        },
        {
            "turn": 11,
            "player_id": 1,
            "move": [
                5,
                8
            ],
            "color": 1,
            "thinking_time": 29.3163,
            "search_depth": 5
        },
        {
            "turn": 12,
            "player_id": 2,
            "move": [
                8,
                5
            ],
            "color": 2,
            "thinking_time": 0.1753
        },
        {
            "turn": 13,
            "player_id": 1,
            "move": [
                6,
                5
            ],
            "color": 1,
            "thinking_time": 0.026,
            "search_depth": 0
        },
        {
            "turn": 14,
            "player_id": 2,
            "move": [
                8,
                6
            ],
            "color": 2,
            "thinking_time": 0.159
        },
        {
            "turn": 15,
            "player_id": 1,
            "move": [
                8,
                7
            ],
            "color": 1,
            "thinking_time": 0.0352,
            "search_depth": 0
        },
        {
            "turn": 16,
            "player_id": 2,
            "move": [
                10,
                7
            ],
            "color": 2,
            "thinking_time": 0.0155
        },
        {
            "turn": 17,
            "player_id": 1,
            "move": [
                9,
                6
            ],
            "color": 1,
            "thinking_time": 0.0255,
            "search_depth": 0
        },
        {
            "turn": 18,
            "player_id": 2,
            "move": [
                8,
                2
            ],
            "color": 2,
            "thinking_time": 0.0786
        },
        {
            "turn": 19,
            "player_id": 1,
            "move": [
                8,
                3
            ],
            "color": 1,
            "thinking_time": 0.0166,
            "search_depth": 0
        },
        {
            "turn": 20,
            "player_id": 2,
            "move": [
                7,
                3
            ],
            "color": 2,
            "thinking_time": 0.0548
        },
        {
            "turn": 21,
            "player_id": 1,
            "move": [
                6,
                4
            ],
            "color": 1,
            "thinking_time": 0.0355,
            "search_depth": 0
        },
        {
            "turn": 22,
            "player_id": 2,
            "move": [
                9,
                5
            ],
            "color": 2,
            "thinking_time": 0.0483
        },
        {
            "turn": 23,
            "player_id": 1,
            "move": [
                6,
                2
            ],
            "color": 1,
            "thinking_time": 0.0325,
            "search_depth": 0
        },
        {
            "turn": 24,
            "player_id": 2,
            "move": [
                10,
                5
            ],
            "color": 2,
            "thinking_time": 0.0485
        },
        {
            "turn": 25,
            "player_id": 1,
            "move": [
                11,
                5
            ],
            "color": 1,
            "thinking_time": 0.0161,
            "search_depth": 0
        },
        {
            "turn": 26,
            "player_id": 2,
            "move": [
                10,
                6
            ],
            "color": 2,
            "thinking_time": 0.092
        },
        {
            "turn": 27,
            "player_id": 1,
            "move": [
                11,
                7
            ],
            "color": 1,
            "thinking_time": 0.0161,
            "search_depth": 0
        },
        {
            "turn": 28,
            "player_id": 2,
            "move": [
                10,
                4
            ],
            "color": 2,
            "thinking_time": 0.0143
        },
        {
            "turn": 29,
            "player_id": 1,
            "move": [
                10,
                8
            ],
            "color": 1,
            "thinking_time": 0.0174,
            "search_depth": 0
        },
        {
            "turn": 30,
            "player_id": 2,
            "move": [
                10,
                3
            ],
            "color": 2,
            "thinking_time": 0.0159
        }
    ]
}