{
    "game_id": "20250906_212814",
    "winner_id": 1,
    "winner_name": "Gomocup AI",
    "player_setup": {
        "p1_name": "Gomocup AI",
        "p2_name": "Negamax AI"
    },
    "final_colors": {
        "1": 1,
        "2": 2
    },
    "rules": {
        "banned_moves_enabled": false,
        "swap2_enabled": false
    },
    "move_history": [
        {
            "turn": 1,
            "player_id": 1,
            "move": [
                7,
                7
            ],
            "color": 1,
            "thinking_time": 0.011
        },
        {
            "turn": 2,
            "player_id": 2,
            "move": [
                6,
                7
            ],
            "color": 2,
            "thinking_time": 0.0172,
            "search_depth": 0
        },
        {
            "turn": 3,
            "player_id": 1,
            "move": [
                8,
                8
            ],
            "color": 1,
            "thinking_time": 1.5032
        },
        {
            "turn": 4,
            "player_id": 2,
            "move": [
                6,
                8
            ],
            "color": 2,
            "thinking_time": 29.3165,
            "search_depth": 4
        },
        {
            "turn": 5,
            "player_id": 1,
            "move": [
                6,
                6
            ],
            "color": 1,
            "thinking_time": 0.1372
        },
        {
            "turn": 6,
            "player_id": 2,
            "move": [
                5,
                5
            ],
            "color": 2,
            "thinking_time": 0.0215,
            "search_depth": 0
        },
        {
            "turn": 7,
            "player_id": 1,
            "move": [
                10,
                10
            ],
            "color": 1,
            "thinking_time": 0.1944
        },
        {
            "turn": 8,
            "player_id": 2,
            "move": [
                9,
                9
            ],
            "color": 2,
            "thinking_time": 0.0155,
            "search_depth": 0
        },
        {
            "turn": 9,
            "player_id": 1,
            "move": [
                7,
                9
            ],
            "color": 1,
            "thinking_time": 0.3377
        },
        {
            "turn": 10,
            "player_id": 2,
            "move": [
                7,
                6
            ],
            "color": 2,
            "thinking_time": 29.3147,
            "search_depth": 4
        },
        {
            "turn": 11,
            "player_id": 1,
            "move": [
                6,
                10
            ],
            "color": 1,
            "thinking_time": 0.157
        },
        {
            "turn": 12,
            "player_id": 2,
            "move": [
                9,
                7
            ],
            "color": 2,
            "thinking_time": 0.027,
            "search_depth": 0
        },
        {
            "turn": 13,
            "player_id": 1,
            "move": [
                5,
                11
            ],
            "color": 1,
            "thinking_time": 0.1031
        },
        {
            "turn": 14,
            "player_id": 2,
            "move": [
                4,
                12
            ],
            "color": 2,
            "thinking_time": 0.0168,
            "search_depth": 0
        },
        {
            "turn": 15,
            "player_id": 1,
            "move": [
                7,
                11
            ],
            "color": 1,
            "thinking_time": 0.2433
        },
        {
            "turn": 16,
            "player_id": 2,
            "move": [
                4,
                8
            ],
            "color": 2,
            "thinking_time": 0.0267,
            "search_depth": 0
        },
        {
            "turn": 17,
            "player_id": 1,
            "move": [
                7,
                10
            ],
            "color": 1,
            "thinking_time": 0.0789
        },
        {
            "turn": 18,
            "player_id": 2,
            "move": [
                7,
                8
            ],
            "color": 2,
            "thinking_time": 0.0177,
            "search_depth": 0
        },
        {
            "turn": 19,
            "player_id": 1,
            "move": [
                6,
                11
            ],
            "color": 1,
            "thinking_time": 0.0402
        },
        {
            "turn": 20,
            "player_id": 2,
            "move": [
                4,
                11
            ],
            "color": 2,
            "thinking_time": 0.0386,
            "search_depth": 0
        },
        {
            "turn": 21,
            "player_id": 1,
            "move": [
                7,
                13
            ],
            "color": 1,
            "thinking_time": 0.042
        },
        {
            "turn": 22,
            "player_id": 2,
            "move": [
                7,
                12
            ],
            "color": 2,
            "thinking_time": 0.016,
            "search_depth": 0
        },
        {
            "turn": 23,
            "player_id": 1,
            "move": [
                4,
                10
            ],
            "color": 1,
            "thinking_time": 0.023
        },
        {
            "turn": 24,
            "player_id": 2,
            "move": [
                6,
                12
            ],
            "color": 2,
            "thinking_time": 0.0381,
            "search_depth": 0
        },
        {
            "turn": 25,
            "player_id": 1,
            "move": [
                5,
                10
            ],
            "color": 1,
            "thinking_time": 0.0156
        },
        {
            "turn": 26,
            "player_id": 2,
            "move": [
                3,
                10
            ],
            "color": 2,
            "thinking_time": 0.0163,
            "search_depth": 0
        },
        {
            "turn": 27,
            "player_id": 1,
            "move": [
                8,
                10
            ],
            "color": 1,
            "thinking_time": 0.0151
        }
    ]
}