{
    "game_id": "20250906_213300",
    "winner_id": 2,
    "winner_name": "Negamax AI",
    "player_setup": {
        "p1_name": "Gomocup AI",
        "p2_name": "Negamax AI"
    },
    "final_colors": {
        "1": 1,
        "2": 2
    },
    "rules": {
        "banned_moves_enabled": false,
        "swap2_enabled": false
    },
    "move_history": [
        {
            "turn": 1,
            "player_id": 1,
            "move": [
                7,
                7
            ],
            "color": 1,
            "thinking_time": 0.016
        },
        {
            "turn": 2,
            "player_id": 2,
            "move": [
                6,
                8
            ],
            "color": 2,
            "thinking_time": 0.015,
            "search_depth": 0
        },
        {
            "turn": 3,
            "player_id": 1,
            "move": [
                9,
                9
            ],
            "color": 1,
            "thinking_time": 1.3149
        },
        {
            "turn": 4,
            "player_id": 2,
            "move": [
                6,
                6
            ],
            "color": 2,
            "thinking_time": 29.3162,
            "search_depth": 4
        },
        {
            "turn": 5,
            "player_id": 1,
            "move": [
                7,
                9
            ],
            "color": 1,
            "thinking_time": 0.6197
        },
        {
            "turn": 6,
            "player_id": 2,
            "move": [
                4,
                8
            ],
            "color": 2,
            "thinking_time": 29.3174,
            "search_depth": 4
        },
        {
            "turn": 7,
            "player_id": 1,
            "move": [
                7,
                8
            ],
            "color": 1,
            "thinking_time": 0.305
        },
        {
            "turn": 8,
            "player_id": 2,
            "move": [
                7,
                6
            ],
            "color": 2,
            "thinking_time": 0.0261,
            "search_depth": 0
        },
        {
            "turn": 9,
            "player_id": 1,
            "move": [
                6,
                9
            ],
            "color": 1,
            "thinking_time": 0.243
        },
        {
            "turn": 10,
            "player_id": 2,
            "move": [
                8,
                9
            ],
            "color": 2,
            "thinking_time": 0.0264,
            "search_depth": 0
        },
        {
            "turn": 11,
            "player_id": 1,
            "move": [
                9,
                6
            ],
            "color": 1,
            "thinking_time": 0.1678
        },
        {
            "turn": 12,
            "player_id": 2,
            "move": [
                8,
                7
            ],
            "color": 2,
            "thinking_time": 0.0323,
            "search_depth": 0
        },
        {
            "turn": 13,
            "player_id": 1,
            "move": [
                9,
                8
            ],
            "color": 1,
            "thinking_time": 0.1696
        },
        {
            "turn": 14,
            "player_id": 2,
            "move": [
                9,
                7
            ],
            "color": 2,
            "thinking_time": 0.0319,
            "search_depth": 0
        },
        {
            "turn": 15,
            "player_id": 1,
            "move": [
                7,
                11
            ],
            "color": 1,
            "thinking_time": 0.1324
        },
        {
            "turn": 16,
            "player_id": 2,
            "move": [
                7,
                10
            ],
            "color": 2,
            "thinking_time": 0.0161,
            "search_depth": 0
        },
        {
            "turn": 17,
            "player_id": 1,
            "move": [
                10,
                8
            ],
            "color": 1,
            "thinking_time": 0.2559
        },
        {
            "turn": 18,
            "player_id": 2,
            "move": [
                8,
                10
            ],
            "color": 2,
            "thinking_time": 0.0268,
            "search_depth": 0
        },
        {
            "turn": 19,
            "player_id": 1,
            "move": [
                8,
                8
            ],
            "color": 1,
            "thinking_time": 0.0402
        },
        {
            "turn": 20,
            "player_id": 2,
            "move": [
                11,
                8
            ],
            "color": 2,
            "thinking_time": 0.0175,
            "search_depth": 0
        },
        {
            "turn": 21,
            "player_id": 1,
            "move": [
                10,
                10
            ],
            "color": 1,
            "thinking_time": 0.0991
        },
        {
            "turn": 22,
            "player_id": 2,
            "move": [
                11,
                11
            ],
            "color": 2,
            "thinking_time": 0.0168,
            "search_depth": 0
        },
        {
            "turn": 23,
            "player_id": 1,
            "move": [
                10,
                9
            ],
            "color": 1,
            "thinking_time": 0.227
        },
        {
            "turn": 24,
            "player_id": 2,
            "move": [
                10,
                7
            ],
            "color": 2,
            "thinking_time": 0.0392,
            "search_depth": 0
        },
        {
            "turn": 25,
            "player_id": 1,
            "move": [
                10,
                12
            ],
            "color": 1,
            "thinking_time": 0.108
        },
        {
            "turn": 26,
            "player_id": 2,
            "move": [
                10,
                11
            ],
            "color": 2,
            "thinking_time": 0.0161,
            "search_depth": 0
        },
        {
            "turn": 27,
            "player_id": 1,
            "move": [
                11,
                10
            ],
            "color": 1,
            "thinking_time": 0.2202
        },
        {
            "turn": 28,
            "player_id": 2,
            "move": [
                5,
                8
            ],
            "color": 2,
            "thinking_time": 29.3175,
            "search_depth": 5
        },
        {
            "turn": 29,
            "player_id": 1,
            "move": [
                12,
                11
            ],
            "color": 1,
            "thinking_time": 0.0942
        },
        {
            "turn": 30,
            "player_id": 2,
            "move": [
                13,
                12
            ],
            "color": 2,
            "thinking_time": 0.0175,
            "search_depth": 0
        },
        {
            "turn": 31,
            "player_id": 1,
            "move": [
                12,
                10
            ],
            "color": 1,
            "thinking_time": 0.1317
        },
        {
            "turn": 32,
            "player_id": 2,
            "move": [
                13,
                10
            ],
            "color": 2,
            "thinking_time": 0.0376,
            "search_depth": 0
        },
        {
            "turn": 33,
            "player_id": 1,
            "move": [
                12,
                9
            ],
            "color": 1,
            "thinking_time": 0.0873
        },
        {
            "turn": 34,
            "player_id": 2,
            "move": [
                12,
                8
            ],
            "color": 2,
            "thinking_time": 0.0324,
            "search_depth": 0
        },
        {
            "turn": 35,
            "player_id": 1,
            "move": [
                13,
                9
            ],
            "color": 1,
            "thinking_time": 0.0489
        },
        {
            "turn": 36,
            "player_id": 2,
            "move": [
                11,
                9
            ],
            "color": 2,
            "thinking_time": 0.0178,
            "search_depth": 0
        },
        {
            "turn": 37,
            "player_id": 1,
            "move": [
                12,
                13
            ],
            "color": 1,
            "thinking_time": 0.0924
        },
        {
            "turn": 38,
            "player_id": 2,
            "move": [
                12,
                12
            ],
            "color": 2,
            "thinking_time": 0.0175,
            "search_depth": 0
        },
        {
            "turn": 39,
            "player_id": 1,
            "move": [
                6,
                10
            ],
            "color": 1,
            "thinking_time": 0.1566
        },
        {
            "turn": 40,
            "player_id": 2,
            "move": [
                9,
                13
            ],
            "color": 2,
            "thinking_time": 29.3237,
            "search_depth": 5
        },
        {
            "turn": 41,
            "player_id": 1,
            "move": [
                5,
                11
            ],
            "color": 1,
            "thinking_time": 0.0948
        },
        {
            "turn": 42,
            "player_id": 2,
            "move": [
                4,
                12
            ],
            "color": 2,
            "thinking_time": 0.0179,
            "search_depth": 0
        },
        {
            "turn": 43,
            "player_id": 1,
            "move": [
                4,
                11
            ],
            "color": 1,
            "thinking_time": 0.1197
        },
        {
            "turn": 44,
            "player_id": 2,
            "move": [
                6,
                11
            ],
            "color": 2,
            "thinking_time": 0.0315,
            "search_depth": 0
        },
        {
            "turn": 45,
            "player_id": 1,
            "move": [
                5,
                10
            ],
            "color": 1,
            "thinking_time": 0.0811
        },
        {
            "turn": 46,
            "player_id": 2,
            "move": [
                3,
                12
            ],
            "color": 2,
            "thinking_time": 0.0185,
            "search_depth": 0
        },
        {
            "turn": 47,
            "player_id": 1,
            "move": [
                5,
                12
            ],
            "color": 1,
            "thinking_time": 0.0751
        },
        {
            "turn": 48,
            "player_id": 2,
            "move": [
                5,
                13
            ],
            "color": 2,
            "thinking_time": 0.0407,
            "search_depth": 0
        },
        {
            "turn": 49,
            "player_id": 1,
            "move": [
                3,
                10
            ],
            "color": 1,
            "thinking_time": 0.1166
        },
        {
            "turn": 50,
            "player_id": 2,
            "move": [
                6,
                13
            ],
            "color": 2,
            "thinking_time": 0.0316,
            "search_depth": 0
        },
        {
            "turn": 51,
            "player_id": 1,
            "move": [
                2,
                10
            ],
            "color": 1,
            "thinking_time": 0.0732
        },
        {
            "turn": 52,
            "player_id": 2,
            "move": [
                4,
                10
            ],
            "color": 2,
            "thinking_time": 0.0185,
            "search_depth": 0
        },
        {
            "turn": 53,
            "player_id": 1,
            "move": [
                2,
                9
            ],
            "color": 1,
            "thinking_time": 0.0844
        },
        {
            "turn": 54,
            "player_id": 2,
            "move": [
                1,
                8
            ],
            "color": 2,
            "thinking_time": 0.0187,
            "search_depth": 0
        },
        {
            "turn": 55,
            "player_id": 1,
            "move": [
                2,
                8
            ],
            "color": 1,
            "thinking_time": 0.0655
        },
        {
            "turn": 56,
            "player_id": 2,
            "move": [
                2,
                11
            ],
            "color": 2,
            "thinking_time": 0.0369,
            "search_depth": 0
        },
        {
            "turn": 57,
            "player_id": 1,
            "move": [
                2,
                6
            ],
            "color": 1,
            "thinking_time": 0.048
        },
        {
            "turn": 58,
            "player_id": 2,
            "move": [
                2,
                7
            ],
            "color": 2,
            "thinking_time": 0.0178,
            "search_depth": 0
        },
        {
            "turn": 59,
            "player_id": 1,
            "move": [
                4,
                4
            ],
            "color": 1,
            "thinking_time": 0.1076
        },
        {
            "turn": 60,
            "player_id": 2,
            "move": [
                7,
                13
            ],
            "color": 2,
            "thinking_time": 0.0579,
            "search_depth": 0
        },
        {
            "turn": 61,
            "player_id": 1,
            "move": [
                8,
                13
            ],
            "color": 1,
            "thinking_time": 0.016
        },
        {
            "turn": 62,
            "player_id": 2,
            "move": [
                4,
                13
            ],
            "color": 2,
            "thinking_time": 0.0478,
            "search_depth": 0
        },
        {
            "turn": 63,
            "player_id": 1,
            "move": [
                3,
                13
            ],
            "color": 1,
            "thinking_time": 0.0162
        },
        {
            "turn": 64,
            "player_id": 2,
            "move": [
                1,
                10
            ],
            "color": 2,
            "thinking_time": 0.0596,
            "search_depth": 0
        },
        {
            "turn": 65,
            "player_id": 1,
            "move": [
                0,
                9
            ],
            "color": 1,
            "thinking_time": 0.0165
        },
        {
            "turn": 66,
            "player_id": 2,
            "move": [
                5,
                14
            ],
            "color": 2,
            "thinking_time": 0.0176,
            "search_depth": 0
        }
    ]
}