{
    "game_id": "20250906_214816",
    "winner_id": 1,
    "winner_name": "Gomocup AI",
    "player_setup": {
        "p1_name": "Gomocup AI",
        "p2_name": "Negamax AI"
    },
    "final_colors": {
        "1": 1,
        "2": 2
    },
    "rules": {
        "banned_moves_enabled": false,
        "swap2_enabled": false
    },
    "move_history": [
        {
            "turn": 1,
            "player_id": 1,
            "move": [
                7,
                7
            ],
            "color": 1,
            "thinking_time": 0.016
        },
        {
            "turn": 2,
            "player_id": 2,
            "move": [
                6,
                7
            ],
            "color": 2,
            "thinking_time": 0.015,
            "search_depth": 0
        },
        {
            "turn": 3,
            "player_id": 1,
            "move": [
                8,
                8
            ],
            "color": 1,
            "thinking_time": 1.5072
        },
        {
            "turn": 4,
            "player_id": 2,
            "move": [
                5,
                5
            ],
            "color": 2,
            "thinking_time": 29.3142,
            "search_depth": 5
        },
        {
            "turn": 5,
            "player_id": 1,
            "move": [
                8,
                6
            ],
            "color": 1,
            "thinking_time": 0.5373
        },
        {
            "turn": 6,
            "player_id": 2,
            "move": [
                6,
                5
            ],
            "color": 2,
            "thinking_time": 29.3156,
            "search_depth": 4
        },
        {
            "turn": 7,
            "player_id": 1,
            "move": [
                10,
                10
            ],
            "color": 1,
            "thinking_time": 0.1344
        },
        {
            "turn": 8,
            "player_id": 2,
            "move": [
                9,
                9
            ],
            "color": 2,
            "thinking_time": 0.0257,
            "search_depth": 0
        },
        {
            "turn": 9,
            "player_id": 1,
            "move": [
                6,
                8
            ],
            "color": 1,
            "thinking_time": 0.139
        },
        {
            "turn": 10,
            "player_id": 2,
            "move": [
                9,
                5
            ],
            "color": 2,
            "thinking_time": 0.0262,
            "search_depth": 0
        },
        {
            "turn": 11,
            "player_id": 1,
            "move": [
                7,
                8
            ],
            "color": 1,
            "thinking_time": 0.0686
        },
        {
            "turn": 12,
            "player_id": 2,
            "move": [
                9,
                8
            ],
            "color": 2,
            "thinking_time": 0.0257,
            "search_depth": 0
        },
        {
            "turn": 13,
            "player_id": 1,
            "move": [
                7,
                5
            ],
            "color": 1,
            "thinking_time": 0.0334
        },
        {
            "turn": 14,
            "player_id": 2,
            "move": [
                7,
                6
            ],
            "color": 2,
            "thinking_time": 0.0346,
            "search_depth": 0
        },
        {
            "turn": 15,
            "player_id": 1,
            "move": [
                8,
                7
            ],
            "color": 1,
            "thinking_time": 0.0428
        },
        {
            "turn": 16,
            "player_id": 2,
            "move": [
                8,
                5
            ],
            "color": 2,
            "thinking_time": 0.0362,
            "search_depth": 0
        },
        {
            "turn": 17,
            "player_id": 1,
            "move": [
                5,
                8
            ],
            "color": 1,
            "thinking_time": 0.0309
        },
        {
            "turn": 18,
            "player_id": 2,
            "move": [
                4,
                8
            ],
            "color": 2,
            "thinking_time": 0.0165,
            "search_depth": 0
        },
        {
            "turn": 19,
            "player_id": 1,
            "move": [
                9,
                7
            ],
            "color": 1,
            "thinking_time": 0.0272
        },
        {
            "turn": 20,
            "player_id": 2,
            "move": [
                6,
                4
            ],
            "color": 2,
            "thinking_time": 0.0302,
            "search_depth": 0
        },
        {
            "turn": 21,
            "player_id": 1,
            "move": [
                7,
                9
            ],
            "color": 1,
            "thinking_time": 0.0242
        },
        {
            "turn": 22,
            "player_id": 2,
            "move": [
                10,
                6
            ],
            "color": 2,
            "thinking_time": 0.0297,
            "search_depth": 0
        },
        {
            "turn": 23,
            "player_id": 1,
            "move": [
                8,
                10
            ],
            "color": 1,
            "thinking_time": 0.0206
        },
        {
            "turn": 24,
            "player_id": 2,
            "move": [
                8,
                9
            ],
            "color": 2,
            "thinking_time": 0.0167,
            "search_depth": 0
        },
        {
            "turn": 25,
            "player_id": 1,
            "move": [
                5,
                7
            ],
            "color": 1,
            "thinking_time": 0.0151
        },
        {
            "turn": 26,
            "player_id": 2,
            "move": [
                4,
                6
            ],
            "color": 2,
            "thinking_time": 0.016,
            "search_depth": 0
        },
        {
            "turn": 27,
            "player_id": 1,
            "move": [
                9,
                11
            ],
            "color": 1,
            "thinking_time": 0.0158
        }
    ]
}