{
    "game_id": "20250906_220606",
    "winner_id": 1,
    "winner_name": "Gomocup AI",
    "player_setup": {
        "p1_name": "Gomocup AI",
        "p2_name": "Negamax AI"
    },
    "final_colors": {
        "1": 1,
        "2": 2
    },
    "rules": {
        "banned_moves_enabled": false,
        "swap2_enabled": false
    },
    "move_history": [
        {
            "turn": 1,
            "player_id": 1,
            "move": [
                7,
                7
            ],
            "color": 1,
            "thinking_time": 0.016
        },
        {
            "turn": 2,
            "player_id": 2,
            "move": [
                6,
                7
            ],
            "color": 2,
            "thinking_time": 0.017,
            "search_depth": 0
        },
        {
            "turn": 3,
            "player_id": 1,
            "move": [
                8,
                8
            ],
            "color": 1,
            "thinking_time": 1.5161
        },
        {
            "turn": 4,
            "player_id": 2,
            "move": [
                5,
                5
            ],
            "color": 2,
            "thinking_time": 29.3151,
            "search_depth": 5
        },
        {
            "turn": 5,
            "player_id": 1,
            "move": [
                8,
                6
            ],
            "color": 1,
            "thinking_time": 0.5438
        },
        {
            "turn": 6,
            "player_id": 2,
            "move": [
                5,
                6
            ],
            "color": 2,
            "thinking_time": 29.3133,
            "search_depth": 4
        },
        {
            "turn": 7,
            "player_id": 1,
            "move": [
                10,
                10
            ],
            "color": 1,
            "thinking_time": 0.1481
        },
        {
            "turn": 8,
            "player_id": 2,
            "move": [
                9,
                9
            ],
            "color": 2,
            "thinking_time": 0.0254,
            "search_depth": 0
        },
        {
            "turn": 9,
            "player_id": 1,
            "move": [
                6,
                8
            ],
            "color": 1,
            "thinking_time": 0.1553
        },
        {
            "turn": 10,
            "player_id": 2,
            "move": [
                5,
                9
            ],
            "color": 2,
            "thinking_time": 0.0267,
            "search_depth": 0
        },
        {
            "turn": 11,
            "player_id": 1,
            "move": [
                8,
                9
            ],
            "color": 1,
            "thinking_time": 0.0575
        },
        {
            "turn": 12,
            "player_id": 2,
            "move": [
                8,
                7
            ],
            "color": 2,
            "thinking_time": 0.014,
            "search_depth": 0
        },
        {
            "turn": 13,
            "player_id": 1,
            "move": [
                9,
                8
            ],
            "color": 1,
            "thinking_time": 0.0533
        },
        {
            "turn": 14,
            "player_id": 2,
            "move": [
                7,
                8
            ],
            "color": 2,
            "thinking_time": 0.0345,
            "search_depth": 0
        },
        {
            "turn": 15,
            "player_id": 1,
            "move": [
                7,
                10
            ],
            "color": 1,
            "thinking_time": 0.0927
        },
        {
            "turn": 16,
            "player_id": 2,
            "move": [
                10,
                7
            ],
            "color": 2,
            "thinking_time": 0.0278,
            "search_depth": 0
        },
        {
            "turn": 17,
            "player_id": 1,
            "move": [
                8,
                10
            ],
            "color": 1,
            "thinking_time": 0.0605
        },
        {
            "turn": 18,
            "player_id": 2,
            "move": [
                9,
                10
            ],
            "color": 2,
            "thinking_time": 0.029,
            "search_depth": 0
        },
        {
            "turn": 19,
            "player_id": 1,
            "move": [
                9,
                11
            ],
            "color": 1,
            "thinking_time": 0.0262
        },
        {
            "turn": 20,
            "player_id": 2,
            "move": [
                7,
                9
            ],
            "color": 2,
            "thinking_time": 0.0289,
            "search_depth": 0
        },
        {
            "turn": 21,
            "player_id": 1,
            "move": [
                8,
                12
            ],
            "color": 1,
            "thinking_time": 0.04
        },
        {
            "turn": 22,
            "player_id": 2,
            "move": [
                8,
                11
            ],
            "color": 2,
            "thinking_time": 0.0168,
            "search_depth": 0
        },
        {
            "turn": 23,
            "player_id": 1,
            "move": [
                11,
                9
            ],
            "color": 1,
            "thinking_time": 0.014
        },
        {
            "turn": 24,
            "player_id": 2,
            "move": [
                12,
                8
            ],
            "color": 2,
            "thinking_time": 0.0173,
            "search_depth": 0
        },
        {
            "turn": 25,
            "player_id": 1,
            "move": [
                7,
                13
            ],
            "color": 1,
            "thinking_time": 0.0155
        }
    ]
}