{
    "game_id": "20250906_220229",
    "winner_id": 2,
    "winner_name": "Negamax AI",
    "player_setup": {
        "p1_name": "Gomocup AI",
        "p2_name": "Negamax AI"
    },
    "final_colors": {
        "1": 1,
        "2": 2
    },
    "rules": {
        "banned_moves_enabled": false,
        "swap2_enabled": false
    },
    "move_history": [
        {
            "turn": 1,
            "player_id": 1,
            "move": [
                7,
                7
            ],
            "color": 1,
            "thinking_time": 0.0155
        },
        {
            "turn": 2,
            "player_id": 2,
            "move": [
                6,
                8
            ],
            "color": 2,
            "thinking_time": 0.0152,
            "search_depth": 0
        },
        {
            "turn": 3,
            "player_id": 1,
            "move": [
                9,
                9
            ],
            "color": 1,
            "thinking_time": 1.3092
        },
        {
            "turn": 4,
            "player_id": 2,
            "move": [
                6,
                6
            ],
            "color": 2,
            "thinking_time": 29.3208,
            "search_depth": 4
        },
        {
            "turn": 5,
            "player_id": 1,
            "move": [
                7,
                9
            ],
            "color": 1,
            "thinking_time": 0.6051
        },
        {
            "turn": 6,
            "player_id": 2,
            "move": [
                7,
                6
            ],
            "color": 2,
            "thinking_time": 29.3143,
            "search_depth": 4
        },
        {
            "turn": 7,
            "player_id": 1,
            "move": [
                6,
                9
            ],
            "color": 1,
            "thinking_time": 0.4452
        },
        {
            "turn": 8,
            "player_id": 2,
            "move": [
                8,
                9
            ],
            "color": 2,
            "thinking_time": 0.0242,
            "search_depth": 0
        },
        {
            "turn": 9,
            "player_id": 1,
            "move": [
                9,
                6
            ],
            "color": 1,
            "thinking_time": 0.3366
        },
        {
            "turn": 10,
            "player_id": 2,
            "move": [
                6,
                7
            ],
            "color": 2,
            "thinking_time": 29.3168,
            "search_depth": 4
        },
        {
            "turn": 11,
            "player_id": 1,
            "move": [
                7,
                8
            ],
            "color": 1,
            "thinking_time": 0.0974
        },
        {
            "turn": 12,
            "player_id": 2,
            "move": [
                8,
                7
            ],
            "color": 2,
            "thinking_time": 0.03,
            "search_depth": 0
        },
        {
            "turn": 13,
            "player_id": 1,
            "move": [
                9,
                8
            ],
            "color": 1,
            "thinking_time": 0.107
        },
        {
            "turn": 14,
            "player_id": 2,
            "move": [
                9,
                7
            ],
            "color": 2,
            "thinking_time": 0.0246,
            "search_depth": 0
        },
        {
            "turn": 15,
            "player_id": 1,
            "move": [
                7,
                11
            ],
            "color": 1,
            "thinking_time": 0.0623
        },
        {
            "turn": 16,
            "player_id": 2,
            "move": [
                7,
                10
            ],
            "color": 2,
            "thinking_time": 0.016,
            "search_depth": 0
        },
        {
            "turn": 17,
            "player_id": 1,
            "move": [
                10,
                8
            ],
            "color": 1,
            "thinking_time": 0.137
        },
        {
            "turn": 18,
            "player_id": 2,
            "move": [
                8,
                10
            ],
            "color": 2,
            "thinking_time": 0.0261,
            "search_depth": 0
        },
        {
            "turn": 19,
            "player_id": 1,
            "move": [
                8,
                8
            ],
            "color": 1,
            "thinking_time": 0.0271
        },
        {
            "turn": 20,
            "player_id": 2,
            "move": [
                11,
                8
            ],
            "color": 2,
            "thinking_time": 0.016,
            "search_depth": 0
        },
        {
            "turn": 21,
            "player_id": 1,
            "move": [
                10,
                10
            ],
            "color": 1,
            "thinking_time": 0.0827
        },
        {
            "turn": 22,
            "player_id": 2,
            "move": [
                11,
                11
            ],
            "color": 2,
            "thinking_time": 0.017,
            "search_depth": 0
        },
        {
            "turn": 23,
            "player_id": 1,
            "move": [
                10,
                9
            ],
            "color": 1,
            "thinking_time": 0.0805
        },
        {
            "turn": 24,
            "player_id": 2,
            "move": [
                10,
                7
            ],
            "color": 2,
            "thinking_time": 0.035,
            "search_depth": 0
        },
        {
            "turn": 25,
            "player_id": 1,
            "move": [
                10,
                12
            ],
            "color": 1,
            "thinking_time": 0.024
        },
        {
            "turn": 26,
            "player_id": 2,
            "move": [
                10,
                11
            ],
            "color": 2,
            "thinking_time": 0.0174,
            "search_depth": 0
        },
        {
            "turn": 27,
            "player_id": 1,
            "move": [
                11,
                10
            ],
            "color": 1,
            "thinking_time": 0.0915
        },
        {
            "turn": 28,
            "player_id": 2,
            "move": [
                12,
                9
            ],
            "color": 2,
            "thinking_time": 29.3208,
            "search_depth": 5
        },
        {
            "turn": 29,
            "player_id": 1,
            "move": [
                13,
                10
            ],
            "color": 1,
            "thinking_time": 0.0267
        },
        {
            "turn": 30,
            "player_id": 2,
            "move": [
                12,
                10
            ],
            "color": 2,
            "thinking_time": 0.028,
            "search_depth": 0
        },
        {
            "turn": 31,
            "player_id": 1,
            "move": [
                12,
                11
            ],
            "color": 1,
            "thinking_time": 0.0242
        },
        {
            "turn": 32,
            "player_id": 2,
            "move": [
                13,
                12
            ],
            "color": 2,
            "thinking_time": 0.0159,
            "search_depth": 0
        },
        {
            "turn": 33,
            "player_id": 1,
            "move": [
                11,
                12
            ],
            "color": 1,
            "thinking_time": 0.0304
        },
        {
            "turn": 34,
            "player_id": 2,
            "move": [
                10,
                13
            ],
            "color": 2,
            "thinking_time": 0.0364,
            "search_depth": 0
        },
        {
            "turn": 35,
            "player_id": 1,
            "move": [
                8,
                12
            ],
            "color": 1,
            "thinking_time": 0.0451
        },
        {
            "turn": 36,
            "player_id": 2,
            "move": [
                9,
                12
            ],
            "color": 2,
            "thinking_time": 0.0271,
            "search_depth": 0
        },
        {
            "turn": 37,
            "player_id": 1,
            "move": [
                6,
                10
            ],
            "color": 1,
            "thinking_time": 0.0571
        },
        {
            "turn": 38,
            "player_id": 2,
            "move": [
                5,
                9
            ],
            "color": 2,
            "thinking_time": 0.029,
            "search_depth": 0
        },
        {
            "turn": 39,
            "player_id": 1,
            "move": [
                5,
                11
            ],
            "color": 1,
            "thinking_time": 0.0333
        },
        {
            "turn": 40,
            "player_id": 2,
            "move": [
                4,
                12
            ],
            "color": 2,
            "thinking_time": 0.0171,
            "search_depth": 0
        },
        {
            "turn": 41,
            "player_id": 1,
            "move": [
                4,
                11
            ],
            "color": 1,
            "thinking_time": 0.0634
        },
        {
            "turn": 42,
            "player_id": 2,
            "move": [
                6,
                11
            ],
            "color": 2,
            "thinking_time": 0.0302,
            "search_depth": 0
        },
        {
            "turn": 43,
            "player_id": 1,
            "move": [
                7,
                13
            ],
            "color": 1,
            "thinking_time": 0.0459
        },
        {
            "turn": 44,
            "player_id": 2,
            "move": [
                9,
                11
            ],
            "color": 2,
            "thinking_time": 0.031,
            "search_depth": 0
        },
        {
            "turn": 45,
            "player_id": 1,
            "move": [
                3,
                12
            ],
            "color": 1,
            "thinking_time": 0.0381
        },
        {
            "turn": 46,
            "player_id": 2,
            "move": [
                5,
                10
            ],
            "color": 2,
            "thinking_time": 0.018,
            "search_depth": 0
        },
        {
            "turn": 47,
            "player_id": 1,
            "move": [
                9,
                13
            ],
            "color": 1,
            "thinking_time": 0.0279
        },
        {
            "turn": 48,
            "player_id": 2,
            "move": [
                10,
                14
            ],
            "color": 2,
            "thinking_time": 0.018,
            "search_depth": 0
        },
        {
            "turn": 49,
            "player_id": 1,
            "move": [
                4,
                10
            ],
            "color": 1,
            "thinking_time": 0.0299
        },
        {
            "turn": 50,
            "player_id": 2,
            "move": [
                6,
                12
            ],
            "color": 2,
            "thinking_time": 0.0297,
            "search_depth": 0
        },
        {
            "turn": 51,
            "player_id": 1,
            "move": [
                4,
                13
            ],
            "color": 1,
            "thinking_time": 0.0322
        },
        {
            "turn": 52,
            "player_id": 2,
            "move": [
                3,
                11
            ],
            "color": 2,
            "thinking_time": 29.3242,
            "search_depth": 4
        },
        {
            "turn": 53,
            "player_id": 1,
            "move": [
                6,
                13
            ],
            "color": 1,
            "thinking_time": 0.0487
        },
        {
            "turn": 54,
            "player_id": 2,
            "move": [
                5,
                13
            ],
            "color": 2,
            "thinking_time": 0.0312,
            "search_depth": 0
        },
        {
            "turn": 55,
            "player_id": 1,
            "move": [
                2,
                10
            ],
            "color": 1,
            "thinking_time": 0.0259
        },
        {
            "turn": 56,
            "player_id": 2,
            "move": [
                4,
                9
            ],
            "color": 2,
            "thinking_time": 26.0275,
            "search_depth": 5
        },
        {
            "turn": 57,
            "player_id": 1,
            "move": [
                3,
                8
            ],
            "color": 1,
            "thinking_time": 0.0158
        },
        {
            "turn": 58,
            "player_id": 2,
            "move": [
                5,
                8
            ],
            "color": 2,
            "thinking_time": 0.0754,
            "search_depth": 0
        },
        {
            "turn": 59,
            "player_id": 1,
            "move": [
                8,
                5
            ],
            "color": 1,
            "thinking_time": 0.015
        },
        {
            "turn": 60,
            "player_id": 2,
            "move": [
                3,
                10
            ],
            "color": 2,
            "thinking_time": 0.0182,
            "search_depth": 0
        }
    ]
}