{
    "game_id": "20250906_214023",
    "winner_id": 1,
    "winner_name": "Gomocup AI",
    "player_setup": {
        "p1_name": "Gomocup AI",
        "p2_name": "Negamax AI"
    },
    "final_colors": {
        "1": 1,
        "2": 2
    },
    "rules": {
        "banned_moves_enabled": false,
        "swap2_enabled": false
    },
    "move_history": [
        {
            "turn": 1,
            "player_id": 1,
            "move": [
                7,
                7
            ],
            "color": 1,
            "thinking_time": 0.0151
        },
        {
            "turn": 2,
            "player_id": 2,
            "move": [
                6,
                7
            ],
            "color": 2,
            "thinking_time": 0.006,
            "search_depth": 0
        },
        {
            "turn": 3,
            "player_id": 1,
            "move": [
                8,
                8
            ],
            "color": 1,
            "thinking_time": 1.5181
        },
        {
            "turn": 4,
            "player_id": 2,
            "move": [
                6,
                8
            ],
            "color": 2,
            "thinking_time": 29.3201,
            "search_depth": 4
        },
        {
            "turn": 5,
            "player_id": 1,
            "move": [
                6,
                6
            ],
            "color": 1,
            "thinking_time": 0.137
        },
        {
            "turn": 6,
            "player_id": 2,
            "move": [
                5,
                5
            ],
            "color": 2,
            "thinking_time": 0.0226,
            "search_depth": 0
        },
        {
            "turn": 7,
            "player_id": 1,
            "move": [
                10,
                10
            ],
            "color": 1,
            "thinking_time": 0.1965
        },
        {
            "turn": 8,
            "player_id": 2,
            "move": [
                9,
                9
            ],
            "color": 2,
            "thinking_time": 0.0162,
            "search_depth": 0
        },
        {
            "turn": 9,
            "player_id": 1,
            "move": [
                7,
                9
            ],
            "color": 1,
            "thinking_time": 0.3361
        },
        {
            "turn": 10,
            "player_id": 2,
            "move": [
                4,
                5
            ],
            "color": 2,
            "thinking_time": 29.3191,
            "search_depth": 4
        },
        {
            "turn": 11,
            "player_id": 1,
            "move": [
                7,
                6
            ],
            "color": 1,
            "thinking_time": 0.1203
        },
        {
            "turn": 12,
            "player_id": 2,
            "move": [
                7,
                8
            ],
            "color": 2,
            "thinking_time": 0.0337,
            "search_depth": 0
        },
        {
            "turn": 13,
            "player_id": 1,
            "move": [
                5,
                6
            ],
            "color": 1,
            "thinking_time": 0.0523
        },
        {
            "turn": 14,
            "player_id": 2,
            "move": [
                4,
                6
            ],
            "color": 2,
            "thinking_time": 0.0354,
            "search_depth": 0
        },
        {
            "turn": 15,
            "player_id": 1,
            "move": [
                10,
                6
            ],
            "color": 1,
            "thinking_time": 0.1083
        },
        {
            "turn": 16,
            "player_id": 2,
            "move": [
                9,
                7
            ],
            "color": 2,
            "thinking_time": 0.0276,
            "search_depth": 0
        },
        {
            "turn": 17,
            "player_id": 1,
            "move": [
                9,
                6
            ],
            "color": 1,
            "thinking_time": 0.1428
        },
        {
            "turn": 18,
            "player_id": 2,
            "move": [
                8,
                6
            ],
            "color": 2,
            "thinking_time": 0.0159,
            "search_depth": 0
        },
        {
            "turn": 19,
            "player_id": 1,
            "move": [
                7,
                5
            ],
            "color": 1,
            "thinking_time": 0.1332
        },
        {
            "turn": 20,
            "player_id": 2,
            "move": [
                4,
                4
            ],
            "color": 2,
            "thinking_time": 29.324,
            "search_depth": 5
        },
        {
            "turn": 21,
            "player_id": 1,
            "move": [
                4,
                3
            ],
            "color": 1,
            "thinking_time": 0.0534
        },
        {
            "turn": 22,
            "player_id": 2,
            "move": [
                4,
                7
            ],
            "color": 2,
            "thinking_time": 29.32,
            "search_depth": 5
        },
        {
            "turn": 23,
            "player_id": 1,
            "move": [
                4,
                8
            ],
            "color": 1,
            "thinking_time": 0.0156
        },
        {
            "turn": 24,
            "player_id": 2,
            "move": [
                5,
                7
            ],
            "color": 2,
            "thinking_time": 0.0374,
            "search_depth": 0
        },
        {
            "turn": 25,
            "player_id": 1,
            "move": [
                7,
                3
            ],
            "color": 1,
            "thinking_time": 0.0292
        },
        {
            "turn": 26,
            "player_id": 2,
            "move": [
                7,
                4
            ],
            "color": 2,
            "thinking_time": 0.0166,
            "search_depth": 0
        },
        {
            "turn": 27,
            "player_id": 1,
            "move": [
                8,
                4
            ],
            "color": 1,
            "thinking_time": 0.0687
        },
        {
            "turn": 28,
            "player_id": 2,
            "move": [
                9,
                5
            ],
            "color": 2,
            "thinking_time": 0.0384,
            "search_depth": 0
        },
        {
            "turn": 29,
            "player_id": 1,
            "move": [
                9,
                3
            ],
            "color": 1,
            "thinking_time": 0.049
        },
        {
            "turn": 30,
            "player_id": 2,
            "move": [
                10,
                2
            ],
            "color": 2,
            "thinking_time": 0.0171,
            "search_depth": 0
        },
        {
            "turn": 31,
            "player_id": 1,
            "move": [
                8,
                3
            ],
            "color": 1,
            "thinking_time": 0.0623
        },
        {
            "turn": 32,
            "player_id": 2,
            "move": [
                6,
                3
            ],
            "color": 2,
            "thinking_time": 0.0328,
            "search_depth": 0
        },
        {
            "turn": 33,
            "player_id": 1,
            "move": [
                8,
                2
            ],
            "color": 1,
            "thinking_time": 0.0415
        },
        {
            "turn": 34,
            "player_id": 2,
            "move": [
                8,
                1
            ],
            "color": 2,
            "thinking_time": 0.0323,
            "search_depth": 0
        },
        {
            "turn": 35,
            "player_id": 1,
            "move": [
                10,
                4
            ],
            "color": 1,
            "thinking_time": 0.0424
        },
        {
            "turn": 36,
            "player_id": 2,
            "move": [
                7,
                1
            ],
            "color": 2,
            "thinking_time": 0.0398,
            "search_depth": 0
        },
        {
            "turn": 37,
            "player_id": 1,
            "move": [
                10,
                5
            ],
            "color": 1,
            "thinking_time": 0.0276
        },
        {
            "turn": 38,
            "player_id": 2,
            "move": [
                10,
                3
            ],
            "color": 2,
            "thinking_time": 0.0384,
            "search_depth": 0
        },
        {
            "turn": 39,
            "player_id": 1,
            "move": [
                11,
                4
            ],
            "color": 1,
            "thinking_time": 0.0399
        },
        {
            "turn": 40,
            "player_id": 2,
            "move": [
                12,
                3
            ],
            "color": 2,
            "thinking_time": 0.032,
            "search_depth": 0
        },
        {
            "turn": 41,
            "player_id": 1,
            "move": [
                9,
                4
            ],
            "color": 1,
            "thinking_time": 0.0327
        },
        {
            "turn": 42,
            "player_id": 2,
            "move": [
                12,
                4
            ],
            "color": 2,
            "thinking_time": 0.0172,
            "search_depth": 0
        },
        {
            "turn": 43,
            "player_id": 1,
            "move": [
                7,
                2
            ],
            "color": 1,
            "thinking_time": 0.0156
        },
        {
            "turn": 44,
            "player_id": 2,
            "move": [
                6,
                1
            ],
            "color": 2,
            "thinking_time": 0.0177,
            "search_depth": 0
        },
        {
            "turn": 45,
            "player_id": 1,
            "move": [
                11,
                6
            ],
            "color": 1,
            "thinking_time": 0.0152
        }
    ]
}