{
    "game_id": "20250906_212709",
    "winner_id": 2,
    "winner_name": "Negamax AI",
    "player_setup": {
        "p1_name": "Gomocup AI",
        "p2_name": "Negamax AI"
    },
    "final_colors": {
        "1": 1,
        "2": 2
    },
    "rules": {
        "banned_moves_enabled": false,
        "swap2_enabled": false
    },
    "move_history": [
        {
            "turn": 1,
            "player_id": 1,
            "move": [
                7,
                7
            ],
            "color": 1,
            "thinking_time": 0.007
        },
        {
            "turn": 2,
            "player_id": 2,
            "move": [
                6,
                8
            ],
            "color": 2,
            "thinking_time": 0.0169,
            "search_depth": 0
        },
        {
            "turn": 3,
            "player_id": 1,
            "move": [
                9,
                9
            ],
            "color": 1,
            "thinking_time": 1.2989
        },
        {
            "turn": 4,
            "player_id": 2,
            "move": [
                6,
                6
            ],
            "color": 2,
            "thinking_time": 29.3162,
            "search_depth": 4
        },
        {
            "turn": 5,
            "player_id": 1,
            "move": [
                7,
                9
            ],
            "color": 1,
            "thinking_time": 0.6153
        },
        {
            "turn": 6,
            "player_id": 2,
            "move": [
                4,
                8
            ],
            "color": 2,
            "thinking_time": 29.3173,
            "search_depth": 4
        },
        {
            "turn": 7,
            "player_id": 1,
            "move": [
                7,
                8
            ],
            "color": 1,
            "thinking_time": 0.3113
        },
        {
            "turn": 8,
            "player_id": 2,
            "move": [
                7,
                6
            ],
            "color": 2,
            "thinking_time": 0.0255,
            "search_depth": 0
        },
        {
            "turn": 9,
            "player_id": 1,
            "move": [
                6,
                9
            ],
            "color": 1,
            "thinking_time": 0.2314
        },
        {
            "turn": 10,
            "player_id": 2,
            "move": [
                8,
                9
            ],
            "color": 2,
            "thinking_time": 0.0255,
            "search_depth": 0
        },
        {
            "turn": 11,
            "player_id": 1,
            "move": [
                9,
                6
            ],
            "color": 1,
            "thinking_time": 0.1705
        },
        {
            "turn": 12,
            "player_id": 2,
            "move": [
                8,
                7
            ],
            "color": 2,
            "thinking_time": 0.0268,
            "search_depth": 0
        },
        {
            "turn": 13,
            "player_id": 1,
            "move": [
                9,
                8
            ],
            "color": 1,
            "thinking_time": 0.1722
        },
        {
            "turn": 14,
            "player_id": 2,
            "move": [
                9,
                7
            ],
            "color": 2,
            "thinking_time": 0.0317,
            "search_depth": 0
        },
        {
            "turn": 15,
            "player_id": 1,
            "move": [
                7,
                11
            ],
            "color": 1,
            "thinking_time": 0.1223
        },
        {
            "turn": 16,
            "player_id": 2,
            "move": [
                7,
                10
            ],
            "color": 2,
            "thinking_time": 0.0157,
            "search_depth": 0
        },
        {
            "turn": 17,
            "player_id": 1,
            "move": [
                10,
                8
            ],
            "color": 1,
            "thinking_time": 0.2536
        },
        {
            "turn": 18,
            "player_id": 2,
            "move": [
                8,
                10
            ],
            "color": 2,
            "thinking_time": 0.0352,
            "search_depth": 0
        },
        {
            "turn": 19,
            "player_id": 1,
            "move": [
                8,
                8
            ],
            "color": 1,
            "thinking_time": 0.0416
        },
        {
            "turn": 20,
            "player_id": 2,
            "move": [
                11,
                8
            ],
            "color": 2,
            "thinking_time": 0.0162,
            "search_depth": 0
        },
        {
            "turn": 21,
            "player_id": 1,
            "move": [
                10,
                10
            ],
            "color": 1,
            "thinking_time": 0.099
        },
        {
            "turn": 22,
            "player_id": 2,
            "move": [
                11,
                11
            ],
            "color": 2,
            "thinking_time": 0.016,
            "search_depth": 0
        },
        {
            "turn": 23,
            "player_id": 1,
            "move": [
                10,
                9
            ],
            "color": 1,
            "thinking_time": 0.2305
        },
        {
            "turn": 24,
            "player_id": 2,
            "move": [
                10,
                7
            ],
            "color": 2,
            "thinking_time": 0.0303,
            "search_depth": 0
        },
        {
            "turn": 25,
            "player_id": 1,
            "move": [
                10,
                12
            ],
            "color": 1,
            "thinking_time": 0.098
        },
        {
            "turn": 26,
            "player_id": 2,
            "move": [
                10,
                11
            ],
            "color": 2,
            "thinking_time": 0.0166,
            "search_depth": 0
        },
        {
            "turn": 27,
            "player_id": 1,
            "move": [
                11,
                10
            ],
            "color": 1,
            "thinking_time": 0.2312
        },
        {
            "turn": 28,
            "player_id": 2,
            "move": [
                5,
                8
            ],
            "color": 2,
            "thinking_time": 29.3268,
            "search_depth": 5
        },
        {
            "turn": 29,
            "player_id": 1,
            "move": [
                12,
                11
            ],
            "color": 1,
            "thinking_time": 0.1053
        },
        {
            "turn": 30,
            "player_id": 2,
            "move": [
                13,
                12
            ],
            "color": 2,
            "thinking_time": 0.0175,
            "search_depth": 0
        },
        {
            "turn": 31,
            "player_id": 1,
            "move": [
                12,
                10
            ],
            "color": 1,
            "thinking_time": 0.131
        },
        {
            "turn": 32,
            "player_id": 2,
            "move": [
                13,
                10
            ],
            "color": 2,
            "thinking_time": 0.0298,
            "search_depth": 0
        },
        {
            "turn": 33,
            "player_id": 1,
            "move": [
                12,
                9
            ],
            "color": 1,
            "thinking_time": 0.0884
        },
        {
            "turn": 34,
            "player_id": 2,
            "move": [
                12,
                8
            ],
            "color": 2,
            "thinking_time": 0.0317,
            "search_depth": 0
        },
        {
            "turn": 35,
            "player_id": 1,
            "move": [
                13,
                9
            ],
            "color": 1,
            "thinking_time": 0.0484
        },
        {
            "turn": 36,
            "player_id": 2,
            "move": [
                11,
                9
            ],
            "color": 2,
            "thinking_time": 0.0185,
            "search_depth": 0
        },
        {
            "turn": 37,
            "player_id": 1,
            "move": [
                12,
                13
            ],
            "color": 1,
            "thinking_time": 0.0905
        },
        {
            "turn": 38,
            "player_id": 2,
            "move": [
                12,
                12
            ],
            "color": 2,
            "thinking_time": 0.0181,
            "search_depth": 0
        },
        {
            "turn": 39,
            "player_id": 1,
            "move": [
                6,
                10
            ],
            "color": 1,
            "thinking_time": 0.1562
        },
        {
            "turn": 40,
            "player_id": 2,
            "move": [
                4,
                12
            ],
            "color": 2,
            "thinking_time": 29.3242,
            "search_depth": 5
        },
        {
            "turn": 41,
            "player_id": 1,
            "move": [
                8,
                12
            ],
            "color": 1,
            "thinking_time": 0.1211
        },
        {
            "turn": 42,
            "player_id": 2,
            "move": [
                9,
                13
            ],
            "color": 2,
            "thinking_time": 0.0392,
            "search_depth": 0
        },
        {
            "turn": 43,
            "player_id": 1,
            "move": [
                9,
                12
            ],
            "color": 1,
            "thinking_time": 0.1236
        },
        {
            "turn": 44,
            "player_id": 2,
            "move": [
                7,
                12
            ],
            "color": 2,
            "thinking_time": 0.0319,
            "search_depth": 0
        },
        {
            "turn": 45,
            "player_id": 1,
            "move": [
                9,
                11
            ],
            "color": 1,
            "thinking_time": 0.0855
        },
        {
            "turn": 46,
            "player_id": 2,
            "move": [
                9,
                10
            ],
            "color": 2,
            "thinking_time": 0.015,
            "search_depth": 0
        },
        {
            "turn": 47,
            "player_id": 1,
            "move": [
                7,
                13
            ],
            "color": 1,
            "thinking_time": 0.0802
        },
        {
            "turn": 48,
            "player_id": 2,
            "move": [
                6,
                14
            ],
            "color": 2,
            "thinking_time": 0.0177,
            "search_depth": 0
        },
        {
            "turn": 49,
            "player_id": 1,
            "move": [
                3,
                9
            ],
            "color": 1,
            "thinking_time": 0.1325
        },
        {
            "turn": 50,
            "player_id": 2,
            "move": [
                4,
                6
            ],
            "color": 2,
            "thinking_time": 29.328,
            "search_depth": 4
        },
        {
            "turn": 51,
            "player_id": 1,
            "move": [
                5,
                6
            ],
            "color": 1,
            "thinking_time": 0.0316
        },
        {
            "turn": 52,
            "player_id": 2,
            "move": [
                4,
                9
            ],
            "color": 2,
            "thinking_time": 0.042,
            "search_depth": 0
        },
        {
            "turn": 53,
            "player_id": 1,
            "move": [
                4,
                7
            ],
            "color": 1,
            "thinking_time": 0.0155
        },
        {
            "turn": 54,
            "player_id": 2,
            "move": [
                6,
                7
            ],
            "color": 2,
            "thinking_time": 0.0437,
            "search_depth": 0
        },
        {
            "turn": 55,
            "player_id": 1,
            "move": [
                8,
                5
            ],
            "color": 1,
            "thinking_time": 0.0156
        },
        {
            "turn": 56,
            "player_id": 2,
            "move": [
                3,
                10
            ],
            "color": 2,
            "thinking_time": 0.0167,
            "search_depth": 0
        }
    ]
}