{
    "game_id": "20250906_221238",
    "winner_id": 1,
    "winner_name": "Gomocup AI",
    "player_setup": {
        "p1_name": "Gomocup AI",
        "p2_name": "Negamax AI"
    },
    "final_colors": {
        "1": 1,
        "2": 2
    },
    "rules": {
        "banned_moves_enabled": false,
        "swap2_enabled": false
    },
    "move_history": [
        {
            "turn": 1,
            "player_id": 1,
            "move": [
                7,
                7
            ],
            "color": 1,
            "thinking_time": 0.0168
        },
        {
            "turn": 2,
            "player_id": 2,
            "move": [
                6,
                7
            ],
            "color": 2,
            "thinking_time": 0.016,
            "search_depth": 0
        },
        {
            "turn": 3,
            "player_id": 1,
            "move": [
                8,
                8
            ],
            "color": 1,
            "thinking_time": 1.5089
        },
        {
            "turn": 4,
            "player_id": 2,
            "move": [
                5,
                8
            ],
            "color": 2,
            "thinking_time": 29.3142,
            "search_depth": 4
        },
        {
            "turn": 5,
            "player_id": 1,
            "move": [
                6,
                6
            ],
            "color": 1,
            "thinking_time": 0.3756
        },
        {
            "turn": 6,
            "player_id": 2,
            "move": [
                5,
                5
            ],
            "color": 2,
            "thinking_time": 0.0273,
            "search_depth": 0
        },
        {
            "turn": 7,
            "player_id": 1,
            "move": [
                10,
                10
            ],
            "color": 1,
            "thinking_time": 0.173
        },
        {
            "turn": 8,
            "player_id": 2,
            "move": [
                9,
                9
            ],
            "color": 2,
            "thinking_time": 0.0153,
            "search_depth": 0
        },
        {
            "turn": 9,
            "player_id": 1,
            "move": [
                8,
                6
            ],
            "color": 1,
            "thinking_time": 0.1786
        },
        {
            "turn": 10,
            "player_id": 2,
            "move": [
                7,
                9
            ],
            "color": 2,
            "thinking_time": 29.3157,
            "search_depth": 5
        },
        {
            "turn": 11,
            "player_id": 1,
            "move": [
                7,
                6
            ],
            "color": 1,
            "thinking_time": 0.086
        },
        {
            "turn": 12,
            "player_id": 2,
            "move": [
                5,
                6
            ],
            "color": 2,
            "thinking_time": 0.0279,
            "search_depth": 0
        },
        {
            "turn": 13,
            "player_id": 1,
            "move": [
                5,
                9
            ],
            "color": 1,
            "thinking_time": 0.0527
        },
        {
            "turn": 14,
            "player_id": 2,
            "move": [
                6,
                8
            ],
            "color": 2,
            "thinking_time": 0.026,
            "search_depth": 0
        },
        {
            "turn": 15,
            "player_id": 1,
            "move": [
                7,
                5
            ],
            "color": 1,
            "thinking_time": 0.0542
        },
        {
            "turn": 16,
            "player_id": 2,
            "move": [
                7,
                4
            ],
            "color": 2,
            "thinking_time": 0.0263,
            "search_depth": 0
        },
        {
            "turn": 17,
            "player_id": 1,
            "move": [
                10,
                8
            ],
            "color": 1,
            "thinking_time": 0.065
        },
        {
            "turn": 18,
            "player_id": 2,
            "move": [
                9,
                7
            ],
            "color": 2,
            "thinking_time": 0.0339,
            "search_depth": 0
        },
        {
            "turn": 19,
            "player_id": 1,
            "move": [
                10,
                9
            ],
            "color": 1,
            "thinking_time": 0.0545
        },
        {
            "turn": 20,
            "player_id": 2,
            "move": [
                10,
                11
            ],
            "color": 2,
            "thinking_time": 0.0301,
            "search_depth": 0
        },
        {
            "turn": 21,
            "player_id": 1,
            "move": [
                9,
                8
            ],
            "color": 1,
            "thinking_time": 0.026
        },
        {
            "turn": 22,
            "player_id": 2,
            "move": [
                10,
                6
            ],
            "color": 2,
            "thinking_time": 0.0355,
            "search_depth": 0
        },
        {
            "turn": 23,
            "player_id": 1,
            "move": [
                11,
                8
            ],
            "color": 1,
            "thinking_time": 0.0152
        },
        {
            "turn": 24,
            "player_id": 2,
            "move": [
                12,
                8
            ],
            "color": 2,
            "thinking_time": 0.0171,
            "search_depth": 0
        },
        {
            "turn": 25,
            "player_id": 1,
            "move": [
                7,
                8
            ],
            "color": 1,
            "thinking_time": 0.0159
        }
    ]
}