{
    "game_id": "20250906_222228",
    "winner_id": 1,
    "winner_name": "Gomocup AI",
    "player_setup": {
        "p1_name": "Gomocup AI",
        "p2_name": "Negamax AI"
    },
    "final_colors": {
        "1": 1,
        "2": 2
    },
    "rules": {
        "banned_moves_enabled": false,
        "swap2_enabled": false
    },
    "move_history": [
        {
            "turn": 1,
            "player_id": 1,
            "move": [
                7,
                7
            ],
            "color": 1,
            "thinking_time": 0.017
        },
        {
            "turn": 2,
            "player_id": 2,
            "move": [
                6,
                8
            ],
            "color": 2,
            "thinking_time": 0.0157,
            "search_depth": 0
        },
        {
            "turn": 3,
            "player_id": 1,
            "move": [
                9,
                9
            ],
            "color": 1,
            "thinking_time": 1.3115
        },
        {
            "turn": 4,
            "player_id": 2,
            "move": [
                6,
                6
            ],
            "color": 2,
            "thinking_time": 29.3199,
            "search_depth": 4
        },
        {
            "turn": 5,
            "player_id": 1,
            "move": [
                7,
                9
            ],
            "color": 1,
            "thinking_time": 0.6104
        },
        {
            "turn": 6,
            "player_id": 2,
            "move": [
                7,
                6
            ],
            "color": 2,
            "thinking_time": 29.3169,
            "search_depth": 4
        },
        {
            "turn": 7,
            "player_id": 1,
            "move": [
                6,
                9
            ],
            "color": 1,
            "thinking_time": 0.4473
        },
        {
            "turn": 8,
            "player_id": 2,
            "move": [
                8,
                9
            ],
            "color": 2,
            "thinking_time": 0.024,
            "search_depth": 0
        },
        {
            "turn": 9,
            "player_id": 1,
            "move": [
                9,
                6
            ],
            "color": 1,
            "thinking_time": 0.3483
        },
        {
            "turn": 10,
            "player_id": 2,
            "move": [
                6,
                7
            ],
            "color": 2,
            "thinking_time": 29.3215,
            "search_depth": 4
        },
        {
            "turn": 11,
            "player_id": 1,
            "move": [
                7,
                8
            ],
            "color": 1,
            "thinking_time": 0.0977
        },
        {
            "turn": 12,
            "player_id": 2,
            "move": [
                8,
                7
            ],
            "color": 2,
            "thinking_time": 0.025,
            "search_depth": 0
        },
        {
            "turn": 13,
            "player_id": 1,
            "move": [
                9,
                8
            ],
            "color": 1,
            "thinking_time": 0.1075
        },
        {
            "turn": 14,
            "player_id": 2,
            "move": [
                9,
                7
            ],
            "color": 2,
            "thinking_time": 0.0294,
            "search_depth": 0
        },
        {
            "turn": 15,
            "player_id": 1,
            "move": [
                7,
                11
            ],
            "color": 1,
            "thinking_time": 0.0719
        },
        {
            "turn": 16,
            "player_id": 2,
            "move": [
                7,
                10
            ],
            "color": 2,
            "thinking_time": 0.0165,
            "search_depth": 0
        },
        {
            "turn": 17,
            "player_id": 1,
            "move": [
                10,
                8
            ],
            "color": 1,
            "thinking_time": 0.1482
        },
        {
            "turn": 18,
            "player_id": 2,
            "move": [
                8,
                10
            ],
            "color": 2,
            "thinking_time": 0.0325,
            "search_depth": 0
        },
        {
            "turn": 19,
            "player_id": 1,
            "move": [
                8,
                8
            ],
            "color": 1,
            "thinking_time": 0.0331
        },
        {
            "turn": 20,
            "player_id": 2,
            "move": [
                11,
                8
            ],
            "color": 2,
            "thinking_time": 0.016,
            "search_depth": 0
        },
        {
            "turn": 21,
            "player_id": 1,
            "move": [
                10,
                10
            ],
            "color": 1,
            "thinking_time": 0.0751
        },
        {
            "turn": 22,
            "player_id": 2,
            "move": [
                11,
                11
            ],
            "color": 2,
            "thinking_time": 0.0166,
            "search_depth": 0
        },
        {
            "turn": 23,
            "player_id": 1,
            "move": [
                10,
                9
            ],
            "color": 1,
            "thinking_time": 0.0905
        },
        {
            "turn": 24,
            "player_id": 2,
            "move": [
                10,
                7
            ],
            "color": 2,
            "thinking_time": 0.0285,
            "search_depth": 0
        },
        {
            "turn": 25,
            "player_id": 1,
            "move": [
                10,
                12
            ],
            "color": 1,
            "thinking_time": 0.0221
        },
        {
            "turn": 26,
            "player_id": 2,
            "move": [
                10,
                11
            ],
            "color": 2,
            "thinking_time": 0.0172,
            "search_depth": 0
        },
        {
            "turn": 27,
            "player_id": 1,
            "move": [
                11,
                10
            ],
            "color": 1,
            "thinking_time": 0.099
        },
        {
            "turn": 28,
            "player_id": 2,
            "move": [
                4,
                9
            ],
            "color": 2,
            "thinking_time": 29.3226,
            "search_depth": 5
        },
        {
            "turn": 29,
            "player_id": 1,
            "move": [
                5,
                8
            ],
            "color": 1,
            "thinking_time": 0.0835
        },
        {
            "turn": 30,
            "player_id": 2,
            "move": [
                11,
                7
            ],
            "color": 2,
            "thinking_time": 29.3197,
            "search_depth": 5
        },
        {
            "turn": 31,
            "player_id": 1,
            "move": [
                12,
                7
            ],
            "color": 1,
            "thinking_time": 0.0156
        },
        {
            "turn": 32,
            "player_id": 2,
            "move": [
                12,
                11
            ],
            "color": 2,
            "thinking_time": 29.3282,
            "search_depth": 5
        },
        {
            "turn": 33,
            "player_id": 1,
            "move": [
                9,
                11
            ],
            "color": 1,
            "thinking_time": 0.0573
        },
        {
            "turn": 34,
            "player_id": 2,
            "move": [
                4,
                11
            ],
            "color": 2,
            "thinking_time": 29.3263,
            "search_depth": 5
        },
        {
            "turn": 35,
            "player_id": 1,
            "move": [
                8,
                12
            ],
            "color": 1,
            "thinking_time": 0.0604
        },
        {
            "turn": 36,
            "player_id": 2,
            "move": [
                11,
                9
            ],
            "color": 2,
            "thinking_time": 0.0333,
            "search_depth": 0
        },
        {
            "turn": 37,
            "player_id": 1,
            "move": [
                9,
                12
            ],
            "color": 1,
            "thinking_time": 0.0435
        },
        {
            "turn": 38,
            "player_id": 2,
            "move": [
                9,
                10
            ],
            "color": 2,
            "thinking_time": 0.0184,
            "search_depth": 0
        },
        {
            "turn": 39,
            "player_id": 1,
            "move": [
                7,
                12
            ],
            "color": 1,
            "thinking_time": 0.015
        },
        {
            "turn": 40,
            "player_id": 2,
            "move": [
                6,
                12
            ],
            "color": 2,
            "thinking_time": 0.0175,
            "search_depth": 0
        },
        {
            "turn": 41,
            "player_id": 1,
            "move": [
                11,
                12
            ],
            "color": 1,
            "thinking_time": 0.0149
        }
    ]
}