{
    "game_id": "20250906_215925",
    "winner_id": 1,
    "winner_name": "Gomocup AI",
    "player_setup": {
        "p1_name": "Gomocup AI",
        "p2_name": "Negamax AI"
    },
    "final_colors": {
        "1": 1,
        "2": 2
    },
    "rules": {
        "banned_moves_enabled": false,
        "swap2_enabled": false
    },
    "move_history": [
        {
            "turn": 1,
            "player_id": 1,
            "move": [
                7,
                7
            ],
            "color": 1,
            "thinking_time": 0.0155
        },
        {
            "turn": 2,
            "player_id": 2,
            "move": [
                6,
                8
            ],
            "color": 2,
            "thinking_time": 0.015,
            "search_depth": 0
        },
        {
            "turn": 3,
            "player_id": 1,
            "move": [
                9,
                9
            ],
            "color": 1,
            "thinking_time": 1.3005
        },
        {
            "turn": 4,
            "player_id": 2,
            "move": [
                6,
                6
            ],
            "color": 2,
            "thinking_time": 29.3151,
            "search_depth": 4
        },
        {
            "turn": 5,
            "player_id": 1,
            "move": [
                7,
                9
            ],
            "color": 1,
            "thinking_time": 0.6236
        },
        {
            "turn": 6,
            "player_id": 2,
            "move": [
                7,
                6
            ],
            "color": 2,
            "thinking_time": 29.3138,
            "search_depth": 4
        },
        {
            "turn": 7,
            "player_id": 1,
            "move": [
                6,
                9
            ],
            "color": 1,
            "thinking_time": 0.456
        },
        {
            "turn": 8,
            "player_id": 2,
            "move": [
                8,
                9
            ],
            "color": 2,
            "thinking_time": 0.0242,
            "search_depth": 0
        },
        {
            "turn": 9,
            "player_id": 1,
            "move": [
                9,
                6
            ],
            "color": 1,
            "thinking_time": 0.3471
        },
        {
            "turn": 10,
            "player_id": 2,
            "move": [
                9,
                8
            ],
            "color": 2,
            "thinking_time": 29.3153,
            "search_depth": 5
        },
        {
            "turn": 11,
            "player_id": 1,
            "move": [
                8,
                8
            ],
            "color": 1,
            "thinking_time": 0.1674
        },
        {
            "turn": 12,
            "player_id": 2,
            "move": [
                10,
                10
            ],
            "color": 2,
            "thinking_time": 29.3151,
            "search_depth": 4
        },
        {
            "turn": 13,
            "player_id": 1,
            "move": [
                8,
                7
            ],
            "color": 1,
            "thinking_time": 0.1126
        },
        {
            "turn": 14,
            "player_id": 2,
            "move": [
                7,
                8
            ],
            "color": 2,
            "thinking_time": 0.0256,
            "search_depth": 0
        },
        {
            "turn": 15,
            "player_id": 1,
            "move": [
                9,
                7
            ],
            "color": 1,
            "thinking_time": 0.1033
        },
        {
            "turn": 16,
            "player_id": 2,
            "move": [
                6,
                7
            ],
            "color": 2,
            "thinking_time": 0.035,
            "search_depth": 0
        },
        {
            "turn": 17,
            "player_id": 1,
            "move": [
                10,
                6
            ],
            "color": 1,
            "thinking_time": 0.0157
        },
        {
            "turn": 18,
            "player_id": 2,
            "move": [
                11,
                5
            ],
            "color": 2,
            "thinking_time": 0.0153,
            "search_depth": 0
        },
        {
            "turn": 19,
            "player_id": 1,
            "move": [
                6,
                10
            ],
            "color": 1,
            "thinking_time": 0.0142
        }
    ]
}