{
    "game_id": "20250906_220957",
    "winner_id": 1,
    "winner_name": "Gomocup AI",
    "player_setup": {
        "p1_name": "Gomocup AI",
        "p2_name": "Negamax AI"
    },
    "final_colors": {
        "1": 1,
        "2": 2
    },
    "rules": {
        "banned_moves_enabled": false,
        "swap2_enabled": false
    },
    "move_history": [
        {
            "turn": 1,
            "player_id": 1,
            "move": [
                7,
                7
            ],
            "color": 1,
            "thinking_time": 0.0149
        },
        {
            "turn": 2,
            "player_id": 2,
            "move": [
                6,
                7
            ],
            "color": 2,
            "thinking_time": 0.0147,
            "search_depth": 0
        },
        {
            "turn": 3,
            "player_id": 1,
            "move": [
                8,
                8
            ],
            "color": 1,
            "thinking_time": 1.5026
        },
        {
            "turn": 4,
            "player_id": 2,
            "move": [
                6,
                8
            ],
            "color": 2,
            "thinking_time": 29.3192,
            "search_depth": 4
        },
        {
            "turn": 5,
            "player_id": 1,
            "move": [
                6,
                6
            ],
            "color": 1,
            "thinking_time": 0.128
        },
        {
            "turn": 6,
            "player_id": 2,
            "move": [
                5,
                5
            ],
            "color": 2,
            "thinking_time": 0.0227,
            "search_depth": 0
        },
        {
            "turn": 7,
            "player_id": 1,
            "move": [
                10,
                10
            ],
            "color": 1,
            "thinking_time": 0.2055
        },
        {
            "turn": 8,
            "player_id": 2,
            "move": [
                9,
                9
            ],
            "color": 2,
            "thinking_time": 0.0162,
            "search_depth": 0
        },
        {
            "turn": 9,
            "player_id": 1,
            "move": [
                7,
                9
            ],
            "color": 1,
            "thinking_time": 0.335
        },
        {
            "turn": 10,
            "player_id": 2,
            "move": [
                5,
                6
            ],
            "color": 2,
            "thinking_time": 29.3195,
            "search_depth": 4
        },
        {
            "turn": 11,
            "player_id": 1,
            "move": [
                7,
                8
            ],
            "color": 1,
            "thinking_time": 0.1056
        },
        {
            "turn": 12,
            "player_id": 2,
            "move": [
                7,
                6
            ],
            "color": 2,
            "thinking_time": 0.0296,
            "search_depth": 0
        },
        {
            "turn": 13,
            "player_id": 1,
            "move": [
                7,
                10
            ],
            "color": 1,
            "thinking_time": 0.0907
        },
        {
            "turn": 14,
            "player_id": 2,
            "move": [
                7,
                11
            ],
            "color": 2,
            "thinking_time": 0.0159,
            "search_depth": 0
        },
        {
            "turn": 15,
            "player_id": 1,
            "move": [
                8,
                10
            ],
            "color": 1,
            "thinking_time": 0.112
        },
        {
            "turn": 16,
            "player_id": 2,
            "move": [
                9,
                10
            ],
            "color": 2,
            "thinking_time": 0.0269,
            "search_depth": 0
        },
        {
            "turn": 17,
            "player_id": 1,
            "move": [
                9,
                7
            ],
            "color": 1,
            "thinking_time": 0.1025
        },
        {
            "turn": 18,
            "player_id": 2,
            "move": [
                6,
                10
            ],
            "color": 2,
            "thinking_time": 0.028,
            "search_depth": 0
        },
        {
            "turn": 19,
            "player_id": 1,
            "move": [
                8,
                7
            ],
            "color": 1,
            "thinking_time": 0.0481
        },
        {
            "turn": 20,
            "player_id": 2,
            "move": [
                8,
                9
            ],
            "color": 2,
            "thinking_time": 0.0273,
            "search_depth": 0
        },
        {
            "turn": 21,
            "player_id": 1,
            "move": [
                6,
                9
            ],
            "color": 1,
            "thinking_time": 0.0392
        },
        {
            "turn": 22,
            "player_id": 2,
            "move": [
                9,
                6
            ],
            "color": 2,
            "thinking_time": 0.0272,
            "search_depth": 0
        },
        {
            "turn": 23,
            "player_id": 1,
            "move": [
                5,
                8
            ],
            "color": 1,
            "thinking_time": 0.0233
        },
        {
            "turn": 24,
            "player_id": 2,
            "move": [
                4,
                7
            ],
            "color": 2,
            "thinking_time": 0.0281,
            "search_depth": 0
        },
        {
            "turn": 25,
            "player_id": 1,
            "move": [
                10,
                7
            ],
            "color": 1,
            "thinking_time": 0.0155
        },
        {
            "turn": 26,
            "player_id": 2,
            "move": [
                11,
                7
            ],
            "color": 2,
            "thinking_time": 0.016,
            "search_depth": 0
        },
        {
            "turn": 27,
            "player_id": 1,
            "move": [
                10,
                8
            ],
            "color": 1,
            "thinking_time": 0.0235
        },
        {
            "turn": 28,
            "player_id": 2,
            "move": [
                10,
                9
            ],
            "color": 2,
            "thinking_time": 0.0293,
            "search_depth": 0
        },
        {
            "turn": 29,
            "player_id": 1,
            "move": [
                11,
                9
            ],
            "color": 1,
            "thinking_time": 0.0237
        },
        {
            "turn": 30,
            "player_id": 2,
            "move": [
                8,
                6
            ],
            "color": 2,
            "thinking_time": 0.0317,
            "search_depth": 0
        },
        {
            "turn": 31,
            "player_id": 1,
            "move": [
                9,
                11
            ],
            "color": 1,
            "thinking_time": 0.0179
        },
        {
            "turn": 32,
            "player_id": 2,
            "move": [
                8,
                12
            ],
            "color": 2,
            "thinking_time": 0.0311,
            "search_depth": 0
        },
        {
            "turn": 33,
            "player_id": 1,
            "move": [
                5,
                9
            ],
            "color": 1,
            "thinking_time": 0.0382
        },
        {
            "turn": 34,
            "player_id": 2,
            "move": [
                5,
                10
            ],
            "color": 2,
            "thinking_time": 0.0367,
            "search_depth": 0
        },
        {
            "turn": 35,
            "player_id": 1,
            "move": [
                10,
                6
            ],
            "color": 1,
            "thinking_time": 0.015
        },
        {
            "turn": 36,
            "player_id": 2,
            "move": [
                11,
                5
            ],
            "color": 2,
            "thinking_time": 0.0177,
            "search_depth": 0
        },
        {
            "turn": 37,
            "player_id": 1,
            "move": [
                3,
                9
            ],
            "color": 1,
            "thinking_time": 0.0161
        },
        {
            "turn": 38,
            "player_id": 2,
            "move": [
                4,
                9
            ],
            "color": 2,
            "thinking_time": 0.0178,
            "search_depth": 0
        },
        {
            "turn": 39,
            "player_id": 1,
            "move": [
                4,
                8
            ],
            "color": 1,
            "thinking_time": 0.0165
        },
        {
            "turn": 40,
            "player_id": 2,
            "move": [
                5,
                7
            ],
            "color": 2,
            "thinking_time": 0.0309,
            "search_depth": 0
        },
        {
            "turn": 41,
            "player_id": 1,
            "move": [
                11,
                8
            ],
            "color": 1,
            "thinking_time": 0.0166
        },
        {
            "turn": 42,
            "player_id": 2,
            "move": [
                9,
                8
            ],
            "color": 2,
            "thinking_time": 0.0175,
            "search_depth": 0
        },
        {
            "turn": 43,
            "player_id": 1,
            "move": [
                12,
                8
            ],
            "color": 1,
            "thinking_time": 0.0165
        },
        {
            "turn": 44,
            "player_id": 2,
            "move": [
                13,
                7
            ],
            "color": 2,
            "thinking_time": 0.0185,
            "search_depth": 0
        },
        {
            "turn": 45,
            "player_id": 1,
            "move": [
                10,
                4
            ],
            "color": 1,
            "thinking_time": 0.0168
        },
        {
            "turn": 46,
            "player_id": 2,
            "move": [
                10,
                5
            ],
            "color": 2,
            "thinking_time": 0.0185,
            "search_depth": 0
        },
        {
            "turn": 47,
            "player_id": 1,
            "move": [
                12,
                10
            ],
            "color": 1,
            "thinking_time": 0.0164
        },
        {
            "turn": 48,
            "player_id": 2,
            "move": [
                13,
                11
            ],
            "color": 2,
            "thinking_time": 0.0181,
            "search_depth": 0
        },
        {
            "turn": 49,
            "player_id": 1,
            "move": [
                10,
                12
            ],
            "color": 1,
            "thinking_time": 0.0191
        },
        {
            "turn": 50,
            "player_id": 2,
            "move": [
                11,
                13
            ],
            "color": 2,
            "thinking_time": 0.0189,
            "search_depth": 0
        },
        {
            "turn": 51,
            "player_id": 1,
            "move": [
                11,
                11
            ],
            "color": 1,
            "thinking_time": 0.0326
        },
        {
            "turn": 52,
            "player_id": 2,
            "move": [
                9,
                13
            ],
            "color": 2,
            "thinking_time": 0.034,
            "search_depth": 0
        },
        {
            "turn": 53,
            "player_id": 1,
            "move": [
                10,
                14
            ],
            "color": 1,
            "thinking_time": 0.0159
        },
        {
            "turn": 54,
            "player_id": 2,
            "move": [
                14,
                8
            ],
            "color": 2,
            "thinking_time": 0.0266,
            "search_depth": 0
        },
        {
            "turn": 55,
            "player_id": 1,
            "move": [
                10,
                13
            ],
            "color": 1,
            "thinking_time": 0.0366
        },
        {
            "turn": 56,
            "player_id": 2,
            "move": [
                10,
                11
            ],
            "color": 2,
            "thinking_time": 0.0189,
            "search_depth": 0
        },
        {
            "turn": 57,
            "player_id": 1,
            "move": [
                11,
                12
            ],
            "color": 1,
            "thinking_time": 0.0225
        },
        {
            "turn": 58,
            "player_id": 2,
            "move": [
                11,
                10
            ],
            "color": 2,
            "thinking_time": 0.0193,
            "search_depth": 0
        },
        {
            "turn": 59,
            "player_id": 1,
            "move": [
                12,
                11
            ],
            "color": 1,
            "thinking_time": 0.033
        },
        {
            "turn": 60,
            "player_id": 2,
            "move": [
                12,
                9
            ],
            "color": 2,
            "thinking_time": 0.036,
            "search_depth": 0
        },
        {
            "turn": 61,
            "player_id": 1,
            "move": [
                13,
                10
            ],
            "color": 1,
            "thinking_time": 0.0157
        },
        {
            "turn": 62,
            "player_id": 2,
            "move": [
                9,
                14
            ],
            "color": 2,
            "thinking_time": 0.018,
            "search_depth": 0
        },
        {
            "turn": 63,
            "player_id": 1,
            "move": [
                14,
                9
            ],
            "color": 1,
            "thinking_time": 0.0159
        }
    ]
}