{
    "game_id": "20250905_020219",
    "winner_id": 1,
    "winner_name": "Negamax AI",
    "player_setup": {
        "p1_name": "Negamax AI",
        "p2_name": "Gomocup AI"
    },
    "final_colors": {
        "1": 1,
        "2": 2
    },
    "rules": {
        "banned_moves_enabled": false,
        "swap2_enabled": false
    },
    "move_history": [
        {
            "turn": 1,
            "player_id": 1,
            "move": [
                7,
                7
            ],
            "color": 1,
            "thinking_time": 0.0195,
            "search_depth": 0
        },
        {
            "turn": 2,
            "player_id": 2,
            "move": [
                5,
                5
            ],
            "color": 2,
            "thinking_time": 0.0615
        },
        {
            "turn": 3,
            "player_id": 1,
            "move": [
                6,
                6
            ],
            "color": 1,
            "thinking_time": 29.3169,
            "search_depth": 4
        },
        {
            "turn": 4,
            "player_id": 2,
            "move": [
                8,
                8
            ],
            "color": 2,
            "thinking_time": 0.0652
        },
        {
            "turn": 5,
            "player_id": 1,
            "move": [
                5,
                4
            ],
            "color": 1,
            "thinking_time": 29.3198,
            "search_depth": 4
        },
        {
            "turn": 6,
            "player_id": 2,
            "move": [
                7,
                9
            ],
            "color": 2,
            "thinking_time": 0.0737
        },
        {
            "turn": 7,
            "player_id": 1,
            "move": [
                9,
                7
            ],
            "color": 1,
            "thinking_time": 29.3201,
            "search_depth": 3
        },
        {
            "turn": 8,
            "player_id": 2,
            "move": [
                6,
                10
            ],
            "color": 2,
            "thinking_time": 0.0699
        },
        {
            "turn": 9,
            "player_id": 1,
            "move": [
                6,
                5
            ],
            "color": 1,
            "thinking_time": 29.3206,
            "search_depth": 4
        },
        {
            "turn": 10,
            "player_id": 2,
            "move": [
                5,
                11
            ],
            "color": 2,
            "thinking_time": 0.0845
        },
        {
            "turn": 11,
            "player_id": 1,
            "move": [
                4,
                12
            ],
            "color": 1,
            "thinking_time": 0.0161,
            "search_depth": 0
        },
        {
            "turn": 12,
            "player_id": 2,
            "move": [
                8,
                7
            ],
            "color": 2,
            "thinking_time": 0.086
        },
        {
            "turn": 13,
            "player_id": 1,
            "move": [
                8,
                9
            ],
            "color": 1,
            "thinking_time": 29.322,
            "search_depth": 3
        },
        {
            "turn": 14,
            "player_id": 2,
            "move": [
                8,
                6
            ],
            "color": 2,
            "thinking_time": 0.0967
        },
        {
            "turn": 15,
            "player_id": 1,
            "move": [
                7,
                6
            ],
            "color": 1,
            "thinking_time": 29.3173,
            "search_depth": 4
        },
        {
            "turn": 16,
            "player_id": 2,
            "move": [
                8,
                5
            ],
            "color": 2,
            "thinking_time": 0.0847
        },
        {
            "turn": 17,
            "player_id": 1,
            "move": [
                8,
                4
            ],
            "color": 1,
            "thinking_time": 0.016,
            "search_depth": 0
        },
        {
            "turn": 18,
            "player_id": 2,
            "move": [
                4,
                3
            ],
            "color": 2,
            "thinking_time": 0.0909
        },
        {
            "turn": 19,
            "player_id": 1,
            "move": [
                6,
                4
            ],
            "color": 1,
            "thinking_time": 0.0294,
            "search_depth": 0
        },
        {
            "turn": 20,
            "player_id": 2,
            "move": [
                6,
                7
            ],
            "color": 2,
            "thinking_time": 0.1004
        },
        {
            "turn": 21,
            "player_id": 1,
            "move": [
                7,
                4
            ],
            "color": 1,
            "thinking_time": 0.0465,
            "search_depth": 0
        },
        {
            "turn": 22,
            "player_id": 2,
            "move": [
                4,
                4
            ],
            "color": 2,
            "thinking_time": 0.08
        },
        {
            "turn": 23,
            "player_id": 1,
            "move": [
                9,
                4
            ],
            "color": 1,
            "thinking_time": 0.016,
            "search_depth": 0
        }
    ]
}