{
    "game_id": "20250905_025936",
    "winner_id": 1,
    "winner_name": "Negamax AI",
    "player_setup": {
        "p1_name": "Negamax AI",
        "p2_name": "Gomocup AI"
    },
    "final_colors": {
        "1": 1,
        "2": 2
    },
    "rules": {
        "banned_moves_enabled": false,
        "swap2_enabled": false
    },
    "move_history": [
        {
            "turn": 1,
            "player_id": 1,
            "move": [
                7,
                7
            ],
            "color": 1,
            "thinking_time": 0.0177,
            "search_depth": 0
        },
        {
            "turn": 2,
            "player_id": 2,
            "move": [
                5,
                5
            ],
            "color": 2,
            "thinking_time": 0.0621
        },
        {
            "turn": 3,
            "player_id": 1,
            "move": [
                7,
                5
            ],
            "color": 1,
            "thinking_time": 29.3169,
            "search_depth": 4
        },
        {
            "turn": 4,
            "player_id": 2,
            "move": [
                7,
                6
            ],
            "color": 2,
            "thinking_time": 0.0761
        },
        {
            "turn": 5,
            "player_id": 1,
            "move": [
                5,
                6
            ],
            "color": 1,
            "thinking_time": 29.3218,
            "search_depth": 4
        },
        {
            "turn": 6,
            "player_id": 2,
            "move": [
                6,
                7
            ],
            "color": 2,
            "thinking_time": 0.0742
        },
        {
            "turn": 7,
            "player_id": 1,
            "move": [
                6,
                8
            ],
            "color": 1,
            "thinking_time": 29.3174,
            "search_depth": 4
        },
        {
            "turn": 8,
            "player_id": 2,
            "move": [
                5,
                8
            ],
            "color": 2,
            "thinking_time": 0.071
        },
        {
            "turn": 9,
            "player_id": 1,
            "move": [
                8,
                5
            ],
            "color": 1,
            "thinking_time": 0.0296,
            "search_depth": 0
        },
        {
            "turn": 10,
            "player_id": 2,
            "move": [
                4,
                9
            ],
            "color": 2,
            "thinking_time": 0.0727
        },
        {
            "turn": 11,
            "player_id": 1,
            "move": [
                3,
                10
            ],
            "color": 1,
            "thinking_time": 0.0155,
            "search_depth": 0
        },
        {
            "turn": 12,
            "player_id": 2,
            "move": [
                5,
                9
            ],
            "color": 2,
            "thinking_time": 0.086
        },
        {
            "turn": 13,
            "player_id": 1,
            "move": [
                10,
                5
            ],
            "color": 1,
            "thinking_time": 29.3211,
            "search_depth": 4
        },
        {
            "turn": 14,
            "player_id": 2,
            "move": [
                9,
                5
            ],
            "color": 2,
            "thinking_time": 0.0823
        },
        {
            "turn": 15,
            "player_id": 1,
            "move": [
                3,
                8
            ],
            "color": 1,
            "thinking_time": 29.3249,
            "search_depth": 3
        },
        {
            "turn": 16,
            "player_id": 2,
            "move": [
                3,
                9
            ],
            "color": 2,
            "thinking_time": 0.1003
        },
        {
            "turn": 17,
            "player_id": 1,
            "move": [
                2,
                9
            ],
            "color": 1,
            "thinking_time": 0.0275,
            "search_depth": 0
        },
        {
            "turn": 18,
            "player_id": 2,
            "move": [
                6,
                9
            ],
            "color": 2,
            "thinking_time": 0.0771
        },
        {
            "turn": 19,
            "player_id": 1,
            "move": [
                7,
                9
            ],
            "color": 1,
            "thinking_time": 0.0158,
            "search_depth": 0
        },
        {
            "turn": 20,
            "player_id": 2,
            "move": [
                4,
                7
            ],
            "color": 2,
            "thinking_time": 0.1016
        },
        {
            "turn": 21,
            "player_id": 1,
            "move": [
                7,
                10
            ],
            "color": 1,
            "thinking_time": 0.0294,
            "search_depth": 0
        },
        {
            "turn": 22,
            "player_id": 2,
            "move": [
                3,
                6
            ],
            "color": 2,
            "thinking_time": 0.086
        },
        {
            "turn": 23,
            "player_id": 1,
            "move": [
                2,
                5
            ],
            "color": 1,
            "thinking_time": 0.0165,
            "search_depth": 0
        },
        {
            "turn": 24,
            "player_id": 2,
            "move": [
                7,
                8
            ],
            "color": 2,
            "thinking_time": 0.1114
        },
        {
            "turn": 25,
            "player_id": 1,
            "move": [
                5,
                10
            ],
            "color": 1,
            "thinking_time": 0.0286,
            "search_depth": 0
        },
        {
            "turn": 26,
            "player_id": 2,
            "move": [
                4,
                10
            ],
            "color": 2,
            "thinking_time": 0.1049
        },
        {
            "turn": 27,
            "player_id": 1,
            "move": [
                4,
                8
            ],
            "color": 1,
            "thinking_time": 0.0385,
            "search_depth": 0
        },
        {
            "turn": 28,
            "player_id": 2,
            "move": [
                3,
                11
            ],
            "color": 2,
            "thinking_time": 0.125
        },
        {
            "turn": 29,
            "player_id": 1,
            "move": [
                2,
                8
            ],
            "color": 1,
            "thinking_time": 29.3148,
            "search_depth": 3
        },
        {
            "turn": 30,
            "player_id": 2,
            "move": [
                2,
                12
            ],
            "color": 2,
            "thinking_time": 0.1031
        },
        {
            "turn": 31,
            "player_id": 1,
            "move": [
                1,
                13
            ],
            "color": 1,
            "thinking_time": 0.0177,
            "search_depth": 0
        },
        {
            "turn": 32,
            "player_id": 2,
            "move": [
                1,
                8
            ],
            "color": 2,
            "thinking_time": 0.1185
        },
        {
            "turn": 33,
            "player_id": 1,
            "move": [
                2,
                7
            ],
            "color": 1,
            "thinking_time": 0.0532,
            "search_depth": 0
        },
        {
            "turn": 34,
            "player_id": 2,
            "move": [
                2,
                6
            ],
            "color": 2,
            "thinking_time": 0.0952
        },
        {
            "turn": 35,
            "player_id": 1,
            "move": [
                8,
                10
            ],
            "color": 1,
            "thinking_time": 29.3277,
            "search_depth": 4
        },
        {
            "turn": 36,
            "player_id": 2,
            "move": [
                9,
                11
            ],
            "color": 2,
            "thinking_time": 0.1175
        },
        {
            "turn": 37,
            "player_id": 1,
            "move": [
                9,
                10
            ],
            "color": 1,
            "thinking_time": 0.0342,
            "search_depth": 0
        },
        {
            "turn": 38,
            "player_id": 2,
            "move": [
                6,
                10
            ],
            "color": 2,
            "thinking_time": 0.1074
        },
        {
            "turn": 39,
            "player_id": 1,
            "move": [
                10,
                10
            ],
            "color": 1,
            "thinking_time": 29.3241,
            "search_depth": 5
        },
        {
            "turn": 40,
            "player_id": 2,
            "move": [
                11,
                10
            ],
            "color": 2,
            "thinking_time": 0.1017
        },
        {
            "turn": 41,
            "player_id": 1,
            "move": [
                9,
                9
            ],
            "color": 1,
            "thinking_time": 29.3228,
            "search_depth": 4
        },
        {
            "turn": 42,
            "player_id": 2,
            "move": [
                2,
                10
            ],
            "color": 2,
            "thinking_time": 0.1395
        },
        {
            "turn": 43,
            "player_id": 1,
            "move": [
                8,
                8
            ],
            "color": 1,
            "thinking_time": 0.0688,
            "search_depth": 0
        },
        {
            "turn": 44,
            "player_id": 2,
            "move": [
                11,
                11
            ],
            "color": 2,
            "thinking_time": 0.109
        },
        {
            "turn": 45,
            "player_id": 1,
            "move": [
                6,
                6
            ],
            "color": 1,
            "thinking_time": 0.017,
            "search_depth": 0
        }
    ]
}