{
    "game_id": "20250905_003701",
    "winner_id": 1,
    "winner_name": "Negamax AI",
    "player_setup": {
        "p1_name": "Negamax AI",
        "p2_name": "Gomocup AI"
    },
    "final_colors": {
        "1": 1,
        "2": 2
    },
    "rules": {
        "banned_moves_enabled": false,
        "swap2_enabled": false
    },
    "move_history": [
        {
            "turn": 1,
            "player_id": 1,
            "move": [
                7,
                7
            ],
            "color": 1,
            "thinking_time": 0.0192,
            "search_depth": 0
        },
        {
            "turn": 2,
            "player_id": 2,
            "move": [
                5,
                5
            ],
            "color": 2,
            "thinking_time": 0.0608
        },
        {
            "turn": 3,
            "player_id": 1,
            "move": [
                6,
                6
            ],
            "color": 1,
            "thinking_time": 29.3188,
            "search_depth": 4
        },
        {
            "turn": 4,
            "player_id": 2,
            "move": [
                8,
                8
            ],
            "color": 2,
            "thinking_time": 0.0753
        },
        {
            "turn": 5,
            "player_id": 1,
            "move": [
                5,
                4
            ],
            "color": 1,
            "thinking_time": 29.3192,
            "search_depth": 4
        },
        {
            "turn": 6,
            "player_id": 2,
            "move": [
                7,
                9
            ],
            "color": 2,
            "thinking_time": 0.0732
        },
        {
            "turn": 7,
            "player_id": 1,
            "move": [
                6,
                7
            ],
            "color": 1,
            "thinking_time": 29.3211,
            "search_depth": 3
        },
        {
            "turn": 8,
            "player_id": 2,
            "move": [
                6,
                10
            ],
            "color": 2,
            "thinking_time": 0.0687
        },
        {
            "turn": 9,
            "player_id": 1,
            "move": [
                9,
                7
            ],
            "color": 1,
            "thinking_time": 0.0305,
            "search_depth": 0
        },
        {
            "turn": 10,
            "player_id": 2,
            "move": [
                5,
                11
            ],
            "color": 2,
            "thinking_time": 0.063
        },
        {
            "turn": 11,
            "player_id": 1,
            "move": [
                4,
                12
            ],
            "color": 1,
            "thinking_time": 0.0164,
            "search_depth": 0
        },
        {
            "turn": 12,
            "player_id": 2,
            "move": [
                8,
                7
            ],
            "color": 2,
            "thinking_time": 0.0854
        },
        {
            "turn": 13,
            "player_id": 1,
            "move": [
                8,
                6
            ],
            "color": 1,
            "thinking_time": 29.3206,
            "search_depth": 3
        },
        {
            "turn": 14,
            "player_id": 2,
            "move": [
                8,
                9
            ],
            "color": 2,
            "thinking_time": 0.0863
        },
        {
            "turn": 15,
            "player_id": 1,
            "move": [
                6,
                4
            ],
            "color": 1,
            "thinking_time": 0.0535,
            "search_depth": 0
        },
        {
            "turn": 16,
            "player_id": 2,
            "move": [
                8,
                10
            ],
            "color": 2,
            "thinking_time": 0.0744
        },
        {
            "turn": 17,
            "player_id": 1,
            "move": [
                8,
                11
            ],
            "color": 1,
            "thinking_time": 0.0167,
            "search_depth": 0
        },
        {
            "turn": 18,
            "player_id": 2,
            "move": [
                6,
                5
            ],
            "color": 2,
            "thinking_time": 0.0905
        },
        {
            "turn": 19,
            "player_id": 1,
            "move": [
                7,
                5
            ],
            "color": 1,
            "thinking_time": 2.0356,
            "search_depth": 0
        },
        {
            "turn": 20,
            "player_id": 2,
            "move": [
                10,
                8
            ],
            "color": 2,
            "thinking_time": 0.085
        },
        {
            "turn": 21,
            "player_id": 1,
            "move": [
                5,
                3
            ],
            "color": 1,
            "thinking_time": 0.0155,
            "search_depth": 0
        }
    ]
}