{
    "game_id": "20250905_025033",
    "winner_id": 1,
    "winner_name": "Negamax AI",
    "player_setup": {
        "p1_name": "Negamax AI",
        "p2_name": "Gomocup AI"
    },
    "final_colors": {
        "1": 1,
        "2": 2
    },
    "rules": {
        "banned_moves_enabled": false,
        "swap2_enabled": false
    },
    "move_history": [
        {
            "turn": 1,
            "player_id": 1,
            "move": [
                7,
                7
            ],
            "color": 1,
            "thinking_time": 0.018,
            "search_depth": 0
        },
        {
            "turn": 2,
            "player_id": 2,
            "move": [
                5,
                5
            ],
            "color": 2,
            "thinking_time": 0.0616
        },
        {
            "turn": 3,
            "player_id": 1,
            "move": [
                4,
                6
            ],
            "color": 1,
            "thinking_time": 29.3135,
            "search_depth": 4
        },
        {
            "turn": 4,
            "player_id": 2,
            "move": [
                4,
                5
            ],
            "color": 2,
            "thinking_time": 0.0686
        },
        {
            "turn": 5,
            "player_id": 1,
            "move": [
                6,
                5
            ],
            "color": 1,
            "thinking_time": 29.3152,
            "search_depth": 4
        },
        {
            "turn": 6,
            "player_id": 2,
            "move": [
                3,
                5
            ],
            "color": 2,
            "thinking_time": 0.0771
        },
        {
            "turn": 7,
            "player_id": 1,
            "move": [
                1,
                5
            ],
            "color": 1,
            "thinking_time": 29.3172,
            "search_depth": 4
        },
        {
            "turn": 8,
            "player_id": 2,
            "move": [
                3,
                6
            ],
            "color": 2,
            "thinking_time": 0.0803
        },
        {
            "turn": 9,
            "player_id": 1,
            "move": [
                5,
                4
            ],
            "color": 1,
            "thinking_time": 29.3245,
            "search_depth": 4
        },
        {
            "turn": 10,
            "player_id": 2,
            "move": [
                2,
                7
            ],
            "color": 2,
            "thinking_time": 0.0841
        },
        {
            "turn": 11,
            "player_id": 1,
            "move": [
                3,
                4
            ],
            "color": 1,
            "thinking_time": 29.3186,
            "search_depth": 4
        },
        {
            "turn": 12,
            "player_id": 2,
            "move": [
                1,
                8
            ],
            "color": 2,
            "thinking_time": 0.0667
        },
        {
            "turn": 13,
            "player_id": 1,
            "move": [
                0,
                9
            ],
            "color": 1,
            "thinking_time": 0.0174,
            "search_depth": 0
        },
        {
            "turn": 14,
            "player_id": 2,
            "move": [
                3,
                7
            ],
            "color": 2,
            "thinking_time": 0.088
        },
        {
            "turn": 15,
            "player_id": 1,
            "move": [
                1,
                6
            ],
            "color": 1,
            "thinking_time": 29.3172,
            "search_depth": 3
        },
        {
            "turn": 16,
            "player_id": 2,
            "move": [
                3,
                8
            ],
            "color": 2,
            "thinking_time": 0.0758
        },
        {
            "turn": 17,
            "player_id": 1,
            "move": [
                3,
                9
            ],
            "color": 1,
            "thinking_time": 0.0163,
            "search_depth": 0
        },
        {
            "turn": 18,
            "player_id": 2,
            "move": [
                2,
                8
            ],
            "color": 2,
            "thinking_time": 0.0951
        },
        {
            "turn": 19,
            "player_id": 1,
            "move": [
                4,
                8
            ],
            "color": 1,
            "thinking_time": 0.0284,
            "search_depth": 0
        },
        {
            "turn": 20,
            "player_id": 2,
            "move": [
                1,
                7
            ],
            "color": 2,
            "thinking_time": 0.1012
        },
        {
            "turn": 21,
            "player_id": 1,
            "move": [
                4,
                7
            ],
            "color": 1,
            "thinking_time": 0.0269,
            "search_depth": 0
        },
        {
            "turn": 22,
            "player_id": 2,
            "move": [
                4,
                9
            ],
            "color": 2,
            "thinking_time": 0.1071
        },
        {
            "turn": 23,
            "player_id": 1,
            "move": [
                2,
                6
            ],
            "color": 1,
            "thinking_time": 0.0267,
            "search_depth": 0
        },
        {
            "turn": 24,
            "player_id": 2,
            "move": [
                5,
                10
            ],
            "color": 2,
            "thinking_time": 0.088
        },
        {
            "turn": 25,
            "player_id": 1,
            "move": [
                6,
                11
            ],
            "color": 1,
            "thinking_time": 0.0175,
            "search_depth": 0
        },
        {
            "turn": 26,
            "player_id": 2,
            "move": [
                1,
                9
            ],
            "color": 2,
            "thinking_time": 0.1224
        },
        {
            "turn": 27,
            "player_id": 1,
            "move": [
                4,
                3
            ],
            "color": 1,
            "thinking_time": 0.0303,
            "search_depth": 0
        },
        {
            "turn": 28,
            "player_id": 2,
            "move": [
                1,
                10
            ],
            "color": 2,
            "thinking_time": 0.0931
        },
        {
            "turn": 29,
            "player_id": 1,
            "move": [
                1,
                11
            ],
            "color": 1,
            "thinking_time": 0.0158,
            "search_depth": 0
        },
        {
            "turn": 30,
            "player_id": 2,
            "move": [
                7,
                6
            ],
            "color": 2,
            "thinking_time": 0.1168
        },
        {
            "turn": 31,
            "player_id": 1,
            "move": [
                2,
                5
            ],
            "color": 1,
            "thinking_time": 0.0474,
            "search_depth": 0
        },
        {
            "turn": 32,
            "player_id": 2,
            "move": [
                0,
                7
            ],
            "color": 2,
            "thinking_time": 0.0915
        },
        {
            "turn": 33,
            "player_id": 1,
            "move": [
                5,
                2
            ],
            "color": 1,
            "thinking_time": 0.0171,
            "search_depth": 0
        }
    ]
}