{
    "game_id": "20250905_025233",
    "winner_id": 1,
    "winner_name": "Negamax AI",
    "player_setup": {
        "p1_name": "Negamax AI",
        "p2_name": "Gomocup AI"
    },
    "final_colors": {
        "1": 1,
        "2": 2
    },
    "rules": {
        "banned_moves_enabled": false,
        "swap2_enabled": false
    },
    "move_history": [
        {
            "turn": 1,
            "player_id": 1,
            "move": [
                7,
                7
            ],
            "color": 1,
            "thinking_time": 0.018,
            "search_depth": 0
        },
        {
            "turn": 2,
            "player_id": 2,
            "move": [
                5,
                5
            ],
            "color": 2,
            "thinking_time": 0.061
        },
        {
            "turn": 3,
            "player_id": 1,
            "move": [
                3,
                7
            ],
            "color": 1,
            "thinking_time": 29.3217,
            "search_depth": 4
        },
        {
            "turn": 4,
            "player_id": 2,
            "move": [
                4,
                7
            ],
            "color": 2,
            "thinking_time": 0.0653
        },
        {
            "turn": 5,
            "player_id": 1,
            "move": [
                4,
                8
            ],
            "color": 1,
            "thinking_time": 29.3145,
            "search_depth": 4
        },
        {
            "turn": 6,
            "player_id": 2,
            "move": [
                5,
                9
            ],
            "color": 2,
            "thinking_time": 0.0707
        },
        {
            "turn": 7,
            "player_id": 1,
            "move": [
                1,
                5
            ],
            "color": 1,
            "thinking_time": 29.3231,
            "search_depth": 4
        },
        {
            "turn": 8,
            "player_id": 2,
            "move": [
                2,
                6
            ],
            "color": 2,
            "thinking_time": 0.0696
        },
        {
            "turn": 9,
            "player_id": 1,
            "move": [
                3,
                9
            ],
            "color": 1,
            "thinking_time": 29.3167,
            "search_depth": 3
        },
        {
            "turn": 10,
            "player_id": 2,
            "move": [
                5,
                6
            ],
            "color": 2,
            "thinking_time": 0.0773
        },
        {
            "turn": 11,
            "player_id": 1,
            "move": [
                5,
                7
            ],
            "color": 1,
            "thinking_time": 0.0339,
            "search_depth": 0
        },
        {
            "turn": 12,
            "player_id": 2,
            "move": [
                6,
                6
            ],
            "color": 2,
            "thinking_time": 0.0815
        },
        {
            "turn": 13,
            "player_id": 1,
            "move": [
                3,
                8
            ],
            "color": 1,
            "thinking_time": 0.0254,
            "search_depth": 0
        },
        {
            "turn": 14,
            "player_id": 2,
            "move": [
                4,
                6
            ],
            "color": 2,
            "thinking_time": 0.072
        },
        {
            "turn": 15,
            "player_id": 1,
            "move": [
                3,
                6
            ],
            "color": 1,
            "thinking_time": 0.0167,
            "search_depth": 0
        },
        {
            "turn": 16,
            "player_id": 2,
            "move": [
                3,
                10
            ],
            "color": 2,
            "thinking_time": 0.0649
        },
        {
            "turn": 17,
            "player_id": 1,
            "move": [
                3,
                5
            ],
            "color": 1,
            "thinking_time": 0.0164,
            "search_depth": 0
        }
    ]
}