{
    "game_id": "20250905_002150",
    "winner_id": 1,
    "winner_name": "Negamax AI",
    "player_setup": {
        "p1_name": "Negamax AI",
        "p2_name": "Gomocup AI"
    },
    "final_colors": {
        "1": 1,
        "2": 2
    },
    "rules": {
        "banned_moves_enabled": false,
        "swap2_enabled": false
    },
    "move_history": [
        {
            "turn": 1,
            "player_id": 1,
            "move": [
                7,
                7
            ],
            "color": 1,
            "thinking_time": 0.017,
            "search_depth": 0
        },
        {
            "turn": 2,
            "player_id": 2,
            "move": [
                5,
                5
            ],
            "color": 2,
            "thinking_time": 0.0629
        },
        {
            "turn": 3,
            "player_id": 1,
            "move": [
                3,
                7
            ],
            "color": 1,
            "thinking_time": 29.3199,
            "search_depth": 4
        },
        {
            "turn": 4,
            "player_id": 2,
            "move": [
                4,
                7
            ],
            "color": 2,
            "thinking_time": 0.0746
        },
        {
            "turn": 5,
            "player_id": 1,
            "move": [
                4,
                6
            ],
            "color": 1,
            "thinking_time": 29.3208,
            "search_depth": 4
        },
        {
            "turn": 6,
            "player_id": 2,
            "move": [
                2,
                8
            ],
            "color": 2,
            "thinking_time": 0.0716
        },
        {
            "turn": 7,
            "player_id": 1,
            "move": [
                7,
                9
            ],
            "color": 1,
            "thinking_time": 29.32,
            "search_depth": 3
        },
        {
            "turn": 8,
            "player_id": 2,
            "move": [
                7,
                8
            ],
            "color": 2,
            "thinking_time": 0.0837
        },
        {
            "turn": 9,
            "player_id": 1,
            "move": [
                5,
                6
            ],
            "color": 1,
            "thinking_time": 29.3149,
            "search_depth": 3
        },
        {
            "turn": 10,
            "player_id": 2,
            "move": [
                3,
                6
            ],
            "color": 2,
            "thinking_time": 0.0925
        },
        {
            "turn": 11,
            "player_id": 1,
            "move": [
                3,
                5
            ],
            "color": 1,
            "thinking_time": 29.3228,
            "search_depth": 4
        },
        {
            "turn": 12,
            "player_id": 2,
            "move": [
                5,
                7
            ],
            "color": 2,
            "thinking_time": 0.0855
        },
        {
            "turn": 13,
            "player_id": 1,
            "move": [
                2,
                5
            ],
            "color": 1,
            "thinking_time": 29.3164,
            "search_depth": 3
        },
        {
            "turn": 14,
            "player_id": 2,
            "move": [
                5,
                8
            ],
            "color": 2,
            "thinking_time": 0.088
        },
        {
            "turn": 15,
            "player_id": 1,
            "move": [
                4,
                8
            ],
            "color": 1,
            "thinking_time": 29.3153,
            "search_depth": 4
        },
        {
            "turn": 16,
            "player_id": 2,
            "move": [
                6,
                9
            ],
            "color": 2,
            "thinking_time": 0.0773
        },
        {
            "turn": 17,
            "player_id": 1,
            "move": [
                7,
                10
            ],
            "color": 1,
            "thinking_time": 0.0167,
            "search_depth": 0
        },
        {
            "turn": 18,
            "player_id": 2,
            "move": [
                5,
                10
            ],
            "color": 2,
            "thinking_time": 0.1025
        },
        {
            "turn": 19,
            "player_id": 1,
            "move": [
                8,
                7
            ],
            "color": 1,
            "thinking_time": 0.034,
            "search_depth": 0
        },
        {
            "turn": 20,
            "player_id": 2,
            "move": [
                4,
                11
            ],
            "color": 2,
            "thinking_time": 0.0784
        },
        {
            "turn": 21,
            "player_id": 1,
            "move": [
                3,
                12
            ],
            "color": 1,
            "thinking_time": 0.0169,
            "search_depth": 0
        },
        {
            "turn": 22,
            "player_id": 2,
            "move": [
                5,
                9
            ],
            "color": 2,
            "thinking_time": 0.0949
        },
        {
            "turn": 23,
            "player_id": 1,
            "move": [
                5,
                11
            ],
            "color": 1,
            "thinking_time": 0.017,
            "search_depth": 0
        },
        {
            "turn": 24,
            "player_id": 2,
            "move": [
                4,
                9
            ],
            "color": 2,
            "thinking_time": 0.1085
        },
        {
            "turn": 25,
            "player_id": 1,
            "move": [
                5,
                12
            ],
            "color": 1,
            "thinking_time": 29.3263,
            "search_depth": 3
        },
        {
            "turn": 26,
            "player_id": 2,
            "move": [
                3,
                9
            ],
            "color": 2,
            "thinking_time": 0.09
        },
        {
            "turn": 27,
            "player_id": 1,
            "move": [
                2,
                9
            ],
            "color": 1,
            "thinking_time": 0.0167,
            "search_depth": 0
        },
        {
            "turn": 28,
            "player_id": 2,
            "move": [
                3,
                10
            ],
            "color": 2,
            "thinking_time": 0.1156
        },
        {
            "turn": 29,
            "player_id": 1,
            "move": [
                6,
                7
            ],
            "color": 1,
            "thinking_time": 0.031,
            "search_depth": 0
        },
        {
            "turn": 30,
            "player_id": 2,
            "move": [
                2,
                11
            ],
            "color": 2,
            "thinking_time": 0.0957
        },
        {
            "turn": 31,
            "player_id": 1,
            "move": [
                1,
                12
            ],
            "color": 1,
            "thinking_time": 0.0171,
            "search_depth": 0
        },
        {
            "turn": 32,
            "player_id": 2,
            "move": [
                2,
                12
            ],
            "color": 2,
            "thinking_time": 0.1242
        },
        {
            "turn": 33,
            "player_id": 1,
            "move": [
                4,
                10
            ],
            "color": 1,
            "thinking_time": 0.0294,
            "search_depth": 0
        },
        {
            "turn": 34,
            "player_id": 2,
            "move": [
                9,
                7
            ],
            "color": 2,
            "thinking_time": 0.1231
        },
        {
            "turn": 35,
            "player_id": 1,
            "move": [
                6,
                12
            ],
            "color": 1,
            "thinking_time": 29.3272,
            "search_depth": 5
        },
        {
            "turn": 36,
            "player_id": 2,
            "move": [
                4,
                12
            ],
            "color": 2,
            "thinking_time": 0.1318
        },
        {
            "turn": 37,
            "player_id": 1,
            "move": [
                7,
                13
            ],
            "color": 1,
            "thinking_time": 29.3199,
            "search_depth": 5
        },
        {
            "turn": 38,
            "player_id": 2,
            "move": [
                8,
                14
            ],
            "color": 2,
            "thinking_time": 0.0981
        },
        {
            "turn": 39,
            "player_id": 1,
            "move": [
                7,
                12
            ],
            "color": 1,
            "thinking_time": 29.3167,
            "search_depth": 5
        },
        {
            "turn": 40,
            "player_id": 2,
            "move": [
                7,
                11
            ],
            "color": 2,
            "thinking_time": 0.101
        },
        {
            "turn": 41,
            "player_id": 1,
            "move": [
                2,
                6
            ],
            "color": 1,
            "thinking_time": 29.3278,
            "search_depth": 4
        },
        {
            "turn": 42,
            "player_id": 2,
            "move": [
                8,
                12
            ],
            "color": 2,
            "thinking_time": 0.1441
        },
        {
            "turn": 43,
            "player_id": 1,
            "move": [
                9,
                13
            ],
            "color": 1,
            "thinking_time": 0.0303,
            "search_depth": 0
        },
        {
            "turn": 44,
            "player_id": 2,
            "move": [
                1,
                5
            ],
            "color": 2,
            "thinking_time": 0.1544
        },
        {
            "turn": 45,
            "player_id": 1,
            "move": [
                2,
                13
            ],
            "color": 1,
            "thinking_time": 29.3179,
            "search_depth": 3
        },
        {
            "turn": 46,
            "player_id": 2,
            "move": [
                3,
                11
            ],
            "color": 2,
            "thinking_time": 0.1767
        },
        {
            "turn": 47,
            "player_id": 1,
            "move": [
                1,
                11
            ],
            "color": 1,
            "thinking_time": 29.3266,
            "search_depth": 3
        },
        {
            "turn": 48,
            "player_id": 2,
            "move": [
                2,
                10
            ],
            "color": 2,
            "thinking_time": 0.174
        },
        {
            "turn": 49,
            "player_id": 1,
            "move": [
                1,
                9
            ],
            "color": 1,
            "thinking_time": 0.0329,
            "search_depth": 0
        },
        {
            "turn": 50,
            "player_id": 2,
            "move": [
                5,
                13
            ],
            "color": 2,
            "thinking_time": 0.1337
        },
        {
            "turn": 51,
            "player_id": 1,
            "move": [
                6,
                14
            ],
            "color": 1,
            "thinking_time": 0.0187,
            "search_depth": 0
        },
        {
            "turn": 52,
            "player_id": 2,
            "move": [
                1,
                10
            ],
            "color": 2,
            "thinking_time": 0.1586
        },
        {
            "turn": 53,
            "player_id": 1,
            "move": [
                6,
                10
            ],
            "color": 1,
            "thinking_time": 29.3261,
            "search_depth": 4
        },
        {
            "turn": 54,
            "player_id": 2,
            "move": [
                6,
                11
            ],
            "color": 2,
            "thinking_time": 0.1746
        },
        {
            "turn": 55,
            "player_id": 1,
            "move": [
                2,
                7
            ],
            "color": 1,
            "thinking_time": 29.3268,
            "search_depth": 5
        },
        {
            "turn": 56,
            "player_id": 2,
            "move": [
                2,
                4
            ],
            "color": 2,
            "thinking_time": 0.1847
        },
        {
            "turn": 57,
            "player_id": 1,
            "move": [
                3,
                4
            ],
            "color": 1,
            "thinking_time": 29.3243,
            "search_depth": 4
        },
        {
            "turn": 58,
            "player_id": 2,
            "move": [
                4,
                5
            ],
            "color": 2,
            "thinking_time": 0.1902
        },
        {
            "turn": 59,
            "player_id": 1,
            "move": [
                1,
                7
            ],
            "color": 1,
            "thinking_time": 29.3217,
            "search_depth": 3
        },
        {
            "turn": 60,
            "player_id": 2,
            "move": [
                4,
                4
            ],
            "color": 2,
            "thinking_time": 0.173
        },
        {
            "turn": 61,
            "player_id": 1,
            "move": [
                3,
                3
            ],
            "color": 1,
            "thinking_time": 0.0301,
            "search_depth": 0
        },
        {
            "turn": 62,
            "player_id": 2,
            "move": [
                3,
                2
            ],
            "color": 2,
            "thinking_time": 0.192
        },
        {
            "turn": 63,
            "player_id": 1,
            "move": [
                4,
                3
            ],
            "color": 1,
            "thinking_time": 29.3243,
            "search_depth": 3
        },
        {
            "turn": 64,
            "player_id": 2,
            "move": [
                5,
                2
            ],
            "color": 2,
            "thinking_time": 0.1768
        },
        {
            "turn": 65,
            "player_id": 1,
            "move": [
                1,
                3
            ],
            "color": 1,
            "thinking_time": 29.3264,
            "search_depth": 4
        },
        {
            "turn": 66,
            "player_id": 2,
            "move": [
                1,
                6
            ],
            "color": 2,
            "thinking_time": 0.195
        },
        {
            "turn": 67,
            "player_id": 1,
            "move": [
                2,
                3
            ],
            "color": 1,
            "thinking_time": 0.0526,
            "search_depth": 0
        },
        {
            "turn": 68,
            "player_id": 2,
            "move": [
                0,
                3
            ],
            "color": 2,
            "thinking_time": 0.1442
        },
        {
            "turn": 69,
            "player_id": 1,
            "move": [
                5,
                3
            ],
            "color": 1,
            "thinking_time": 0.017,
            "search_depth": 0
        }
    ]
}