{
    "game_id": "20250905_023227",
    "winner_id": 2,
    "winner_name": "Gomocup AI",
    "player_setup": {
        "p1_name": "Negamax AI",
        "p2_name": "Gomocup AI"
    },
    "final_colors": {
        "1": 1,
        "2": 2
    },
    "rules": {
        "banned_moves_enabled": false,
        "swap2_enabled": false
    },
    "move_history": [
        {
            "turn": 1,
            "player_id": 1,
            "move": [
                7,
                7
            ],
            "color": 1,
            "thinking_time": 0.0176,
            "search_depth": 0
        },
        {
            "turn": 2,
            "player_id": 2,
            "move": [
                5,
                5
            ],
            "color": 2,
            "thinking_time": 0.06
        },
        {
            "turn": 3,
            "player_id": 1,
            "move": [
                3,
                7
            ],
            "color": 1,
            "thinking_time": 29.3143,
            "search_depth": 4
        },
        {
            "turn": 4,
            "player_id": 2,
            "move": [
                4,
                7
            ],
            "color": 2,
            "thinking_time": 0.065
        },
        {
            "turn": 5,
            "player_id": 1,
            "move": [
                4,
                8
            ],
            "color": 1,
            "thinking_time": 29.3183,
            "search_depth": 4
        },
        {
            "turn": 6,
            "player_id": 2,
            "move": [
                5,
                9
            ],
            "color": 2,
            "thinking_time": 0.0721
        },
        {
            "turn": 7,
            "player_id": 1,
            "move": [
                6,
                5
            ],
            "color": 1,
            "thinking_time": 29.315,
            "search_depth": 4
        },
        {
            "turn": 8,
            "player_id": 2,
            "move": [
                5,
                6
            ],
            "color": 2,
            "thinking_time": 0.0725
        },
        {
            "turn": 9,
            "player_id": 1,
            "move": [
                5,
                7
            ],
            "color": 1,
            "thinking_time": 0.0248,
            "search_depth": 0
        },
        {
            "turn": 10,
            "player_id": 2,
            "move": [
                3,
                8
            ],
            "color": 2,
            "thinking_time": 0.0886
        },
        {
            "turn": 11,
            "player_id": 1,
            "move": [
                6,
                6
            ],
            "color": 1,
            "thinking_time": 29.3209,
            "search_depth": 4
        },
        {
            "turn": 12,
            "player_id": 2,
            "move": [
                2,
                9
            ],
            "color": 2,
            "thinking_time": 0.075
        },
        {
            "turn": 13,
            "player_id": 1,
            "move": [
                1,
                10
            ],
            "color": 1,
            "thinking_time": 0.0163,
            "search_depth": 0
        },
        {
            "turn": 14,
            "player_id": 2,
            "move": [
                7,
                5
            ],
            "color": 2,
            "thinking_time": 0.0754
        },
        {
            "turn": 15,
            "player_id": 1,
            "move": [
                6,
                9
            ],
            "color": 1,
            "thinking_time": 29.316,
            "search_depth": 4
        },
        {
            "turn": 16,
            "player_id": 2,
            "move": [
                3,
                9
            ],
            "color": 2,
            "thinking_time": 0.0939
        },
        {
            "turn": 17,
            "player_id": 1,
            "move": [
                6,
                7
            ],
            "color": 1,
            "thinking_time": 0.027,
            "search_depth": 0
        },
        {
            "turn": 18,
            "player_id": 2,
            "move": [
                6,
                8
            ],
            "color": 2,
            "thinking_time": 0.0727
        },
        {
            "turn": 19,
            "player_id": 1,
            "move": [
                8,
                7
            ],
            "color": 1,
            "thinking_time": 29.327,
            "search_depth": 5
        },
        {
            "turn": 20,
            "player_id": 2,
            "move": [
                9,
                7
            ],
            "color": 2,
            "thinking_time": 0.074
        },
        {
            "turn": 21,
            "player_id": 1,
            "move": [
                6,
                4
            ],
            "color": 1,
            "thinking_time": 29.3226,
            "search_depth": 3
        },
        {
            "turn": 22,
            "player_id": 2,
            "move": [
                6,
                3
            ],
            "color": 2,
            "thinking_time": 0.0871
        },
        {
            "turn": 23,
            "player_id": 1,
            "move": [
                5,
                8
            ],
            "color": 1,
            "thinking_time": 29.3172,
            "search_depth": 3
        },
        {
            "turn": 24,
            "player_id": 2,
            "move": [
                4,
                9
            ],
            "color": 2,
            "thinking_time": 0.087
        },
        {
            "turn": 25,
            "player_id": 1,
            "move": [
                1,
                9
            ],
            "color": 1,
            "thinking_time": 0.0167,
            "search_depth": 0
        },
        {
            "turn": 26,
            "player_id": 2,
            "move": [
                4,
                10
            ],
            "color": 2,
            "thinking_time": 0.1101
        },
        {
            "turn": 27,
            "player_id": 1,
            "move": [
                6,
                11
            ],
            "color": 1,
            "thinking_time": 29.3245,
            "search_depth": 3
        },
        {
            "turn": 28,
            "player_id": 2,
            "move": [
                3,
                11
            ],
            "color": 2,
            "thinking_time": 0.0931
        },
        {
            "turn": 29,
            "player_id": 1,
            "move": [
                2,
                12
            ],
            "color": 1,
            "thinking_time": 0.0167,
            "search_depth": 0
        },
        {
            "turn": 30,
            "player_id": 2,
            "move": [
                3,
                10
            ],
            "color": 2,
            "thinking_time": 0.0974
        },
        {
            "turn": 31,
            "player_id": 1,
            "move": [
                3,
                12
            ],
            "color": 1,
            "thinking_time": 0.0183,
            "search_depth": 0
        },
        {
            "turn": 32,
            "player_id": 2,
            "move": [
                2,
                11
            ],
            "color": 2,
            "thinking_time": 0.1245
        },
        {
            "turn": 33,
            "player_id": 1,
            "move": [
                4,
                11
            ],
            "color": 1,
            "thinking_time": 0.0299,
            "search_depth": 0
        },
        {
            "turn": 34,
            "player_id": 2,
            "move": [
                1,
                12
            ],
            "color": 2,
            "thinking_time": 0.1101
        },
        {
            "turn": 35,
            "player_id": 1,
            "move": [
                0,
                13
            ],
            "color": 1,
            "thinking_time": 0.0152,
            "search_depth": 0
        },
        {
            "turn": 36,
            "player_id": 2,
            "move": [
                5,
                10
            ],
            "color": 2,
            "thinking_time": 0.1325
        },
        {
            "turn": 37,
            "player_id": 1,
            "move": [
                6,
                10
            ],
            "color": 1,
            "thinking_time": 0.0313,
            "search_depth": 0
        },
        {
            "turn": 38,
            "player_id": 2,
            "move": [
                2,
                7
            ],
            "color": 2,
            "thinking_time": 0.1103
        },
        {
            "turn": 39,
            "player_id": 1,
            "move": [
                1,
                6
            ],
            "color": 1,
            "thinking_time": 0.0181,
            "search_depth": 0
        },
        {
            "turn": 40,
            "player_id": 2,
            "move": [
                2,
                8
            ],
            "color": 2,
            "thinking_time": 0.1136
        },
        {
            "turn": 41,
            "player_id": 1,
            "move": [
                2,
                10
            ],
            "color": 1,
            "thinking_time": 0.0156,
            "search_depth": 0
        },
        {
            "turn": 42,
            "player_id": 2,
            "move": [
                5,
                11
            ],
            "color": 2,
            "thinking_time": 0.1158
        },
        {
            "turn": 43,
            "player_id": 1,
            "move": [
                1,
                7
            ],
            "color": 1,
            "thinking_time": 0.0165,
            "search_depth": 0
        },
        {
            "turn": 44,
            "player_id": 2,
            "move": [
                6,
                12
            ],
            "color": 2,
            "thinking_time": 0.0977
        }
    ]
}