{
    "game_id": "20250905_005232",
    "winner_id": 1,
    "winner_name": "Negamax AI",
    "player_setup": {
        "p1_name": "Negamax AI",
        "p2_name": "Gomocup AI"
    },
    "final_colors": {
        "1": 1,
        "2": 2
    },
    "rules": {
        "banned_moves_enabled": false,
        "swap2_enabled": false
    },
    "move_history": [
        {
            "turn": 1,
            "player_id": 1,
            "move": [
                7,
                7
            ],
            "color": 1,
            "thinking_time": 0.0182,
            "search_depth": 0
        },
        {
            "turn": 2,
            "player_id": 2,
            "move": [
                5,
                5
            ],
            "color": 2,
            "thinking_time": 0.0615
        },
        {
            "turn": 3,
            "player_id": 1,
            "move": [
                3,
                7
            ],
            "color": 1,
            "thinking_time": 29.3162,
            "search_depth": 4
        },
        {
            "turn": 4,
            "player_id": 2,
            "move": [
                4,
                7
            ],
            "color": 2,
            "thinking_time": 0.0653
        },
        {
            "turn": 5,
            "player_id": 1,
            "move": [
                5,
                7
            ],
            "color": 1,
            "thinking_time": 29.3139,
            "search_depth": 4
        },
        {
            "turn": 6,
            "player_id": 2,
            "move": [
                6,
                7
            ],
            "color": 2,
            "thinking_time": 0.0805
        },
        {
            "turn": 7,
            "player_id": 1,
            "move": [
                6,
                5
            ],
            "color": 1,
            "thinking_time": 29.3137,
            "search_depth": 4
        },
        {
            "turn": 8,
            "player_id": 2,
            "move": [
                3,
                8
            ],
            "color": 2,
            "thinking_time": 0.0874
        },
        {
            "turn": 9,
            "player_id": 1,
            "move": [
                4,
                9
            ],
            "color": 1,
            "thinking_time": 29.3214,
            "search_depth": 4
        },
        {
            "turn": 10,
            "player_id": 2,
            "move": [
                2,
                9
            ],
            "color": 2,
            "thinking_time": 0.0845
        },
        {
            "turn": 11,
            "player_id": 1,
            "move": [
                1,
                10
            ],
            "color": 1,
            "thinking_time": 0.0309,
            "search_depth": 0
        },
        {
            "turn": 12,
            "player_id": 2,
            "move": [
                2,
                10
            ],
            "color": 2,
            "thinking_time": 0.0915
        },
        {
            "turn": 13,
            "player_id": 1,
            "move": [
                6,
                8
            ],
            "color": 1,
            "thinking_time": 29.3239,
            "search_depth": 4
        },
        {
            "turn": 14,
            "player_id": 2,
            "move": [
                2,
                11
            ],
            "color": 2,
            "thinking_time": 0.0938
        },
        {
            "turn": 15,
            "player_id": 1,
            "move": [
                2,
                8
            ],
            "color": 1,
            "thinking_time": 0.0269,
            "search_depth": 0
        },
        {
            "turn": 16,
            "player_id": 2,
            "move": [
                2,
                12
            ],
            "color": 2,
            "thinking_time": 0.0747
        },
        {
            "turn": 17,
            "player_id": 1,
            "move": [
                2,
                13
            ],
            "color": 1,
            "thinking_time": 0.0174,
            "search_depth": 0
        },
        {
            "turn": 18,
            "player_id": 2,
            "move": [
                5,
                9
            ],
            "color": 2,
            "thinking_time": 0.1026
        },
        {
            "turn": 19,
            "player_id": 1,
            "move": [
                1,
                9
            ],
            "color": 1,
            "thinking_time": 29.3213,
            "search_depth": 5
        },
        {
            "turn": 20,
            "player_id": 2,
            "move": [
                4,
                6
            ],
            "color": 2,
            "thinking_time": 0.0947
        },
        {
            "turn": 21,
            "player_id": 1,
            "move": [
                1,
                11
            ],
            "color": 1,
            "thinking_time": 29.3152,
            "search_depth": 4
        },
        {
            "turn": 22,
            "player_id": 2,
            "move": [
                1,
                12
            ],
            "color": 2,
            "thinking_time": 0.0916
        },
        {
            "turn": 23,
            "player_id": 1,
            "move": [
                1,
                7
            ],
            "color": 1,
            "thinking_time": 29.3145,
            "search_depth": 3
        },
        {
            "turn": 24,
            "player_id": 2,
            "move": [
                1,
                8
            ],
            "color": 2,
            "thinking_time": 0.0887
        },
        {
            "turn": 25,
            "player_id": 1,
            "move": [
                4,
                11
            ],
            "color": 1,
            "thinking_time": 29.3138,
            "search_depth": 3
        },
        {
            "turn": 26,
            "player_id": 2,
            "move": [
                1,
                13
            ],
            "color": 2,
            "thinking_time": 0.1195
        },
        {
            "turn": 27,
            "player_id": 1,
            "move": [
                4,
                4
            ],
            "color": 1,
            "thinking_time": 0.0264,
            "search_depth": 0
        },
        {
            "turn": 28,
            "player_id": 2,
            "move": [
                3,
                11
            ],
            "color": 2,
            "thinking_time": 0.0927
        },
        {
            "turn": 29,
            "player_id": 1,
            "move": [
                4,
                10
            ],
            "color": 1,
            "thinking_time": 0.0175,
            "search_depth": 0
        },
        {
            "turn": 30,
            "player_id": 2,
            "move": [
                4,
                12
            ],
            "color": 2,
            "thinking_time": 0.1044
        },
        {
            "turn": 31,
            "player_id": 1,
            "move": [
                3,
                12
            ],
            "color": 1,
            "thinking_time": 0.0305,
            "search_depth": 0
        },
        {
            "turn": 32,
            "player_id": 2,
            "move": [
                5,
                13
            ],
            "color": 2,
            "thinking_time": 0.1002
        },
        {
            "turn": 33,
            "player_id": 1,
            "move": [
                6,
                14
            ],
            "color": 1,
            "thinking_time": 0.0174,
            "search_depth": 0
        },
        {
            "turn": 34,
            "player_id": 2,
            "move": [
                5,
                10
            ],
            "color": 2,
            "thinking_time": 0.1172
        },
        {
            "turn": 35,
            "player_id": 1,
            "move": [
                5,
                11
            ],
            "color": 1,
            "thinking_time": 0.0372,
            "search_depth": 0
        },
        {
            "turn": 36,
            "player_id": 2,
            "move": [
                3,
                9
            ],
            "color": 2,
            "thinking_time": 0.1043
        },
        {
            "turn": 37,
            "player_id": 1,
            "move": [
                6,
                4
            ],
            "color": 1,
            "thinking_time": 29.327,
            "search_depth": 3
        },
        {
            "turn": 38,
            "player_id": 2,
            "move": [
                6,
                11
            ],
            "color": 2,
            "thinking_time": 0.16
        },
        {
            "turn": 39,
            "player_id": 1,
            "move": [
                5,
                3
            ],
            "color": 1,
            "thinking_time": 29.3214,
            "search_depth": 4
        },
        {
            "turn": 40,
            "player_id": 2,
            "move": [
                3,
                5
            ],
            "color": 2,
            "thinking_time": 0.145
        },
        {
            "turn": 41,
            "player_id": 1,
            "move": [
                7,
                8
            ],
            "color": 1,
            "thinking_time": 29.3255,
            "search_depth": 3
        },
        {
            "turn": 42,
            "player_id": 2,
            "move": [
                7,
                12
            ],
            "color": 2,
            "thinking_time": 0.1511
        },
        {
            "turn": 43,
            "player_id": 1,
            "move": [
                7,
                5
            ],
            "color": 1,
            "thinking_time": 0.0306,
            "search_depth": 0
        },
        {
            "turn": 44,
            "player_id": 2,
            "move": [
                8,
                13
            ],
            "color": 2,
            "thinking_time": 0.1162
        },
        {
            "turn": 45,
            "player_id": 1,
            "move": [
                9,
                14
            ],
            "color": 1,
            "thinking_time": 0.0176,
            "search_depth": 0
        },
        {
            "turn": 46,
            "player_id": 2,
            "move": [
                8,
                6
            ],
            "color": 2,
            "thinking_time": 0.1405
        },
        {
            "turn": 47,
            "player_id": 1,
            "move": [
                7,
                6
            ],
            "color": 1,
            "thinking_time": 0.0452,
            "search_depth": 0
        },
        {
            "turn": 48,
            "player_id": 2,
            "move": [
                7,
                9
            ],
            "color": 2,
            "thinking_time": 0.1217
        },
        {
            "turn": 49,
            "player_id": 1,
            "move": [
                7,
                4
            ],
            "color": 1,
            "thinking_time": 0.0167,
            "search_depth": 0
        }
    ]
}