{
    "game_id": "20250905_024402",
    "winner_id": 1,
    "winner_name": "Negamax AI",
    "player_setup": {
        "p1_name": "Negamax AI",
        "p2_name": "Gomocup AI"
    },
    "final_colors": {
        "1": 1,
        "2": 2
    },
    "rules": {
        "banned_moves_enabled": false,
        "swap2_enabled": false
    },
    "move_history": [
        {
            "turn": 1,
            "player_id": 1,
            "move": [
                7,
                7
            ],
            "color": 1,
            "thinking_time": 0.018,
            "search_depth": 0
        },
        {
            "turn": 2,
            "player_id": 2,
            "move": [
                5,
                5
            ],
            "color": 2,
            "thinking_time": 0.062
        },
        {
            "turn": 3,
            "player_id": 1,
            "move": [
                4,
                6
            ],
            "color": 1,
            "thinking_time": 29.3179,
            "search_depth": 4
        },
        {
            "turn": 4,
            "player_id": 2,
            "move": [
                4,
                5
            ],
            "color": 2,
            "thinking_time": 0.0781
        },
        {
            "turn": 5,
            "player_id": 1,
            "move": [
                6,
                5
            ],
            "color": 1,
            "thinking_time": 29.3136,
            "search_depth": 4
        },
        {
            "turn": 6,
            "player_id": 2,
            "move": [
                3,
                5
            ],
            "color": 2,
            "thinking_time": 0.0773
        },
        {
            "turn": 7,
            "player_id": 1,
            "move": [
                1,
                5
            ],
            "color": 1,
            "thinking_time": 29.3224,
            "search_depth": 4
        },
        {
            "turn": 8,
            "player_id": 2,
            "move": [
                3,
                6
            ],
            "color": 2,
            "thinking_time": 0.0799
        },
        {
            "turn": 9,
            "player_id": 1,
            "move": [
                3,
                4
            ],
            "color": 1,
            "thinking_time": 29.3151,
            "search_depth": 4
        },
        {
            "turn": 10,
            "player_id": 2,
            "move": [
                2,
                7
            ],
            "color": 2,
            "thinking_time": 0.0765
        },
        {
            "turn": 11,
            "player_id": 1,
            "move": [
                5,
                4
            ],
            "color": 1,
            "thinking_time": 0.0276,
            "search_depth": 0
        },
        {
            "turn": 12,
            "player_id": 2,
            "move": [
                1,
                8
            ],
            "color": 2,
            "thinking_time": 0.0772
        },
        {
            "turn": 13,
            "player_id": 1,
            "move": [
                0,
                9
            ],
            "color": 1,
            "thinking_time": 0.0153,
            "search_depth": 0
        },
        {
            "turn": 14,
            "player_id": 2,
            "move": [
                3,
                7
            ],
            "color": 2,
            "thinking_time": 0.0973
        },
        {
            "turn": 15,
            "player_id": 1,
            "move": [
                3,
                9
            ],
            "color": 1,
            "thinking_time": 29.3193,
            "search_depth": 4
        },
        {
            "turn": 16,
            "player_id": 2,
            "move": [
                1,
                7
            ],
            "color": 2,
            "thinking_time": 0.0981
        },
        {
            "turn": 17,
            "player_id": 1,
            "move": [
                4,
                7
            ],
            "color": 1,
            "thinking_time": 0.0351,
            "search_depth": 0
        },
        {
            "turn": 18,
            "player_id": 2,
            "move": [
                2,
                6
            ],
            "color": 2,
            "thinking_time": 0.1042
        },
        {
            "turn": 19,
            "player_id": 1,
            "move": [
                4,
                4
            ],
            "color": 1,
            "thinking_time": 0.0274,
            "search_depth": 0
        },
        {
            "turn": 20,
            "player_id": 2,
            "move": [
                6,
                4
            ],
            "color": 2,
            "thinking_time": 0.0885
        },
        {
            "turn": 21,
            "player_id": 1,
            "move": [
                5,
                7
            ],
            "color": 1,
            "thinking_time": 29.318,
            "search_depth": 5
        },
        {
            "turn": 22,
            "player_id": 2,
            "move": [
                6,
                7
            ],
            "color": 2,
            "thinking_time": 0.0991
        },
        {
            "turn": 23,
            "player_id": 1,
            "move": [
                2,
                5
            ],
            "color": 1,
            "thinking_time": 29.3149,
            "search_depth": 5
        },
        {
            "turn": 24,
            "player_id": 2,
            "move": [
                2,
                4
            ],
            "color": 2,
            "thinking_time": 0.1132
        },
        {
            "turn": 25,
            "player_id": 1,
            "move": [
                4,
                3
            ],
            "color": 1,
            "thinking_time": 0.0455,
            "search_depth": 0
        },
        {
            "turn": 26,
            "player_id": 2,
            "move": [
                5,
                2
            ],
            "color": 2,
            "thinking_time": 0.1
        },
        {
            "turn": 27,
            "player_id": 1,
            "move": [
                7,
                6
            ],
            "color": 1,
            "thinking_time": 0.0395,
            "search_depth": 0
        },
        {
            "turn": 28,
            "player_id": 2,
            "move": [
                8,
                7
            ],
            "color": 2,
            "thinking_time": 0.0961
        },
        {
            "turn": 29,
            "player_id": 1,
            "move": [
                3,
                2
            ],
            "color": 1,
            "thinking_time": 0.0146,
            "search_depth": 0
        }
    ]
}