{
    "game_id": "20250905_003227",
    "winner_id": 1,
    "winner_name": "Negamax AI",
    "player_setup": {
        "p1_name": "Negamax AI",
        "p2_name": "Gomocup AI"
    },
    "final_colors": {
        "1": 1,
        "2": 2
    },
    "rules": {
        "banned_moves_enabled": false,
        "swap2_enabled": false
    },
    "move_history": [
        {
            "turn": 1,
            "player_id": 1,
            "move": [
                7,
                7
            ],
            "color": 1,
            "thinking_time": 0.0165,
            "search_depth": 0
        },
        {
            "turn": 2,
            "player_id": 2,
            "move": [
                5,
                5
            ],
            "color": 2,
            "thinking_time": 0.0614
        },
        {
            "turn": 3,
            "player_id": 1,
            "move": [
                7,
                5
            ],
            "color": 1,
            "thinking_time": 29.323,
            "search_depth": 4
        },
        {
            "turn": 4,
            "player_id": 2,
            "move": [
                7,
                6
            ],
            "color": 2,
            "thinking_time": 0.0744
        },
        {
            "turn": 5,
            "player_id": 1,
            "move": [
                5,
                6
            ],
            "color": 1,
            "thinking_time": 29.3198,
            "search_depth": 4
        },
        {
            "turn": 6,
            "player_id": 2,
            "move": [
                6,
                7
            ],
            "color": 2,
            "thinking_time": 0.0729
        },
        {
            "turn": 7,
            "player_id": 1,
            "move": [
                6,
                6
            ],
            "color": 1,
            "thinking_time": 29.3174,
            "search_depth": 4
        },
        {
            "turn": 8,
            "player_id": 2,
            "move": [
                5,
                8
            ],
            "color": 2,
            "thinking_time": 0.0713
        },
        {
            "turn": 9,
            "player_id": 1,
            "move": [
                8,
                5
            ],
            "color": 1,
            "thinking_time": 0.0287,
            "search_depth": 0
        },
        {
            "turn": 10,
            "player_id": 2,
            "move": [
                4,
                9
            ],
            "color": 2,
            "thinking_time": 0.0648
        },
        {
            "turn": 11,
            "player_id": 1,
            "move": [
                3,
                10
            ],
            "color": 1,
            "thinking_time": 0.0159,
            "search_depth": 0
        },
        {
            "turn": 12,
            "player_id": 2,
            "move": [
                5,
                7
            ],
            "color": 2,
            "thinking_time": 0.0854
        },
        {
            "turn": 13,
            "player_id": 1,
            "move": [
                4,
                6
            ],
            "color": 1,
            "thinking_time": 29.323,
            "search_depth": 4
        },
        {
            "turn": 14,
            "player_id": 2,
            "move": [
                3,
                6
            ],
            "color": 2,
            "thinking_time": 0.082
        },
        {
            "turn": 15,
            "player_id": 1,
            "move": [
                6,
                5
            ],
            "color": 1,
            "thinking_time": 29.3172,
            "search_depth": 4
        },
        {
            "turn": 16,
            "player_id": 2,
            "move": [
                9,
                5
            ],
            "color": 2,
            "thinking_time": 0.087
        },
        {
            "turn": 17,
            "player_id": 1,
            "move": [
                6,
                9
            ],
            "color": 1,
            "thinking_time": 29.3211,
            "search_depth": 3
        },
        {
            "turn": 18,
            "player_id": 2,
            "move": [
                4,
                7
            ],
            "color": 2,
            "thinking_time": 0.0977
        },
        {
            "turn": 19,
            "player_id": 1,
            "move": [
                6,
                4
            ],
            "color": 1,
            "thinking_time": 29.318,
            "search_depth": 3
        },
        {
            "turn": 20,
            "player_id": 2,
            "move": [
                3,
                7
            ],
            "color": 2,
            "thinking_time": 0.0801
        },
        {
            "turn": 21,
            "player_id": 1,
            "move": [
                2,
                7
            ],
            "color": 1,
            "thinking_time": 0.016,
            "search_depth": 0
        },
        {
            "turn": 22,
            "player_id": 2,
            "move": [
                2,
                5
            ],
            "color": 2,
            "thinking_time": 0.095
        },
        {
            "turn": 23,
            "player_id": 1,
            "move": [
                1,
                4
            ],
            "color": 1,
            "thinking_time": 0.017,
            "search_depth": 0
        },
        {
            "turn": 24,
            "player_id": 2,
            "move": [
                6,
                3
            ],
            "color": 2,
            "thinking_time": 0.1046
        },
        {
            "turn": 25,
            "player_id": 1,
            "move": [
                3,
                8
            ],
            "color": 1,
            "thinking_time": 29.3139,
            "search_depth": 3
        },
        {
            "turn": 26,
            "player_id": 2,
            "move": [
                4,
                8
            ],
            "color": 2,
            "thinking_time": 0.115
        },
        {
            "turn": 27,
            "player_id": 1,
            "move": [
                4,
                10
            ],
            "color": 1,
            "thinking_time": 29.3258,
            "search_depth": 3
        },
        {
            "turn": 28,
            "player_id": 2,
            "move": [
                3,
                9
            ],
            "color": 2,
            "thinking_time": 0.1239
        },
        {
            "turn": 29,
            "player_id": 1,
            "move": [
                1,
                11
            ],
            "color": 1,
            "thinking_time": 29.3141,
            "search_depth": 3
        },
        {
            "turn": 30,
            "player_id": 2,
            "move": [
                2,
                9
            ],
            "color": 2,
            "thinking_time": 0.1241
        },
        {
            "turn": 31,
            "player_id": 1,
            "move": [
                1,
                9
            ],
            "color": 1,
            "thinking_time": 0.036,
            "search_depth": 0
        },
        {
            "turn": 32,
            "player_id": 2,
            "move": [
                6,
                8
            ],
            "color": 2,
            "thinking_time": 0.1391
        },
        {
            "turn": 33,
            "player_id": 1,
            "move": [
                1,
                10
            ],
            "color": 1,
            "thinking_time": 0.0525,
            "search_depth": 0
        },
        {
            "turn": 34,
            "player_id": 2,
            "move": [
                7,
                8
            ],
            "color": 2,
            "thinking_time": 0.1125
        },
        {
            "turn": 35,
            "player_id": 1,
            "move": [
                8,
                8
            ],
            "color": 1,
            "thinking_time": 0.018,
            "search_depth": 0
        },
        {
            "turn": 36,
            "player_id": 2,
            "move": [
                1,
                12
            ],
            "color": 2,
            "thinking_time": 0.1172
        },
        {
            "turn": 37,
            "player_id": 1,
            "move": [
                2,
                10
            ],
            "color": 1,
            "thinking_time": 0.0551,
            "search_depth": 0
        },
        {
            "turn": 38,
            "player_id": 2,
            "move": [
                0,
                10
            ],
            "color": 2,
            "thinking_time": 0.1061
        },
        {
            "turn": 39,
            "player_id": 1,
            "move": [
                5,
                10
            ],
            "color": 1,
            "thinking_time": 0.0171,
            "search_depth": 0
        }
    ]
}