{
    "game_id": "20250905_005932",
    "winner_id": 1,
    "winner_name": "Negamax AI",
    "player_setup": {
        "p1_name": "Negamax AI",
        "p2_name": "Gomocup AI"
    },
    "final_colors": {
        "1": 1,
        "2": 2
    },
    "rules": {
        "banned_moves_enabled": false,
        "swap2_enabled": false
    },
    "move_history": [
        {
            "turn": 1,
            "player_id": 1,
            "move": [
                7,
                7
            ],
            "color": 1,
            "thinking_time": 0.0206,
            "search_depth": 0
        },
        {
            "turn": 2,
            "player_id": 2,
            "move": [
                5,
                5
            ],
            "color": 2,
            "thinking_time": 0.0616
        },
        {
            "turn": 3,
            "player_id": 1,
            "move": [
                5,
                7
            ],
            "color": 1,
            "thinking_time": 29.3212,
            "search_depth": 4
        },
        {
            "turn": 4,
            "player_id": 2,
            "move": [
                6,
                7
            ],
            "color": 2,
            "thinking_time": 0.0633
        },
        {
            "turn": 5,
            "player_id": 1,
            "move": [
                6,
                5
            ],
            "color": 1,
            "thinking_time": 29.3156,
            "search_depth": 4
        },
        {
            "turn": 6,
            "player_id": 2,
            "move": [
                5,
                8
            ],
            "color": 2,
            "thinking_time": 0.0735
        },
        {
            "turn": 7,
            "player_id": 1,
            "move": [
                4,
                9
            ],
            "color": 1,
            "thinking_time": 29.3199,
            "search_depth": 4
        },
        {
            "turn": 8,
            "player_id": 2,
            "move": [
                7,
                6
            ],
            "color": 2,
            "thinking_time": 0.0741
        },
        {
            "turn": 9,
            "player_id": 1,
            "move": [
                8,
                6
            ],
            "color": 1,
            "thinking_time": 29.3227,
            "search_depth": 4
        },
        {
            "turn": 10,
            "player_id": 2,
            "move": [
                8,
                5
            ],
            "color": 2,
            "thinking_time": 0.0645
        },
        {
            "turn": 11,
            "player_id": 1,
            "move": [
                9,
                4
            ],
            "color": 1,
            "thinking_time": 0.0161,
            "search_depth": 0
        },
        {
            "turn": 12,
            "player_id": 2,
            "move": [
                6,
                8
            ],
            "color": 2,
            "thinking_time": 0.0861
        },
        {
            "turn": 13,
            "player_id": 1,
            "move": [
                7,
                8
            ],
            "color": 1,
            "thinking_time": 29.3218,
            "search_depth": 4
        },
        {
            "turn": 14,
            "player_id": 2,
            "move": [
                4,
                8
            ],
            "color": 2,
            "thinking_time": 0.0953
        },
        {
            "turn": 15,
            "player_id": 1,
            "move": [
                3,
                8
            ],
            "color": 1,
            "thinking_time": 29.323,
            "search_depth": 4
        },
        {
            "turn": 16,
            "player_id": 2,
            "move": [
                6,
                9
            ],
            "color": 2,
            "thinking_time": 0.0926
        },
        {
            "turn": 17,
            "player_id": 1,
            "move": [
                6,
                10
            ],
            "color": 1,
            "thinking_time": 0.0265,
            "search_depth": 0
        },
        {
            "turn": 18,
            "player_id": 2,
            "move": [
                7,
                10
            ],
            "color": 2,
            "thinking_time": 0.0958
        },
        {
            "turn": 19,
            "player_id": 1,
            "move": [
                4,
                7
            ],
            "color": 1,
            "thinking_time": 0.0375,
            "search_depth": 0
        },
        {
            "turn": 20,
            "player_id": 2,
            "move": [
                8,
                11
            ],
            "color": 2,
            "thinking_time": 0.0892
        },
        {
            "turn": 21,
            "player_id": 1,
            "move": [
                9,
                12
            ],
            "color": 1,
            "thinking_time": 0.0164,
            "search_depth": 0
        },
        {
            "turn": 22,
            "player_id": 2,
            "move": [
                5,
                6
            ],
            "color": 2,
            "thinking_time": 0.0997
        },
        {
            "turn": 23,
            "player_id": 1,
            "move": [
                3,
                7
            ],
            "color": 1,
            "thinking_time": 29.3301,
            "search_depth": 4
        },
        {
            "turn": 24,
            "player_id": 2,
            "move": [
                2,
                7
            ],
            "color": 2,
            "thinking_time": 0.1042
        },
        {
            "turn": 25,
            "player_id": 1,
            "move": [
                8,
                8
            ],
            "color": 1,
            "thinking_time": 29.3139,
            "search_depth": 3
        },
        {
            "turn": 26,
            "player_id": 2,
            "move": [
                6,
                6
            ],
            "color": 2,
            "thinking_time": 0.1153
        },
        {
            "turn": 27,
            "player_id": 1,
            "move": [
                4,
                6
            ],
            "color": 1,
            "thinking_time": 29.3265,
            "search_depth": 3
        },
        {
            "turn": 28,
            "player_id": 2,
            "move": [
                4,
                5
            ],
            "color": 2,
            "thinking_time": 0.1322
        },
        {
            "turn": 29,
            "player_id": 1,
            "move": [
                3,
                4
            ],
            "color": 1,
            "thinking_time": 29.3201,
            "search_depth": 4
        },
        {
            "turn": 30,
            "player_id": 2,
            "move": [
                3,
                6
            ],
            "color": 2,
            "thinking_time": 0.1288
        },
        {
            "turn": 31,
            "player_id": 1,
            "move": [
                5,
                4
            ],
            "color": 1,
            "thinking_time": 0.0405,
            "search_depth": 0
        },
        {
            "turn": 32,
            "player_id": 2,
            "move": [
                1,
                8
            ],
            "color": 2,
            "thinking_time": 0.0998
        },
        {
            "turn": 33,
            "player_id": 1,
            "move": [
                0,
                9
            ],
            "color": 1,
            "thinking_time": 0.0186,
            "search_depth": 0
        },
        {
            "turn": 34,
            "player_id": 2,
            "move": [
                3,
                5
            ],
            "color": 2,
            "thinking_time": 0.1345
        },
        {
            "turn": 35,
            "player_id": 1,
            "move": [
                1,
                5
            ],
            "color": 1,
            "thinking_time": 29.3112,
            "search_depth": 3
        },
        {
            "turn": 36,
            "player_id": 2,
            "move": [
                4,
                4
            ],
            "color": 2,
            "thinking_time": 0.1517
        },
        {
            "turn": 37,
            "player_id": 1,
            "move": [
                2,
                6
            ],
            "color": 1,
            "thinking_time": 29.3303,
            "search_depth": 3
        },
        {
            "turn": 38,
            "player_id": 2,
            "move": [
                3,
                3
            ],
            "color": 2,
            "thinking_time": 0.1231
        },
        {
            "turn": 39,
            "player_id": 1,
            "move": [
                2,
                2
            ],
            "color": 1,
            "thinking_time": 0.0185,
            "search_depth": 0
        },
        {
            "turn": 40,
            "player_id": 2,
            "move": [
                5,
                3
            ],
            "color": 2,
            "thinking_time": 0.15
        },
        {
            "turn": 41,
            "player_id": 1,
            "move": [
                4,
                3
            ],
            "color": 1,
            "thinking_time": 29.3276,
            "search_depth": 5
        },
        {
            "turn": 42,
            "player_id": 2,
            "move": [
                6,
                2
            ],
            "color": 2,
            "thinking_time": 0.1189
        },
        {
            "turn": 43,
            "player_id": 1,
            "move": [
                7,
                1
            ],
            "color": 1,
            "thinking_time": 0.0186,
            "search_depth": 0
        },
        {
            "turn": 44,
            "player_id": 2,
            "move": [
                3,
                2
            ],
            "color": 2,
            "thinking_time": 0.1595
        },
        {
            "turn": 45,
            "player_id": 1,
            "move": [
                9,
                5
            ],
            "color": 1,
            "thinking_time": 29.3249,
            "search_depth": 4
        },
        {
            "turn": 46,
            "player_id": 2,
            "move": [
                10,
                4
            ],
            "color": 2,
            "thinking_time": 0.1501
        },
        {
            "turn": 47,
            "player_id": 1,
            "move": [
                9,
                7
            ],
            "color": 1,
            "thinking_time": 0.0374,
            "search_depth": 0
        },
        {
            "turn": 48,
            "player_id": 2,
            "move": [
                7,
                9
            ],
            "color": 2,
            "thinking_time": 0.1605
        },
        {
            "turn": 49,
            "player_id": 1,
            "move": [
                9,
                6
            ],
            "color": 1,
            "thinking_time": 0.0522,
            "search_depth": 0
        },
        {
            "turn": 50,
            "player_id": 2,
            "move": [
                9,
                8
            ],
            "color": 2,
            "thinking_time": 0.119
        },
        {
            "turn": 51,
            "player_id": 1,
            "move": [
                9,
                3
            ],
            "color": 1,
            "thinking_time": 0.0157,
            "search_depth": 0
        }
    ]
}