{
    "game_id": "20250905_012137",
    "winner_id": 2,
    "winner_name": "Gomocup AI",
    "player_setup": {
        "p1_name": "Negamax AI",
        "p2_name": "Gomocup AI"
    },
    "final_colors": {
        "1": 1,
        "2": 2
    },
    "rules": {
        "banned_moves_enabled": false,
        "swap2_enabled": false
    },
    "move_history": [
        {
            "turn": 1,
            "player_id": 1,
            "move": [
                7,
                7
            ],
            "color": 1,
            "thinking_time": 0.0173,
            "search_depth": 0
        },
        {
            "turn": 2,
            "player_id": 2,
            "move": [
                5,
                5
            ],
            "color": 2,
            "thinking_time": 0.0635
        },
        {
            "turn": 3,
            "player_id": 1,
            "move": [
                5,
                7
            ],
            "color": 1,
            "thinking_time": 29.319,
            "search_depth": 4
        },
        {
            "turn": 4,
            "player_id": 2,
            "move": [
                6,
                7
            ],
            "color": 2,
            "thinking_time": 0.0752
        },
        {
            "turn": 5,
            "player_id": 1,
            "move": [
                4,
                5
            ],
            "color": 1,
            "thinking_time": 29.3186,
            "search_depth": 4
        },
        {
            "turn": 6,
            "player_id": 2,
            "move": [
                5,
                8
            ],
            "color": 2,
            "thinking_time": 0.0739
        },
        {
            "turn": 7,
            "player_id": 1,
            "move": [
                2,
                7
            ],
            "color": 1,
            "thinking_time": 29.3186,
            "search_depth": 4
        },
        {
            "turn": 8,
            "player_id": 2,
            "move": [
                4,
                9
            ],
            "color": 2,
            "thinking_time": 0.0705
        },
        {
            "turn": 9,
            "player_id": 1,
            "move": [
                7,
                6
            ],
            "color": 1,
            "thinking_time": 0.0251,
            "search_depth": 0
        },
        {
            "turn": 10,
            "player_id": 2,
            "move": [
                3,
                10
            ],
            "color": 2,
            "thinking_time": 0.0641
        },
        {
            "turn": 11,
            "player_id": 1,
            "move": [
                2,
                11
            ],
            "color": 1,
            "thinking_time": 0.0162,
            "search_depth": 0
        },
        {
            "turn": 12,
            "player_id": 2,
            "move": [
                3,
                6
            ],
            "color": 2,
            "thinking_time": 0.086
        },
        {
            "turn": 13,
            "player_id": 1,
            "move": [
                6,
                9
            ],
            "color": 1,
            "thinking_time": 29.3146,
            "search_depth": 4
        },
        {
            "turn": 14,
            "player_id": 2,
            "move": [
                3,
                7
            ],
            "color": 2,
            "thinking_time": 0.0958
        },
        {
            "turn": 15,
            "player_id": 1,
            "move": [
                3,
                8
            ],
            "color": 1,
            "thinking_time": 0.0268,
            "search_depth": 0
        },
        {
            "turn": 16,
            "player_id": 2,
            "move": [
                4,
                6
            ],
            "color": 2,
            "thinking_time": 0.0992
        },
        {
            "turn": 17,
            "player_id": 1,
            "move": [
                2,
                8
            ],
            "color": 1,
            "thinking_time": 0.0296,
            "search_depth": 0
        },
        {
            "turn": 18,
            "player_id": 2,
            "move": [
                6,
                4
            ],
            "color": 2,
            "thinking_time": 0.0866
        },
        {
            "turn": 19,
            "player_id": 1,
            "move": [
                7,
                3
            ],
            "color": 1,
            "thinking_time": 0.0165,
            "search_depth": 0
        },
        {
            "turn": 20,
            "player_id": 2,
            "move": [
                2,
                9
            ],
            "color": 2,
            "thinking_time": 0.1091
        },
        {
            "turn": 21,
            "player_id": 1,
            "move": [
                7,
                5
            ],
            "color": 1,
            "thinking_time": 0.4807,
            "search_depth": 0
        },
        {
            "turn": 22,
            "player_id": 2,
            "move": [
                7,
                4
            ],
            "color": 2,
            "thinking_time": 0.0792
        },
        {
            "turn": 23,
            "player_id": 1,
            "move": [
                7,
                8
            ],
            "color": 1,
            "thinking_time": 29.3263,
            "search_depth": 3
        },
        {
            "turn": 24,
            "player_id": 2,
            "move": [
                7,
                9
            ],
            "color": 2,
            "thinking_time": 0.091
        },
        {
            "turn": 25,
            "player_id": 1,
            "move": [
                6,
                5
            ],
            "color": 1,
            "thinking_time": 29.3169,
            "search_depth": 3
        },
        {
            "turn": 26,
            "player_id": 2,
            "move": [
                3,
                9
            ],
            "color": 2,
            "thinking_time": 0.1206
        },
        {
            "turn": 27,
            "player_id": 1,
            "move": [
                8,
                7
            ],
            "color": 1,
            "thinking_time": 0.6176,
            "search_depth": 0
        },
        {
            "turn": 28,
            "player_id": 2,
            "move": [
                1,
                9
            ],
            "color": 2,
            "thinking_time": 0.0969
        },
        {
            "turn": 29,
            "player_id": 1,
            "move": [
                0,
                9
            ],
            "color": 1,
            "thinking_time": 0.0178,
            "search_depth": 0
        },
        {
            "turn": 30,
            "player_id": 2,
            "move": [
                5,
                9
            ],
            "color": 2,
            "thinking_time": 0.0744
        }
    ]
}